assists,causedTurnovers,clearAttempts,clearPct,clears,faceoffPct,faceoffs,faceoffsLost,faceoffsWon,goals,goalsAgainst,groundBalls,manDownPct,numPenalties,onePointGoals,pim,powerPlayPct,powerPlayGoals,powerPlayShots,powerPlayGoalsAgainst,powerPlayGoalsAgainstPct,rideAttempts,savePct,cleanSaves,messySaves,cleanSavePct,saves,scores,scoresAgainst,shotClockExpirations,shotPct,shots,shotsOnGoal,shotsOnGoalPct,timesManUp,timesShortHanded,turnovers,twoPointGoalsAgainst,twoPointShots,twoPointShotPct,twoPointShotsOnGoal,twoPointShotsOnGoalPct,twoPointGoals,touches,totalPasses,timeInPossesion,timeInPossesionPct,totalPossessions,officialId,game_id,game_slug
4,4,32,1.0,32,0.88462,26,2,23,11,11,40,0.6,5,10,4.0,0.0,0,1,2,0.4,33,0.67647,6,17,0.2608695652173913,23,12,11,4,0.31429,35,20,0.57143,2,5,25,0,7,0.14286,5,0.71429,1,274,214,1312,0.45556,0,ARC,243,2024_game_1
6,12,33,1.0,33,0.07692,26,23,2,11,11,25,1.0,3,11,2.0,0.4,2,7,0,0.0,32,0.45,4,5,0.4444444444444444,9,11,12,0,0.21569,51,36,0.70588,5,2,8,1,4,0.0,2,0.5,0,296,237,1410,0.48958,0,WAT,243,2024_game_1
6,6,31,1.0,31,0.21212,33,25,7,11,18,33,0.4,6,10,5.0,0.0,0,1,3,0.6,35,0.41935,4,9,0.3076923076923077,13,12,19,1,0.28205,39,27,0.69231,1,5,9,1,9,0.11111,4,0.44444,1,226,178,1319,0.45799,0,CAN,244,2024_game_2
14,3,35,0.97143,34,0.75758,33,7,25,18,11,44,1.0,2,17,1.5,0.6,3,6,0,0.0,31,0.54167,8,5,0.6153846153846154,13,19,12,4,0.34615,52,34,0.65385,5,1,18,1,3,0.33333,2,0.66667,1,347,277,1346,0.46736,0,ATL,244,2024_game_2
7,3,34,1.0,34,0.35714,28,18,10,14,10,33,0.66667,3,12,2.0,1.0,1,1,1,0.33333,31,0.61538,5,11,0.3125,16,16,11,3,0.53846,26,21,0.80769,1,3,22,1,3,0.66667,3,1.0,2,255,207,1232,0.42778,0,CHA,245,2024_game_3
6,9,31,1.0,31,0.64286,28,10,18,10,14,36,0.0,1,9,0.5,0.33333,1,4,1,1.0,34,0.26316,1,4,0.2,5,11,16,5,0.21277,47,27,0.57447,3,1,17,2,6,0.16667,3,0.5,1,306,242,1466,0.50903,0,OUT,245,2024_game_3
7,4,31,1.0,31,0.33333,30,20,10,10,16,22,0.0,0,7,0.0,0.0,0,1,0,0.0,35,0.36,3,6,0.3333333333333333,9,13,17,5,0.26316,38,26,0.68421,1,0,14,1,7,0.42857,5,0.71429,3,223,171,1351,0.4691,0,WHP,246,2024_game_4
9,3,35,1.0,35,0.66667,30,10,20,16,10,33,1.0,1,15,0.5,0.0,0,0,0,0.0,31,0.58333,6,8,0.42857142857142855,14,17,13,7,0.45714,35,27,0.77143,0,1,16,3,6,0.16667,4,0.66667,1,275,224,1241,0.4309,0,ATL,246,2024_game_4
6,5,26,1.0,26,0.65385,26,9,17,10,12,29,0.0,1,9,1.0,0.0,0,0,1,1.0,32,0.5,7,5,0.5833333333333334,12,11,12,5,0.22222,45,27,0.6,2,1,19,0,8,0.125,4,0.5,1,296,232,1408,0.48889,0,RED,247,2024_game_5
5,6,32,0.96875,31,0.34615,26,17,9,12,10,25,1.0,2,12,1.5,1.0,1,1,0,0.0,26,0.61538,7,9,0.4375,16,12,11,5,0.36364,33,26,0.78788,1,2,19,1,4,0.0,3,0.75,0,220,168,1295,0.44965,0,CHA,247,2024_game_5
9,6,35,1.0,35,0.37838,37,23,14,16,17,36,0.0,2,15,1.5,1.0,1,2,2,1.0,34,0.43333,7,6,0.5384615384615384,13,17,18,7,0.35556,45,31,0.68889,1,2,19,1,4,0.25,1,0.25,1,244,180,1319,0.4186,0,ARC,248,2024_game_6
8,4,34,0.97059,33,0.62162,37,14,23,17,16,34,0.0,1,16,0.5,1.0,2,3,1,1.0,35,0.48387,4,11,0.26666666666666666,15,18,17,3,0.30357,56,34,0.60714,2,1,15,1,11,0.09091,6,0.54545,1,303,232,1552,0.49254,0,OUT,248,2024_game_6
6,10,35,1.0,35,0.74074,27,7,20,13,10,47,0.625,9,11,6.5,0.33333,1,1,3,0.375,27,0.44444,1,7,0.125,8,15,12,7,0.26531,49,29,0.59184,3,8,19,2,7,0.28571,4,0.57143,2,296,228,1587,0.55104,0,ATL,250,2024_game_8
5,7,27,1.0,27,0.25926,27,20,7,10,13,18,0.66667,6,8,4.0,0.375,3,7,1,0.33333,35,0.5,4,9,0.3076923076923077,13,12,15,2,0.33333,30,20,0.66667,8,3,15,2,5,0.4,4,0.8,2,216,171,1111,0.38576,0,CHA,250,2024_game_8
3,9,29,0.96552,28,0.56,25,11,14,9,12,31,0.0,0,9,0.0,0.0,0,2,0,0.0,26,0.53846,2,12,0.14285714285714285,14,9,13,1,0.25,36,23,0.63889,2,0,17,1,4,0.0,2,0.5,0,230,177,1306,0.45347,0,WHP,249,2024_game_7
8,8,26,1.0,26,0.44,25,14,11,12,9,36,1.0,2,11,1.0,0.0,0,0,0,0.0,29,0.6087,6,8,0.42857142857142855,14,13,9,2,0.23529,51,28,0.54902,0,2,15,0,9,0.11111,5,0.55556,1,304,238,1381,0.47951,0,CAN,249,2024_game_7
2,4,30,1.0,30,0.75,24,6,18,10,11,38,0.33333,4,8,3.5,0.25,1,1,2,0.66667,31,0.57692,5,10,0.3333333333333333,15,12,11,5,0.25,40,28,0.7,4,3,24,0,5,0.4,3,0.6,2,244,180,1530,0.53033,0,CAN,251,2024_game_9
7,10,31,1.0,31,0.25,24,18,6,11,10,21,0.75,3,11,2.0,0.66667,2,4,1,0.25,30,0.56522,2,11,0.15384615384615385,13,11,12,1,0.275,40,27,0.675,3,4,14,2,3,0.0,0,0.0,0,291,237,1195,0.41421,0,WAT,251,2024_game_9
5,5,28,0.96429,27,0.4,20,12,8,9,7,21,1.0,3,9,2.0,0.33333,1,3,0,0.0,29,0.72,6,12,0.3333333333333333,18,9,7,1,0.225,40,20,0.5,3,1,17,0,4,0.0,0,0.0,0,245,188,1413,0.49062,0,ARC,252,2024_game_10
3,9,29,0.96552,28,0.6,20,8,12,7,9,30,0.66667,3,7,2.5,0.0,0,1,1,0.33333,28,0.55,5,6,0.45454545454545453,11,7,9,4,0.17949,39,27,0.69231,1,3,17,0,3,0.0,2,0.66667,0,247,191,1303,0.45243,0,CHA,252,2024_game_10
9,9,33,0.9697,32,0.67568,37,12,25,14,19,31,0.5,3,13,2.5,0.5,2,5,1,0.5,33,0.42424,3,11,0.21428571428571427,14,15,20,3,0.31818,44,31,0.70455,4,2,20,1,6,0.16667,5,0.83333,1,233,169,1251,0.43438,0,RED,253,2024_game_11
13,10,33,0.9697,32,0.32432,37,25,12,19,14,33,0.5,6,18,3.5,0.5,1,1,2,0.5,33,0.53333,6,10,0.375,16,20,15,2,0.42222,45,34,0.75556,2,4,15,1,8,0.125,7,0.875,1,246,186,1287,0.44688,0,ATL,253,2024_game_11
7,7,48,1.0,48,1.0,31,0,31,13,14,51,1.0,2,11,1.5,0.0,0,0,0,0.0,35,0.48148,4,9,0.3076923076923077,13,15,14,6,0.28261,46,30,0.65217,0,2,24,0,5,0.4,3,0.6,2,262,192,1626,0.54637,0,WHP,254,2024_game_12
6,10,35,1.0,35,0.0,31,31,0,14,13,24,0.0,0,14,0.0,0.0,0,2,0,0.0,48,0.56667,7,10,0.4117647058823529,17,14,15,4,0.31111,45,27,0.6,2,0,15,2,5,0.0,1,0.2,0,280,220,1213,0.40759,0,WAT,254,2024_game_12
6,9,32,1.0,32,0.4375,32,18,14,12,16,34,1.0,5,12,3.0,0.0,0,0,0,0.0,36,0.46667,4,10,0.2857142857142857,14,12,16,1,0.26667,45,29,0.64444,1,4,12,0,4,0.0,1,0.25,0,236,179,1087,0.37743,0,ATL,255,2024_game_13
4,5,36,0.94444,34,0.5625,32,14,18,16,12,40,1.0,2,16,1.5,0.0,0,3,0,0.0,32,0.53846,5,9,0.35714285714285715,14,16,12,3,0.32653,49,32,0.65306,4,1,20,0,5,0.0,2,0.4,0,270,201,1449,0.50312,0,WHP,255,2024_game_13
6,10,27,1.0,27,0.40909,22,13,9,9,9,28,0.6,6,4,4.0,0.4,2,7,2,0.4,30,0.55,1,10,0.09090909090909091,11,14,9,0,0.24324,37,18,0.48649,5,5,22,0,14,0.35714,7,0.5,5,327,268,1399,0.48576,0,CAN,256,2024_game_14
4,9,30,1.0,30,0.59091,22,9,13,9,9,35,0.6,6,9,5.0,0.4,2,7,2,0.4,27,0.47059,1,7,0.125,8,9,14,5,0.3,30,21,0.7,5,5,23,5,6,0.0,4,0.66667,0,253,200,1283,0.44549,0,ARC,256,2024_game_14
4,9,30,1.0,30,0.72727,22,6,16,6,12,42,0.5,4,4,3.5,0.0,0,2,1,0.5,32,0.52,3,10,0.23076923076923078,13,8,13,6,0.14286,42,21,0.5,3,2,21,1,9,0.22222,3,0.33333,2,239,176,1350,0.46875,0,RED,257,2024_game_15
8,6,32,1.0,32,0.27273,22,16,6,12,6,31,1.0,4,11,2.5,0.5,1,2,0,0.0,30,0.64706,3,8,0.2727272727272727,11,13,8,3,0.27907,43,26,0.60465,2,3,18,2,6,0.16667,3,0.5,1,278,217,1360,0.47222,0,OUT,257,2024_game_15
7,8,22,1.0,22,0.42105,19,10,8,9,6,36,1.0,2,8,1.5,0.5,1,3,0,0.0,27,0.66667,3,9,0.25,12,10,6,5,0.225,40,22,0.55,2,2,18,0,7,0.14286,4,0.57143,1,276,218,1348,0.46806,0,WAT,258,2024_game_16
4,4,27,1.0,27,0.52632,19,8,10,6,9,24,0.5,2,6,1.5,0.0,0,1,1,0.5,22,0.55,3,8,0.2727272727272727,11,6,10,3,0.1875,32,18,0.5625,2,2,15,1,3,0.0,1,0.33333,0,225,178,1281,0.44479,0,CHA,258,2024_game_16
3,7,27,1.0,27,0.65,20,7,13,9,7,28,0.66667,3,9,2.5,0.5,1,2,1,0.33333,30,0.65,6,7,0.46153846153846156,13,9,7,7,0.23684,38,19,0.5,2,3,20,0,1,0.0,1,1.0,0,289,231,1315,0.4566,0,RED,259,2024_game_17
5,8,30,0.93333,28,0.35,20,13,7,7,9,22,0.5,2,7,1.0,0.33333,1,4,1,0.5,27,0.52632,5,5,0.5,10,7,9,1,0.17073,41,20,0.4878,3,2,14,0,7,0.0,3,0.42857,0,289,234,1435,0.49826,0,CAN,259,2024_game_17
3,9,23,0.95652,22,0.6,25,10,15,4,17,23,0.25,4,4,3.0,1.0,1,1,3,0.75,37,0.34615,1,8,0.1111111111111111,9,4,17,6,0.10256,39,22,0.5641,1,4,18,0,7,0.0,4,0.57143,0,176,119,1238,0.42986,0,OUT,260,2024_game_18
11,4,37,0.94595,35,0.4,25,15,10,17,4,31,0.0,1,17,1.0,0.75,3,4,1,1.0,23,0.77778,6,8,0.42857142857142855,14,17,4,1,0.40476,42,27,0.64286,4,1,16,0,3,0.0,1,0.33333,0,283,225,1416,0.49167,0,ATL,260,2024_game_18
3,6,35,1.0,35,0.36667,30,18,11,15,11,31,0.25,2,14,3.0,0.0,0,0,3,0.75,35,0.57692,3,12,0.2,15,16,11,6,0.36585,41,25,0.60976,0,4,20,0,6,0.16667,2,0.33333,1,237,176,1379,0.47882,0,ARC,261,2024_game_19
8,6,35,1.0,35,0.6,30,11,18,11,15,39,0.0,0,11,0.0,0.75,3,6,0,0.0,35,0.4,4,6,0.4,10,11,16,0,0.23913,46,30,0.65217,4,0,21,1,1,0.0,0,0.0,0,271,204,1234,0.42847,0,WHP,261,2024_game_19
4,7,29,0.96552,28,0.5,26,13,13,10,12,24,0.0,1,10,1.0,0.0,0,1,1,1.0,29,0.52,3,10,0.23076923076923078,13,10,14,3,0.22727,44,25,0.56818,2,1,15,2,4,0.0,2,0.5,0,270,211,1460,0.50694,0,WAT,262,2024_game_20
9,4,29,0.96552,28,0.5,26,13,13,12,10,28,1.0,2,10,1.0,1.0,1,1,0,0.0,29,0.6,5,10,0.3333333333333333,15,14,10,3,0.32432,37,25,0.67568,1,2,16,0,6,0.33333,3,0.5,2,234,181,1217,0.42257,0,CAN,262,2024_game_20
7,3,32,1.0,32,0.44444,27,15,12,12,11,27,0.5,2,9,1.0,0.0,0,2,1,0.5,27,0.59259,4,12,0.25,16,15,13,3,0.31579,38,25,0.65789,2,2,13,2,4,0.75,3,0.75,3,256,205,1339,0.46493,0,OUT,264,2024_game_22
5,3,27,1.0,27,0.55556,27,12,15,11,12,36,1.0,2,9,1.0,0.5,1,2,0,0.0,32,0.45455,3,7,0.3,10,13,15,5,0.24444,45,27,0.6,2,2,15,3,7,0.28571,4,0.57143,2,244,184,1265,0.43924,0,WAT,264,2024_game_22
3,5,36,1.0,36,0.30435,23,16,7,10,9,32,1.0,1,10,2.0,0.0,0,1,0,0.0,37,0.66667,8,10,0.4444444444444444,18,10,9,4,0.22727,44,24,0.54545,2,1,20,0,4,0.0,2,0.5,0,268,204,1487,0.49369,0,CHA,265,2024_game_23
2,7,37,0.97297,36,0.69565,23,7,16,9,10,40,1.0,2,9,1.0,0.0,0,1,0,0.0,36,0.56522,7,6,0.5384615384615384,13,9,10,7,0.2,45,27,0.6,1,2,19,0,4,0.0,2,0.5,0,255,191,1323,0.43924,0,WHP,265,2024_game_23
5,8,38,1.0,38,0.73333,30,8,22,12,14,45,1.0,2,12,1.0,0.33333,1,6,0,0.0,28,0.3913,6,3,0.6666666666666666,9,12,17,2,0.3,40,29,0.725,3,2,19,3,4,0.0,3,0.75,0,264,205,1436,0.49861,0,ATL,266,2024_game_24
6,10,28,1.0,28,0.26667,30,22,8,14,12,23,0.66667,3,11,2.5,0.0,0,2,1,0.33333,38,0.53846,7,7,0.5,14,17,12,3,0.33333,42,24,0.57143,2,3,13,0,10,0.3,6,0.6,3,222,167,1230,0.42708,0,CAN,266,2024_game_24
7,3,37,1.0,37,0.65385,26,9,17,14,8,34,1.0,2,13,1.5,0.5,1,3,0,0.0,28,0.55556,6,4,0.6,10,15,8,3,0.27451,51,29,0.56863,2,2,19,0,8,0.125,3,0.375,1,274,204,1330,0.46181,0,ARC,267,2024_game_25
3,6,28,1.0,28,0.34615,26,17,9,8,14,30,0.5,2,8,2.0,0.0,0,2,1,0.5,37,0.46154,4,8,0.3333333333333333,12,8,15,4,0.21053,38,19,0.5,2,2,19,1,3,0.0,2,0.66667,0,246,189,1325,0.46007,0,RED,267,2024_game_25
3,8,30,0.93333,28,0.3913,23,14,9,8,11,26,0.66667,3,6,2.5,0.0,0,2,1,0.33333,31,0.45,1,8,0.1111111111111111,9,10,12,4,0.2,40,21,0.525,3,3,17,1,8,0.25,5,0.625,2,257,200,1365,0.47396,0,OUT,269,2024_game_27
5,7,31,1.0,31,0.6087,23,9,14,11,8,37,1.0,3,10,2.0,0.33333,1,5,0,0.0,30,0.61905,5,8,0.38461538461538464,13,12,10,7,0.28947,38,21,0.55263,3,3,22,2,8,0.125,3,0.375,1,272,212,1316,0.45694,0,CAN,269,2024_game_27
3,5,32,0.9375,30,0.26316,19,14,5,7,8,24,0.5,4,6,3.0,0.0,0,0,1,0.5,30,0.63636,3,11,0.21428571428571427,14,8,10,2,0.16279,43,22,0.51163,1,2,14,2,7,0.14286,4,0.57143,1,227,170,1264,0.43889,0,CHA,268,2024_game_26
4,10,30,1.0,30,0.73684,19,5,14,8,7,31,1.0,2,6,2.0,0.5,1,3,0,0.0,32,0.65,7,6,0.5384615384615384,13,10,8,5,0.24242,33,24,0.72727,2,1,20,1,3,0.66667,2,0.66667,2,316,263,1386,0.48125,0,RED,268,2024_game_26
4,11,33,0.9697,32,0.33333,24,16,8,8,12,40,1.0,1,5,0.5,0.0,0,3,0,0.0,28,0.58621,4,13,0.23529411764705882,17,11,12,1,0.17021,47,31,0.65957,4,1,21,0,12,0.25,7,0.58333,3,246,178,1398,0.48542,0,WAT,270,2024_game_28
4,11,28,1.0,28,0.66667,24,8,16,12,8,42,1.0,4,12,2.5,0.0,0,0,0,0.0,33,0.68,6,11,0.35294117647058826,17,12,11,5,0.26667,45,31,0.68889,1,4,19,3,3,0.0,1,0.33333,0,248,184,1237,0.42951,0,ATL,270,2024_game_28
7,8,33,0.9697,32,0.5,30,14,15,15,11,36,1.0,2,12,2.5,0.33333,1,5,0,0.0,34,0.52174,4,8,0.3333333333333333,12,18,13,0,0.27778,54,34,0.62963,3,2,17,2,8,0.375,5,0.625,3,291,220,1421,0.4934,0,WHP,271,2024_game_29
5,10,34,1.0,34,0.46667,30,15,14,11,15,34,0.66667,3,9,1.5,0.0,0,3,1,0.33333,33,0.53125,4,13,0.23529411764705882,17,13,18,5,0.28205,39,23,0.58974,2,3,22,3,5,0.4,5,1.0,2,282,221,1154,0.40069,0,RED,271,2024_game_29
4,8,33,0.9697,32,0.36364,22,14,8,6,12,26,0.5,2,6,1.5,0.0,0,0,1,0.5,34,0.5,5,7,0.4166666666666667,12,6,12,4,0.13043,46,27,0.58696,1,2,11,0,6,0.0,2,0.33333,0,230,173,1273,0.44201,0,WAT,272,2024_game_30
4,2,34,1.0,34,0.63636,22,8,14,12,6,37,1.0,1,12,0.5,0.5,1,1,0,0.0,33,0.76923,8,12,0.4,20,12,6,8,0.29268,41,25,0.60976,2,1,20,0,5,0.0,1,0.2,0,260,199,1344,0.46667,0,WHP,272,2024_game_30
8,6,23,1.0,23,0.29167,24,17,7,15,5,29,1.0,4,12,3.5,0.0,0,0,0,0.0,24,0.7619,4,12,0.25,16,18,5,3,0.34091,44,25,0.56818,1,3,11,0,8,0.375,6,0.75,3,198,143,1087,0.47384,0,OUT,273,2024_game_31
2,4,24,0.95833,23,0.70833,24,7,17,5,15,35,1.0,1,5,1.0,0.0,0,3,0,0.0,23,0.28571,1,5,0.16666666666666666,6,5,18,2,0.14706,34,22,0.64706,3,1,16,3,6,0.0,5,0.83333,0,217,167,983,0.42851,0,RED,273,2024_game_31
6,5,27,1.0,27,0.27273,33,23,9,15,14,30,0.5,2,15,2.0,1.0,1,1,1,0.5,27,0.51724,3,12,0.2,15,15,14,1,0.32609,46,30,0.65217,1,2,9,0,2,0.0,2,1.0,0,246,191,1212,0.42083,0,CHA,274,2024_game_32
7,4,27,1.0,27,0.69697,33,9,23,14,15,34,0.0,1,14,0.5,0.5,1,5,1,1.0,27,0.48276,4,10,0.2857142857142857,14,14,15,4,0.26415,53,30,0.56604,2,1,16,0,2,0.0,2,1.0,0,256,187,1316,0.45694,0,ARC,274,2024_game_32
5,8,34,1.0,34,0.3,30,21,9,13,15,23,1.0,3,12,2.0,0.0,0,0,0,0.0,38,0.48276,5,9,0.35714285714285715,14,14,16,2,0.325,40,25,0.625,1,2,10,1,8,0.125,3,0.375,1,220,170,1127,0.39132,0,CAN,275,2024_game_33
7,7,38,0.97368,37,0.7,30,9,21,15,13,42,1.0,1,14,0.5,0.0,0,2,0,0.0,34,0.40909,4,5,0.4444444444444444,9,16,14,7,0.32609,46,30,0.65217,2,1,20,1,3,0.33333,2,0.66667,1,268,202,1585,0.55035,0,WHP,275,2024_game_33
6,6,38,0.97368,37,0.62069,29,10,18,16,9,41,1.0,1,16,0.5,1.0,1,1,0,0.0,29,0.55,5,6,0.45454545454545453,11,16,9,4,0.41026,39,26,0.66667,1,1,17,0,2,0.0,0,0.0,0,234,178,1336,0.46405,0,WHP,276,2024_game_34
2,6,29,1.0,29,0.34483,29,18,10,9,16,26,0.0,1,9,0.5,0.0,0,1,1,1.0,38,0.36,4,5,0.4444444444444444,9,9,16,6,0.25714,35,22,0.62857,1,1,18,0,6,0.0,6,1.0,0,245,192,1324,0.45988,0,OUT,276,2024_game_34
10,6,38,1.0,38,0.51852,27,13,14,11,12,31,0.5,2,10,1.5,0.5,1,2,1,0.5,40,0.42857,2,7,0.2222222222222222,9,12,13,4,0.2973,37,23,0.62162,2,2,26,1,7,0.14286,4,0.57143,1,278,215,1389,0.4472,0,WAT,277,2024_game_35
7,10,40,0.925,37,0.48148,27,14,13,12,11,41,0.5,2,11,1.0,0.5,1,2,1,0.5,38,0.5,4,7,0.36363636363636365,11,13,12,7,0.26087,46,24,0.52174,2,2,24,1,6,0.16667,1,0.16667,1,273,203,1477,0.47553,0,RED,277,2024_game_35
6,10,33,0.9697,32,0.55556,27,12,15,14,9,35,0.66667,3,13,1.5,0.5,1,3,1,0.33333,35,0.59091,6,7,0.46153846153846156,13,15,11,5,0.30435,46,32,0.69565,2,3,14,2,2,0.5,2,1.0,1,268,208,1222,0.42431,0,ATL,278,2024_game_36
3,4,35,0.97143,34,0.44444,27,15,12,9,14,36,0.5,2,7,2.0,0.33333,1,1,1,0.5,33,0.53333,6,10,0.375,16,11,15,4,0.28125,32,22,0.6875,3,2,27,1,10,0.2,5,0.5,2,218,159,1351,0.4691,0,ARC,278,2024_game_36
3,10,27,1.0,27,0.38889,18,11,7,4,10,28,0.75,8,4,5.5,0.0,0,3,1,0.25,29,0.5,2,8,0.2,10,4,10,3,0.09302,43,16,0.37209,4,4,19,0,10,0.0,3,0.3,0,253,191,1278,0.44375,0,CHA,279,2024_game_37
6,6,29,0.96552,28,0.61111,18,7,11,10,4,28,1.0,4,10,3.0,0.25,1,3,0,0.0,27,0.75,1,11,0.08333333333333333,12,10,4,3,0.27027,37,23,0.62162,4,4,20,0,5,0.0,2,0.4,0,303,246,1436,0.49861,0,OUT,279,2024_game_37
4,7,32,0.96875,31,0.37037,27,17,10,10,13,25,0.5,4,8,2.5,0.66667,2,3,1,0.5,34,0.5,3,10,0.23076923076923078,13,12,13,6,0.2439,41,25,0.60976,3,2,18,0,11,0.18182,6,0.54545,2,288,229,1349,0.45208,0,RED,280,2024_game_38
5,9,34,1.0,34,0.62963,27,10,17,13,10,34,0.33333,3,13,2.0,0.5,1,3,2,0.66667,32,0.54545,3,9,0.25,12,13,12,3,0.29545,44,27,0.61364,2,3,15,2,6,0.0,3,0.5,0,253,194,1399,0.46883,0,ARC,280,2024_game_38
6,12,29,0.96552,28,0.52,25,12,13,11,10,37,0.66667,3,11,2.5,0.66667,2,8,1,0.33333,30,0.5,1,9,0.1,10,11,10,1,0.20755,53,35,0.66038,3,3,15,0,9,0.0,6,0.66667,0,349,281,1569,0.51578,0,CAN,281,2024_game_39
4,5,30,1.0,30,0.48,25,13,12,10,11,32,0.33333,3,10,4.0,0.33333,1,2,2,0.66667,29,0.56,6,8,0.42857142857142855,14,10,11,3,0.2439,41,22,0.53659,3,3,21,0,5,0.0,0,0.0,0,235,173,1217,0.40007,0,CHA,281,2024_game_39
9,7,32,0.96875,31,0.75862,29,7,22,12,13,45,0.5,2,12,1.0,0.33333,1,2,1,0.5,37,0.51852,7,7,0.5,14,12,13,3,0.27907,43,28,0.65116,3,2,29,0,5,0.0,1,0.2,0,272,200,1214,0.42153,0,ATL,282,2024_game_40
6,9,37,0.97297,36,0.24138,29,22,7,13,12,38,0.66667,3,13,2.0,0.5,1,2,1,0.33333,32,0.57143,4,12,0.25,16,13,12,1,0.33333,39,32,0.82051,2,3,18,0,6,0.0,6,1.0,0,231,174,1377,0.47812,0,WAT,282,2024_game_40
3,7,33,1.0,33,0.5,24,12,12,8,12,35,0.33333,5,7,3.5,1.0,2,4,2,0.66667,30,0.45455,4,6,0.4,10,9,13,5,0.14035,57,30,0.52632,2,3,15,1,8,0.125,5,0.625,1,268,196,1384,0.48056,0,OUT,283,2024_game_41
7,5,30,0.9,27,0.5,24,12,12,12,8,31,0.0,3,11,2.0,0.66667,2,5,2,1.0,33,0.69231,4,14,0.2222222222222222,18,13,9,2,0.28571,42,22,0.52381,3,2,19,1,8,0.125,4,0.5,1,238,177,1256,0.43611,0,ARC,283,2024_game_41
6,8,31,0.96774,30,0.4375,16,9,7,8,4,33,1.0,2,8,1.5,0.5,2,3,0,0.0,26,0.78947,4,11,0.26666666666666666,15,8,4,6,0.24242,33,21,0.63636,4,2,18,0,2,0.0,0,0.0,0,273,222,1409,0.48958,0,CHA,285,playoffs-quarterfinal-1-2024-9-2
1,6,26,1.0,26,0.5625,16,7,9,4,8,23,0.5,4,4,2.5,0.0,0,2,2,0.5,31,0.6,4,8,0.3333333333333333,12,4,8,2,0.09756,41,21,0.5122,2,4,14,0,7,0.0,2,0.28571,0,260,205,1260,0.4378,0,CAN,285,playoffs-quarterfinal-1-2024-9-2
3,4,32,0.96875,31,0.43478,23,12,10,9,10,26,0.0,2,8,1.0,0.0,0,2,2,1.0,38,0.6,5,10,0.3333333333333333,15,10,11,3,0.25,36,21,0.58333,2,2,17,1,6,0.16667,4,0.66667,1,251,198,1450,0.50347,0,OUT,286,playoffs-quarterfinal-2-2024-9-2
6,9,38,1.0,38,0.52174,23,10,12,10,9,32,1.0,3,9,1.5,1.0,2,2,0,0.0,32,0.55,7,4,0.6363636363636364,11,11,10,5,0.2439,41,26,0.63415,2,2,19,1,9,0.11111,5,0.55556,1,254,194,1226,0.42569,0,WHP,286,playoffs-quarterfinal-2-2024-9-2
2,5,35,0.94286,33,0.48,25,12,12,12,9,34,1.0,4,12,2.5,0.0,0,0,0,0.0,34,0.65385,5,12,0.29411764705882354,17,12,11,4,0.26087,46,25,0.54348,1,4,20,2,5,0.0,2,0.4,0,236,170,1373,0.41531,0,WHP,294,playoffs-semifinal-1-2024-9-8
4,10,34,0.97059,33,0.48,25,12,12,9,12,35,1.0,1,7,0.5,0.0,0,6,0,0.0,35,0.42857,3,6,0.3333333333333333,9,11,12,5,0.1875,48,27,0.5625,4,1,19,0,7,0.28571,3,0.42857,2,296,229,1693,0.5121,0,ATL,294,playoffs-semifinal-1-2024-9-8
1,3,31,0.96774,30,0.5,14,6,7,1,9,16,0.75,4,1,3.5,0.0,0,3,1,0.25,29,0.5,4,5,0.4444444444444444,9,1,10,4,0.025,40,22,0.55,3,4,16,1,5,0.0,3,0.6,0,224,168,1390,0.48264,0,CHA,295,playoffs-semifinal-2-2024-9-8
6,6,29,1.0,29,0.42857,14,7,6,9,1,21,1.0,4,8,3.5,0.25,1,3,0,0.0,31,0.94737,8,10,0.4444444444444444,18,10,1,5,0.25714,35,21,0.6,4,3,19,0,4,0.25,3,0.75,1,258,204,1306,0.45347,0,ARC,295,playoffs-semifinal-2-2024-9-8
5,7,31,0.93548,29,0.65217,23,7,15,8,11,37,1.0,2,8,1.0,0.0,0,1,0,0.0,32,0.52174,6,6,0.5,12,8,12,3,0.15094,53,29,0.54717,1,2,17,1,9,0.0,5,0.55556,0,241,171,1362,0.47292,0,WHP,289,championship-2024-9-15
4,9,32,1.0,32,0.30435,23,15,7,11,8,26,1.0,1,10,1.0,0.0,0,0,0,0.0,31,0.71429,6,14,0.3,20,12,8,2,0.34375,32,23,0.71875,2,1,17,0,5,0.2,2,0.4,1,233,184,1298,0.45069,0,ARC,289,championship-2024-9-15
