game_id,event_id,event_number,period,clock,seconds_passed,team_id,team,player_id,player,secondary_player_id,secondary_player,event_type,shot_type,description,home_score_raw,away_score_raw,gb_player_id,goalie_id,goalie,shot_on_goal,shot_saved,save_type,penalty_length_sec,penalty_description,away_win_prob,home_win_prob,is_valid_goal,goal_invalid_reason,home_score_corrected,away_score_corrected,shot_outcome,is_duplicate_groundball,is_valid_penalty
2026-ev-1,pregame,0,1,12:00,0,,,,,,,pregame,,Game Start,0,0,,,,,,,,,0.5451,0.4549,,,0,0,,,
2026-ev-1,faceoff-100,1,1,11:57,3,RED,California Redwoods,001812,TD Ierlan,003004,Mike Sisselberger,faceoff,,Faceoff win T. Ierlan (vs. M. Sisselberger).,5,9,,,,,,,,,0.5451,0.4549,,,0,0,,,
2026-ev-1,groundball-600,2,1,11:45,15,RED,California Redwoods,001001,Dylan Molloy,,,groundball,,Groundball picked up by D. Molloy.,5,9,,,,,,,,,,,,,0,0,,False,
2026-ev-1,shot-800,3,1,11:43,17,RED,California Redwoods,003104,Michael Boehm,001001,Dylan Molloy,goal,1_PT,GOAL by M. Boehm. Assist D. Molloy.,0,1,,001773,Nick Washuta,,,,,,0.5451,0.4549,True,,0,1,goal,,
2026-ev-1,faceoff-900,4,1,11:41,19,RED,California Redwoods,001812,TD Ierlan,003005,Connor Maher,faceoff,,Faceoff win T. Ierlan (vs. C. Maher). GB CAL T. Ierlan.,5,9,001812,,,,,,,,0.5456,0.4544,,,0,1,,,
2026-ev-1,groundball-1000,5,1,11:41,19,RED,California Redwoods,001812,TD Ierlan,,,groundball,,Groundball picked up by T. Ierlan.,5,9,,,,,,,,,,,,,0,1,,False,
2026-ev-1,shot-1900,6,1,11:11,49,RED,California Redwoods,003121,Brayden Mayea,003156,Aidan Danenza,shot,1_PT,Missed shot by Brayden Mayea.,0,1,,001773,Nick Washuta,False,False,,,,0.5464,0.4536,,,0,1,missed,,
2026-ev-1,groundball-2000,7,1,11:09,51,RED,California Redwoods,003104,Michael Boehm,,,groundball,,Groundball picked up by M. Boehm.,5,9,,,,,,,,,,,,,0,1,,False,
2026-ev-1,shotclockexpired-2100,8,1,11:03,57,RED,California Redwoods,,,,,shotclockexpired,,Shot Clock Violation.,5,9,,,,,,,,,0.5435,0.4565,,,0,1,,,
2026-ev-1,turnover-2110,9,1,11:03,57,RED,California Redwoods,,,,,turnover,,Turnover by CAL,5,9,,,,,,,,,0.5435,0.4565,,,0,1,,,
2026-ev-1,shot-2800,10,1,10:47,73,ARC,Utah Archers,003006,Piper Bond,003174,Sam King,shot,1_PT,Missed shot by Piper Bond.,0,1,,000418,Dillon Ward,False,False,,,,0.547,0.453,,,0,1,missed,,
2026-ev-1,groundball-2900,11,1,10:42,78,RED,California Redwoods,003029,Chris Fake,,,groundball,,Groundball picked up by C. Fake.,5,9,,,,,,,,,,,,,0,1,,False,
2026-ev-1,groundball-3700,12,1,09:56,124,RED,California Redwoods,003253,Marcus Wertheim,,,groundball,,Groundball picked up by M. Wertheim.,5,9,,,,,,,,,,,,,0,1,,False,
2026-ev-1,shot-3800,13,1,09:53,127,RED,California Redwoods,003253,Marcus Wertheim,,,shot,1_PT,Missed shot by Marcus Wertheim. Save by UTA N. Washuta.,0,1,,001773,Nick Washuta,True,True,messy,,,0.5483,0.4517,,,0,1,saved,,
2026-ev-1,groundball-4000,14,1,09:47,133,RED,California Redwoods,003104,Michael Boehm,,,groundball,,Groundball picked up by M. Boehm.,5,9,,,,,,,,,,,,,0,1,,False,
2026-ev-1,shot-4300,15,1,09:22,158,RED,California Redwoods,003253,Marcus Wertheim,,,shot,1_PT,Missed shot by Marcus Wertheim. Save by UTA N. Washuta.,0,1,,001773,Nick Washuta,True,True,messy,,,0.5406,0.4594,,,0,1,saved,,
2026-ev-1,shot-4900,16,1,09:09,171,ARC,Utah Archers,003174,Sam King,,,goal,1_PT,GOAL by S. King.,1,1,,000418,Dillon Ward,,,,,,0.5387,0.4613,True,,1,1,goal,,
2026-ev-1,faceoff-5000,17,1,09:08,172,ARC,Utah Archers,003004,Mike Sisselberger,001812,TD Ierlan,faceoff,,Faceoff win M. Sisselberger (vs. T. Ierlan).,5,9,,,,,,,,,0.5341,0.4659,,,1,1,,,
2026-ev-1,shotclockexpired-5500,18,1,08:20,220,ARC,Utah Archers,,,,,shotclockexpired,,Shot Clock Violation.,5,9,,,,,,,,,0.5428,0.4572,,,1,1,,,
2026-ev-1,turnover-5510,19,1,08:20,220,ARC,Utah Archers,,,,,turnover,,Turnover by UTA,5,9,,,,,,,,,0.5428,0.4572,,,1,1,,,
2026-ev-1,shot-6500,20,1,07:37,263,RED,California Redwoods,001001,Dylan Molloy,003211,Josh Balcarcel,shot,1_PT,Missed shot by Dylan Molloy.,1,1,,001773,Nick Washuta,False,False,,,,0.5286,0.4714,,,1,1,missed,,
2026-ev-1,groundball-6600,21,1,07:31,269,ARC,Utah Archers,003177,Mitchell Dunham,,,groundball,,Groundball picked up by M. Dunham.,5,9,,,,,,,,,,,,,1,1,,False,
2026-ev-1,turnover-7300,22,1,06:49,311,ARC,Utah Archers,,,,,turnover,,Turnover by UTA,5,9,,,,,,,,,0.5419,0.4581,,,1,1,,,
2026-ev-1,turnover-8300,23,1,06:14,346,RED,California Redwoods,,,,,turnover,,Turnover by CAL,5,9,,,,,,,,,0.5239,0.4761,,,1,1,,,
2026-ev-1,shot-9200,24,1,05:39,381,ARC,Utah Archers,003248,Ryan Stines,,,shot,1_PT,Missed shot by Ryan Stines.,1,1,,000418,Dillon Ward,False,False,,,,0.522,0.478,,,1,1,missed,,
2026-ev-1,turnover-9410,25,1,05:23,397,ARC,Utah Archers,,,,,turnover,,Turnover by UTA,5,9,,,,,,,,,0.5412,0.4588,,,1,1,,,
2026-ev-1,shot-10600,26,1,04:42,438,RED,California Redwoods,003104,Michael Boehm,003156,Aidan Danenza,goal,1_PT,GOAL by M. Boehm. Assist A. Danenza.,1,2,,001773,Nick Washuta,,,,,,0.5445,0.4555,True,,1,2,goal,,
2026-ev-1,faceoff-10700,27,1,04:33,447,RED,California Redwoods,002054,Chris Merle,003004,Mike Sisselberger,faceoff,,Faceoff win C. Merle (vs. M. Sisselberger). GB CAL J. Conners.,5,9,001813,,,,,,,,0.5555,0.4445,,,1,2,,,
2026-ev-1,groundball-10800,28,1,04:33,447,RED,California Redwoods,001813,Jared Conners,,,groundball,,Groundball picked up by J. Conners.,5,9,,,,,,,,,,,,,1,2,,False,
2026-ev-1,turnover-10810,29,1,04:33,447,RED,California Redwoods,,,,,turnover,,Turnover by CAL,5,9,,,,,,,,,0.5334,0.4666,,,1,2,,,
2026-ev-1,groundball-11000,30,1,04:28,452,ARC,Utah Archers,003215,Tommy Stull,,,groundball,,Groundball picked up by T. Stull.,5,9,,,,,,,,,,,,,1,2,,False,
2026-ev-1,shot-11600,31,1,04:08,472,ARC,Utah Archers,001814,Mac O'Keefe,003174,Sam King,shot,2_PT,Missed shot(2pt) by Mac O'Keefe. Save by CAL D. Ward.,1,2,,000418,Dillon Ward,True,True,clean,,,0.556,0.444,,,1,2,saved,,
2026-ev-1,shot-12800,32,1,03:21,519,RED,California Redwoods,003160,Andrew McAdorey,003104,Michael Boehm,shot,1_PT,Missed shot by Andrew McAdorey.,1,2,,001773,Nick Washuta,False,False,,,,0.5569,0.4431,,,1,2,missed,,
2026-ev-1,shot-13100,33,1,03:10,530,RED,California Redwoods,003156,Aidan Danenza,,,shot,1_PT,Missed shot by Aidan Danenza.,1,2,,001773,Nick Washuta,True,False,,,,0.5315,0.4685,,,1,2,on_goal_no_save,,
2026-ev-1,groundball-13300,34,1,03:03,537,ARC,Utah Archers,003087,Beau Pederson,,,groundball,,Groundball picked up by B. Pederson.,5,9,,,,,,,,,,,,,1,2,,False,
2026-ev-1,turnover-13310,35,1,03:03,537,ARC,Utah Archers,,,,,turnover,,Turnover by UTA,5,9,,,,,,,,,0.5573,0.4427,,,1,2,,,
2026-ev-1,groundball-13600,36,1,02:58,542,RED,California Redwoods,003160,Andrew McAdorey,,,groundball,,Groundball picked up by A. McAdorey.,5,9,,,,,,,,,,,,,1,2,,False,
2026-ev-1,groundball-14100,37,1,02:20,580,ARC,Utah Archers,003215,Tommy Stull,,,groundball,,Groundball picked up by T. Stull.,5,9,,,,,,,,,,,,,1,2,,False,
2026-ev-1,penalty-14300,38,1,02:20,580,ARC,Utah Archers,003087,Beau Pederson,,,penalty,,UTA Beau Pederson 30 sec penalty for Holding.,5,9,,,,,,,30.0,Holding,,,,,1,2,,,True
2026-ev-1,shot-15700,39,1,01:54,606,RED,California Redwoods,003156,Aidan Danenza,003253,Marcus Wertheim,shot,2_PT,Missed shot(2pt) by Aidan Danenza.,1,2,,001773,Nick Washuta,False,False,,,,0.5586,0.4414,,,1,2,missed,,
2026-ev-1,shot-16200,40,1,01:41,619,RED,California Redwoods,003121,Brayden Mayea,003104,Michael Boehm,goal,1_PT,GOAL by B. Mayea. Assist M. Boehm.,1,3,,001773,Nick Washuta,,,,,,0.5795,0.4205,True,,1,3,goal,,
2026-ev-1,faceoff-16300,41,1,01:32,628,ARC,Utah Archers,003004,Mike Sisselberger,001812,TD Ierlan,faceoff,,Faceoff win M. Sisselberger (vs. T. Ierlan). GB UTA M. Sisselberger.,5,9,003004,,,,,,,,0.5657,0.4343,,,1,3,,,
2026-ev-1,groundball-16400,42,1,01:32,628,ARC,Utah Archers,003004,Mike Sisselberger,,,groundball,,Groundball picked up by M. Sisselberger.,5,9,,,,,,,,,,,,,1,3,,False,
2026-ev-1,turnover-16810,43,1,01:20,640,ARC,Utah Archers,,,,,turnover,,Turnover by UTA,5,9,,,,,,,,,0.5945,0.4055,,,1,3,,,
2026-ev-1,groundball-17000,44,1,01:05,655,RED,California Redwoods,000418,Dillon Ward,,,groundball,,Groundball picked up by D. Ward.,5,9,,,,,,,,,,,,,1,3,,False,
2026-ev-1,shot-17600,45,1,00:43,677,RED,California Redwoods,003024,Brian Tevlin,003105,Cole Kastner,shot,1_PT,Missed shot by Brian Tevlin.,1,3,,001773,Nick Washuta,False,False,,,,0.5969,0.4031,,,1,3,missed,,
2026-ev-1,groundball-18000,46,1,00:31,689,RED,California Redwoods,000305,Romar Dennis,,,groundball,,Groundball picked up by R. Dennis.,5,9,,,,,,,,,,,,,1,3,,False,
2026-ev-1,groundball-18300,47,1,00:16,704,RED,California Redwoods,003160,Andrew McAdorey,,,groundball,,Groundball picked up by A. McAdorey.,5,9,,,,,,,,,,,,,1,3,,False,
2026-ev-1,shot-18400,48,1,00:15,705,RED,California Redwoods,003160,Andrew McAdorey,,,shot,2_PT,Missed shot(2pt) by Andrew McAdorey. Save by UTA N. Washuta.,1,3,,001773,Nick Washuta,True,True,messy,,,0.568,0.432,,,1,3,saved,,
2026-ev-1,groundball-18600,49,1,00:10,710,ARC,Utah Archers,003082,Mason Woodward,,,groundball,,Groundball picked up by M. Woodward.,5,9,,,,,,,,,,,,,1,3,,False,
2026-ev-1,shot-18800,50,1,00:02,718,ARC,Utah Archers,003163,Brendan Lavelle,003082,Mason Woodward,shot,2_PT,Missed shot(2pt) by Brendan Lavelle.,1,3,,000418,Dillon Ward,False,False,,,,0.5683,0.4317,,,1,3,missed,,
2026-ev-1,faceoff-1000100,51,2,11:57,723,ARC,Utah Archers,003004,Mike Sisselberger,001812,TD Ierlan,faceoff,,Faceoff win M. Sisselberger (vs. T. Ierlan). GB UTA M. Sisselberger.,5,9,003004,,,,,,,,0.5685,0.4315,,,1,3,,,
2026-ev-1,groundball-1000200,52,2,11:57,723,ARC,Utah Archers,003004,Mike Sisselberger,,,groundball,,Groundball picked up by M. Sisselberger.,5,9,,,,,,,,,,,,,1,3,,False,
2026-ev-1,turnover-1000300,53,2,11:53,727,ARC,Utah Archers,,,,,turnover,,Turnover by UTA,5,9,,,,,,,,,0.6002,0.3998,,,1,3,,,
2026-ev-1,turnover-1001310,54,2,11:10,770,RED,California Redwoods,,,,,turnover,,Turnover by CAL,5,9,,,,,,,,,0.5699,0.4301,,,1,3,,,
2026-ev-1,groundball-1001500,55,2,11:04,776,ARC,Utah Archers,003215,Tommy Stull,,,groundball,,Groundball picked up by T. Stull.,5,9,,,,,,,,,,,,,1,3,,False,
2026-ev-1,shot-1002300,56,2,10:22,818,ARC,Utah Archers,001814,Mac O'Keefe,003248,Ryan Stines,shot,1_PT,Missed shot by Mac O'Keefe.,1,3,,000418,Dillon Ward,False,False,,,,0.5713,0.4287,,,1,3,missed,,
2026-ev-1,shot-1002500,57,2,10:07,833,ARC,Utah Archers,000262,Connor Fields,,,shot,1_PT,Missed shot by Connor Fields.,1,3,,000418,Dillon Ward,False,False,,,,0.5718,0.4282,,,1,3,missed,,
2026-ev-1,shotclockexpired-1002600,58,2,10:03,837,ARC,Utah Archers,,,,,shotclockexpired,,Shot Clock Violation.,5,9,,,,,,,,,0.6072,0.3928,,,1,3,,,
2026-ev-1,turnover-1002610,59,2,10:03,837,ARC,Utah Archers,,,,,turnover,,Turnover by UTA,5,9,,,,,,,,,0.6072,0.3928,,,1,3,,,
2026-ev-1,shot-1003100,60,2,09:13,887,RED,California Redwoods,003211,Josh Balcarcel,,,goal,1_PT,GOAL by J. Balcarcel.,1,4,,001773,Nick Washuta,,,,,,0.6481,0.3519,True,,1,4,goal,,
2026-ev-1,faceoff-1003200,61,2,09:11,889,RED,California Redwoods,001812,TD Ierlan,003004,Mike Sisselberger,faceoff,,Faceoff win T. Ierlan (vs. M. Sisselberger). GB CAL T. Ierlan.,5,9,001812,,,,,,,,0.6638,0.3362,,,1,4,,,
2026-ev-1,groundball-1003300,62,2,09:11,889,RED,California Redwoods,001812,TD Ierlan,,,groundball,,Groundball picked up by T. Ierlan.,5,9,,,,,,,,,,,,,1,4,,False,
2026-ev-1,shot-1003600,63,2,09:03,897,RED,California Redwoods,002054,Chris Merle,001812,TD Ierlan,shot,1_PT,Missed shot by Chris Merle. Save by UTA N. Washuta.,1,4,,001773,Nick Washuta,True,True,messy,,,0.6325,0.3675,,,1,4,saved,,
2026-ev-1,groundball-1004200,64,2,08:42,918,ARC,Utah Archers,000221,Ryan Ambler,,,groundball,,Groundball picked up by R. Ambler.,5,9,,,,,,,,,,,,,1,4,,False,
2026-ev-1,shot-1004700,65,2,08:14,946,ARC,Utah Archers,003248,Ryan Stines,,,shot,1_PT,Missed shot by Ryan Stines.,1,4,,000418,Dillon Ward,False,False,,,,0.6368,0.3632,,,1,4,missed,,
2026-ev-1,groundball-1004800,66,2,08:09,951,ARC,Utah Archers,003174,Sam King,,,groundball,,Groundball picked up by S. King.,5,9,,,,,,,,,,,,,1,4,,False,
2026-ev-1,shot-1004900,67,2,08:07,953,ARC,Utah Archers,003174,Sam King,,,shot,1_PT,Missed shot by Sam King.,1,4,,000418,Dillon Ward,False,False,,,,0.6374,0.3626,,,1,4,missed,,
2026-ev-1,shotclockexpired-1005100,68,2,08:03,957,ARC,Utah Archers,,,,,shotclockexpired,,Shot Clock Violation.,5,9,,,,,,,,,0.6714,0.3286,,,1,4,,,
2026-ev-1,turnover-1005110,69,2,08:03,957,ARC,Utah Archers,,,,,turnover,,Turnover by UTA,5,9,,,,,,,,,0.6714,0.3286,,,1,4,,,
2026-ev-1,shot-1006100,70,2,07:27,993,RED,California Redwoods,001001,Dylan Molloy,000305,Romar Dennis,shot,1_PT,Missed shot by Dylan Molloy.,1,4,,001773,Nick Washuta,False,False,,,,0.6755,0.3245,,,1,4,missed,,
2026-ev-1,shot-1006400,71,2,07:16,1004,RED,California Redwoods,000305,Romar Dennis,003104,Michael Boehm,shot,2_PT,Missed shot(2pt) by Romar Dennis. Save by UTA N. Washuta.,1,4,,001773,Nick Washuta,True,True,messy,,,0.6419,0.3581,,,1,4,saved,,
2026-ev-1,groundball-1006600,72,2,07:13,1007,ARC,Utah Archers,003177,Mitchell Dunham,,,groundball,,Groundball picked up by M. Dunham.,5,9,,,,,,,,,,,,,1,4,,False,
2026-ev-1,groundball-1006800,73,2,07:03,1017,ARC,Utah Archers,003174,Sam King,,,groundball,,Groundball picked up by S. King.,5,9,,,,,,,,,,,,,1,4,,False,
2026-ev-1,shot-1007200,74,2,06:59,1021,ARC,Utah Archers,000262,Connor Fields,003006,Piper Bond,shot,1_PT,Missed shot by Connor Fields. Save by CAL D. Ward.,1,4,,000418,Dillon Ward,True,True,messy,,,0.6787,0.3213,,,1,4,saved,,
2026-ev-1,groundball-1007400,75,2,06:53,1027,RED,California Redwoods,001813,Jared Conners,,,groundball,,Groundball picked up by J. Conners.,5,9,,,,,,,,,,,,,1,4,,False,
2026-ev-1,shot-1007800,76,2,06:46,1034,RED,California Redwoods,003160,Andrew McAdorey,003104,Michael Boehm,goal,1_PT,GOAL by A. McAdorey. Assist M. Boehm.,1,5,,001773,Nick Washuta,,,,,,0.7238,0.2762,True,,1,5,goal,,
2026-ev-1,faceoff-1007900,77,2,06:41,1039,ARC,Utah Archers,003004,Mike Sisselberger,001812,TD Ierlan,faceoff,,Faceoff win M. Sisselberger (vs. T. Ierlan). GB UTA M. Sisselberger.,5,9,003004,,,,,,,,0.7105,0.2895,,,1,5,,,
2026-ev-1,groundball-1008000,78,2,06:41,1039,ARC,Utah Archers,003004,Mike Sisselberger,,,groundball,,Groundball picked up by M. Sisselberger.,5,9,,,,,,,,,,,,,1,5,,False,
2026-ev-1,shot-1008200,79,2,06:35,1045,ARC,Utah Archers,003004,Mike Sisselberger,,,shot,1_PT,Missed shot by Mike Sisselberger. Save by CAL D. Ward.,1,5,,000418,Dillon Ward,True,True,messy,,,0.7113,0.2887,,,1,5,saved,,
2026-ev-1,groundball-1008400,80,2,06:31,1049,ARC,Utah Archers,003174,Sam King,,,groundball,,Groundball picked up by S. King.,5,9,,,,,,,,,,,,,1,5,,False,
2026-ev-1,penalty-1009600,81,2,05:57,1083,RED,California Redwoods,001812,TD Ierlan,,,penalty,,CAL TD Ierlan 30 sec penalty for Pushing.,5,9,,,,,,,30.0,Pushing,,,,,1,5,,,True
2026-ev-1,shot-1009200,82,2,05:57,1083,ARC,Utah Archers,000221,Ryan Ambler,003087,Beau Pederson,shot,2_PT,Missed shot(2pt) by Ryan Ambler. Save by CAL D. Ward.,1,5,,000418,Dillon Ward,True,True,messy,,,0.7167,0.2833,,,1,5,saved,,
2026-ev-1,turnover-1009410,83,2,05:57,1083,ARC,Utah Archers,,,,,turnover,,Turnover by UTA,5,9,,,,,,,,,0.7444,0.2556,,,1,5,,,
2026-ev-1,shot-1010500,84,2,05:42,1098,ARC,Utah Archers,003090,Dyson Williams,003174,Sam King,shot,1_PT,Missed shot by Dyson Williams. Save by CAL D. Ward.,1,5,,000418,Dillon Ward,True,True,messy,,,0.7467,0.2533,,,1,5,saved,,
2026-ev-1,groundball-1010700,85,2,05:39,1101,RED,California Redwoods,003109,Chris Conlin,,,groundball,,Groundball picked up by C. Conlin.,5,9,,,,,,,,,,,,,1,5,,False,
2026-ev-1,turnover-1010710,86,2,05:39,1101,RED,California Redwoods,,,,,turnover,,Turnover by CAL,5,9,,,,,,,,,0.7192,0.2808,,,1,5,,,
2026-ev-1,groundball-1011000,87,2,05:29,1111,ARC,Utah Archers,003174,Sam King,,,groundball,,Groundball picked up by S. King.,5,9,,,,,,,,,,,,,1,5,,False,
2026-ev-1,turnover-1011010,88,2,05:29,1111,ARC,Utah Archers,,,,,turnover,,Turnover by UTA,5,9,,,,,,,,,0.7487,0.2513,,,1,5,,,
2026-ev-1,groundball-1011200,89,2,05:25,1115,RED,California Redwoods,003029,Chris Fake,,,groundball,,Groundball picked up by C. Fake.,5,9,,,,,,,,,,,,,1,5,,False,
2026-ev-1,shot-1011800,90,2,05:05,1135,RED,California Redwoods,003024,Brian Tevlin,003160,Andrew McAdorey,shot,1_PT,Missed shot by Brian Tevlin. Save by UTA N. Washuta.,1,5,,001773,Nick Washuta,True,True,messy,,,0.7525,0.2475,,,1,5,saved,,
2026-ev-1,groundball-1012000,91,2,05:03,1137,RED,California Redwoods,003121,Brayden Mayea,,,groundball,,Groundball picked up by B. Mayea.,5,9,,,,,,,,,,,,,1,5,,False,
2026-ev-1,shot-1012300,92,2,04:46,1154,RED,California Redwoods,001001,Dylan Molloy,003160,Andrew McAdorey,shot,2_PT,Missed shot(2pt) by Dylan Molloy.,1,5,,001773,Nick Washuta,False,False,,,,0.7555,0.2445,,,1,5,missed,,
2026-ev-1,turnover-1012510,93,2,04:36,1164,RED,California Redwoods,,,,,turnover,,Turnover by CAL,5,9,,,,,,,,,0.7284,0.2716,,,1,5,,,
2026-ev-1,shot-1013100,94,2,04:28,1172,ARC,Utah Archers,000262,Connor Fields,003203,CK Giancola,shot,1_PT,Missed shot by Connor Fields. Save by CAL D. Ward.,1,5,,000418,Dillon Ward,True,True,messy,,,0.7583,0.2417,,,1,5,saved,,
2026-ev-1,groundball-1013300,95,2,04:26,1174,RED,California Redwoods,003059,BJ Farrare,,,groundball,,Groundball picked up by B. Farrare.,5,9,,,,,,,,,,,,,1,5,,False,
2026-ev-1,shot-1014500,96,2,03:51,1209,RED,California Redwoods,003104,Michael Boehm,,,goal,1_PT,GOAL by M. Boehm.,1,6,,001773,Nick Washuta,,,,,,0.8043,0.1957,True,,1,6,goal,,
2026-ev-1,faceoff-1014600,97,2,03:50,1210,RED,California Redwoods,001812,TD Ierlan,003004,Mike Sisselberger,faceoff,,Faceoff win T. Ierlan (vs. M. Sisselberger).,5,9,,,,,,,,,0.8134,0.1866,,,1,6,,,
2026-ev-1,shot-1015600,98,2,03:23,1237,RED,California Redwoods,001001,Dylan Molloy,003024,Brian Tevlin,goal,1_PT,GOAL by D. Molloy. Assist B. Tevlin.,1,7,,001773,Nick Washuta,,,,,,0.8458,0.1542,True,,1,7,goal,,
2026-ev-1,faceoff-1015700,99,2,03:21,1239,RED,California Redwoods,001812,TD Ierlan,003006,Piper Bond,faceoff,,Faceoff win T. Ierlan (vs. P. Bond). GB CAL T. Ierlan.,5,9,001812,,,,,,,,0.8512,0.1488,,,1,7,,,
2026-ev-1,groundball-1015800,100,2,03:21,1239,RED,California Redwoods,001812,TD Ierlan,,,groundball,,Groundball picked up by T. Ierlan.,5,9,,,,,,,,,,,,,1,7,,False,
2026-ev-1,turnover-1016300,101,2,03:09,1251,RED,California Redwoods,,,,,turnover,,Turnover by CAL,5,9,,,,,,,,,0.5451,0.4549,,,1,7,,,
2026-ev-1,shot-1017300,102,2,02:33,1287,ARC,Utah Archers,003248,Ryan Stines,,,goal,1_PT,GOAL by R. Stines.,2,7,,000418,Dillon Ward,,,,,,0.8183,0.1817,True,,2,7,goal,,
2026-ev-1,faceoff-1017400,103,2,02:25,1295,RED,California Redwoods,001812,TD Ierlan,003004,Mike Sisselberger,faceoff,,Faceoff win T. Ierlan (vs. M. Sisselberger). GB CAL T. Ierlan.,5,9,001812,,,,,,,,0.8286,0.1714,,,2,7,,,
2026-ev-1,groundball-1017500,104,2,02:25,1295,RED,California Redwoods,001812,TD Ierlan,,,groundball,,Groundball picked up by T. Ierlan.,5,9,,,,,,,,,,,,,2,7,,False,
2026-ev-1,shot-1018100,105,2,01:57,1323,RED,California Redwoods,003024,Brian Tevlin,,,shot,1_PT,Missed shot by Brian Tevlin.,2,7,,001773,Nick Washuta,False,False,,,,0.8337,0.1663,,,2,7,missed,,
2026-ev-1,shotclockexpired-1018300,106,2,01:41,1339,RED,California Redwoods,,,,,shotclockexpired,,Shot Clock Violation.,5,9,,,,,,,,,0.8177,0.1823,,,2,7,,,
2026-ev-1,turnover-1018310,107,2,01:41,1339,RED,California Redwoods,,,,,turnover,,Turnover by CAL,5,9,,,,,,,,,0.8177,0.1823,,,2,7,,,
2026-ev-1,penalty-1018500,108,2,01:39,1341,RED,California Redwoods,003121,Brayden Mayea,,,penalty,,CAL Brayden Mayea 30 sec penalty for Delay of Game.,5,9,,,,,,,30.0,Delay of Game,,,,,2,7,,,True
2026-ev-1,shot-1019200,109,2,01:25,1355,ARC,Utah Archers,000262,Connor Fields,001814,Mac O'Keefe,goal,MU,PP Goal by C. Fields. Assist M. O'Keefe.,3,7,,000418,Dillon Ward,,,,,,0.7737,0.2263,True,,3,7,goal,,
2026-ev-1,faceoff-1019300,110,2,01:21,1359,ARC,Utah Archers,003004,Mike Sisselberger,001812,TD Ierlan,faceoff,,Faceoff win M. Sisselberger (vs. T. Ierlan). GB UTA M. Sisselberger.,5,9,003004,,,,,,,,0.7587,0.2413,,,3,7,,,
2026-ev-1,groundball-1019400,111,2,01:21,1359,ARC,Utah Archers,003004,Mike Sisselberger,,,groundball,,Groundball picked up by M. Sisselberger.,5,9,,,,,,,,,,,,,3,7,,False,
2026-ev-1,groundball-1020000,112,2,00:53,1387,ARC,Utah Archers,003090,Dyson Williams,,,groundball,,Groundball picked up by D. Williams.,5,9,,,,,,,,,,,,,3,7,,False,
2026-ev-1,shotclockexpired-1020200,113,2,00:47,1393,ARC,Utah Archers,,,,,shotclockexpired,,Shot Clock Violation.,5,9,,,,,,,,,0.7946,0.2054,,,3,7,,,
2026-ev-1,turnover-1020210,114,2,00:47,1393,ARC,Utah Archers,,,,,turnover,,Turnover by UTA,5,9,,,,,,,,,0.7946,0.2054,,,3,7,,,
2026-ev-1,groundball-1020700,115,2,00:28,1412,RED,California Redwoods,003160,Andrew McAdorey,,,groundball,,Groundball picked up by A. McAdorey.,5,9,,,,,,,,,,,,,3,7,,False,
2026-ev-1,shot-1021300,116,2,00:06,1434,RED,California Redwoods,000305,Romar Dennis,,,shot,2_PT,Missed shot(2pt) by Romar Dennis.,3,7,,001773,Nick Washuta,False,False,,,,0.8017,0.1983,,,3,7,missed,,
2026-ev-1,faceoff-2000100,117,3,11:56,1444,RED,California Redwoods,001812,TD Ierlan,003004,Mike Sisselberger,faceoff,,Faceoff win T. Ierlan (vs. M. Sisselberger). GB CAL J. Conners.,5,9,001813,,,,,,,,0.8034,0.1966,,,3,7,,,
2026-ev-1,groundball-2000200,118,3,11:56,1444,RED,California Redwoods,001813,Jared Conners,,,groundball,,Groundball picked up by J. Conners.,5,9,,,,,,,,,,,,,3,7,,False,
2026-ev-1,shot-2000500,119,3,11:46,1454,RED,California Redwoods,001812,TD Ierlan,001813,Jared Conners,shot,2_PT,Missed shot(2pt) by TD Ierlan. Save by UTA N. Washuta.,3,7,,001773,Nick Washuta,True,True,messy,,,0.8052,0.1948,,,3,7,saved,,
2026-ev-1,shot-2001100,120,3,11:20,1480,RED,California Redwoods,003156,Aidan Danenza,,,shot,1_PT,Missed shot by Aidan Danenza. Save by UTA N. Washuta.,3,7,,001773,Nick Washuta,True,True,clean,,,0.7796,0.2204,,,3,7,saved,,
2026-ev-1,penalty-2001400,121,3,11:18,1482,ARC,Utah Archers,003006,Piper Bond,,,penalty,,UTA Piper Bond 30 sec penalty for Holding.,5,9,,,,,,,30.0,Holding,,,,,3,7,,,True
2026-ev-1,shot-2002900,122,3,10:57,1503,RED,California Redwoods,003156,Aidan Danenza,003104,Michael Boehm,shot,2_PT,Missed shot(2pt) by Aidan Danenza. Save by UTA N. Washuta.,3,7,,001773,Nick Washuta,True,True,messy,,,0.7837,0.2163,,,3,7,saved,,
2026-ev-1,groundball-2003100,123,3,10:50,1510,ARC,Utah Archers,003163,Brendan Lavelle,,,groundball,,Groundball picked up by B. Lavelle.,5,9,,,,,,,,,,,,,3,7,,False,
2026-ev-1,shotclockexpired-2004000,124,3,09:58,1562,ARC,Utah Archers,,,,,shotclockexpired,,Shot Clock Violation.,5,9,,,,,,,,,0.8247,0.1753,,,3,7,,,
2026-ev-1,turnover-2004010,125,3,09:58,1562,ARC,Utah Archers,,,,,turnover,,Turnover by UTA,5,9,,,,,,,,,0.8247,0.1753,,,3,7,,,
2026-ev-1,shot-2004300,126,3,09:50,1570,RED,California Redwoods,002054,Chris Merle,,,shot,1_PT,Missed shot by Chris Merle.,3,7,,001773,Nick Washuta,False,False,,,,0.8262,0.1738,,,3,7,missed,,
2026-ev-1,shot-2004600,127,3,09:31,1589,RED,California Redwoods,001001,Dylan Molloy,,,shot,1_PT,Missed shot by Dylan Molloy. Save by UTA N. Washuta.,3,7,,001773,Nick Washuta,True,True,messy,,,0.8297,0.1703,,,3,7,saved,,
2026-ev-1,shot-2005100,128,3,09:04,1616,RED,California Redwoods,003160,Andrew McAdorey,,,goal,1_PT,GOAL by A. McAdorey.,3,8,,001773,Nick Washuta,,,,,,0.8787,0.1213,True,,3,8,goal,,
2026-ev-1,faceoff-2005200,129,3,09:02,1618,RED,California Redwoods,001812,TD Ierlan,003004,Mike Sisselberger,faceoff,,Faceoff win T. Ierlan (vs. M. Sisselberger). GB CAL T. Ierlan.,5,9,001812,,,,,,,,0.8869,0.1131,,,3,8,,,
2026-ev-1,groundball-2005300,130,3,09:02,1618,RED,California Redwoods,001812,TD Ierlan,,,groundball,,Groundball picked up by T. Ierlan.,5,9,,,,,,,,,,,,,3,8,,False,
2026-ev-1,shot-2006200,131,3,08:34,1646,RED,California Redwoods,000305,Romar Dennis,,,shot,1_PT,Missed shot by Romar Dennis.,3,8,,001773,Nick Washuta,False,False,,,,0.8919,0.1081,,,3,8,missed,,
2026-ev-1,shot-2006600,132,3,07:59,1681,RED,California Redwoods,003253,Marcus Wertheim,,,shot,1_PT,Missed shot by Marcus Wertheim.,3,8,,001773,Nick Washuta,False,False,,,,0.8981,0.1019,,,3,8,missed,,
2026-ev-1,groundball-2006700,133,3,07:58,1682,RED,California Redwoods,001001,Dylan Molloy,,,groundball,,Groundball picked up by D. Molloy.,5,9,,,,,,,,,,,,,3,8,,False,
2026-ev-1,turnover-2006710,134,3,07:58,1682,RED,California Redwoods,,,,,turnover,,Turnover by CAL,5,9,,,,,,,,,0.8826,0.1174,,,3,8,,,
2026-ev-1,groundball-2006900,135,3,07:51,1689,ARC,Utah Archers,003177,Mitchell Dunham,,,groundball,,Groundball picked up by M. Dunham.,5,9,,,,,,,,,,,,,3,8,,False,
2026-ev-1,shot-2007900,136,3,07:13,1727,ARC,Utah Archers,003006,Piper Bond,003174,Sam King,shot,1_PT,Missed shot by Piper Bond.,3,8,,000418,Dillon Ward,False,False,,,,0.8912,0.1088,,,3,8,missed,,
2026-ev-1,shotclockexpired-2008200,137,3,06:53,1747,ARC,Utah Archers,,,,,shotclockexpired,,Shot Clock Violation.,5,9,,,,,,,,,0.9096,0.0904,,,3,8,,,
2026-ev-1,turnover-2008210,138,3,06:53,1747,ARC,Utah Archers,,,,,turnover,,Turnover by UTA,5,9,,,,,,,,,0.9096,0.0904,,,3,8,,,
2026-ev-1,groundball-2008500,139,3,06:38,1762,RED,California Redwoods,003121,Brayden Mayea,,,groundball,,Groundball picked up by B. Mayea.,5,9,,,,,,,,,,,,,3,8,,False,
2026-ev-1,groundball-2008600,140,3,06:36,1764,RED,California Redwoods,003105,Cole Kastner,,,groundball,,Groundball picked up by C. Kastner.,5,9,,,,,,,,,,,,,3,8,,False,
2026-ev-1,shot-2009100,141,3,06:08,1792,RED,California Redwoods,003156,Aidan Danenza,,,shot,1_PT,Missed shot by Aidan Danenza.,3,8,,001773,Nick Washuta,False,False,,,,0.9173,0.0827,,,3,8,missed,,
2026-ev-1,shotclockexpired-2009400,142,3,05:44,1816,RED,California Redwoods,,,,,shotclockexpired,,Shot Clock Violation.,5,9,,,,,,,,,0.908,0.092,,,3,8,,,
2026-ev-1,turnover-2009410,143,3,05:44,1816,RED,California Redwoods,,,,,turnover,,Turnover by CAL,5,9,,,,,,,,,0.908,0.092,,,3,8,,,
2026-ev-1,shot-2010100,144,3,05:09,1851,ARC,Utah Archers,003174,Sam King,,,shot,1_PT,Missed shot by Sam King.,3,8,,000418,Dillon Ward,False,False,,,,0.9144,0.0856,,,3,8,missed,,
2026-ev-1,turnover-2010210,145,3,05:08,1852,ARC,Utah Archers,,,,,turnover,,Turnover by UTA,5,9,,,,,,,,,0.9272,0.0728,,,3,8,,,
2026-ev-1,groundball-2010800,146,3,04:31,1889,RED,California Redwoods,003160,Andrew McAdorey,,,groundball,,Groundball picked up by A. McAdorey.,5,9,,,,,,,,,,,,,3,8,,False,
2026-ev-1,shot-2011200,147,3,04:21,1899,RED,California Redwoods,001001,Dylan Molloy,003211,Josh Balcarcel,goal,1_PT,GOAL by D. Molloy. Assist J. Balcarcel.,3,9,,001773,Nick Washuta,,,,,,0.9537,0.0463,True,,3,9,goal,,
2026-ev-1,faceoff-2011300,148,3,04:16,1904,ARC,Utah Archers,003004,Mike Sisselberger,001812,TD Ierlan,faceoff,,Faceoff win M. Sisselberger (vs. T. Ierlan). GB UTA B. Pederson.,5,9,003087,,,,,,,,0.9519,0.0481,,,3,9,,,
2026-ev-1,groundball-2011400,149,3,04:16,1904,ARC,Utah Archers,003087,Beau Pederson,,,groundball,,Groundball picked up by B. Pederson.,5,9,,,,,,,,,,,,,3,9,,False,
2026-ev-1,groundball-2011600,150,3,04:08,1912,ARC,Utah Archers,003174,Sam King,,,groundball,,Groundball picked up by S. King.,5,9,,,,,,,,,,,,,3,9,,False,
2026-ev-1,groundball-2011800,151,3,03:44,1936,RED,California Redwoods,000418,Dillon Ward,,,groundball,,Groundball picked up by D. Ward.,5,9,,,,,,,,,,,,,3,9,,False,
2026-ev-1,penalty-2012000,152,3,03:44,1936,RED,California Redwoods,002054,Chris Merle,,,penalty,,CAL Chris Merle 30 sec penalty for Holding.,5,9,,,,,,,30.0,Holding,,,,,3,9,,,True
2026-ev-1,shot-2013600,153,3,03:18,1962,ARC,Utah Archers,003203,CK Giancola,001814,Mac O'Keefe,shot,2_PT,Missed shot(2pt) by CK Giancola.,3,9,,000418,Dillon Ward,False,False,,,,0.9591,0.0409,,,3,9,missed,,
2026-ev-1,shot-2014100,154,3,03:02,1978,ARC,Utah Archers,003203,CK Giancola,003248,Ryan Stines,shot,2_PT,Missed shot(2pt) by CK Giancola.,3,9,,000418,Dillon Ward,False,False,,,,0.961,0.039,,,3,9,missed,,
2026-ev-1,shot-2014400,155,3,02:50,1990,ARC,Utah Archers,001814,Mac O'Keefe,,,shot,1_PT,Missed shot by Mac O'Keefe. Save by CAL D. Ward.,3,9,,000418,Dillon Ward,True,True,messy,,,0.966,0.034,,,3,9,saved,,
2026-ev-1,turnover-2014700,156,3,02:35,2005,RED,California Redwoods,,,,,turnover,,Turnover by CAL,5,9,,,,,,,,,0.9641,0.0359,,,3,9,,,
2026-ev-1,groundball-2014800,157,3,02:33,2007,ARC,Utah Archers,003248,Ryan Stines,,,groundball,,Groundball picked up by R. Stines.,5,9,,,,,,,,,,,,,3,9,,False,
2026-ev-1,shot-2015300,158,3,02:06,2034,ARC,Utah Archers,003090,Dyson Williams,003203,CK Giancola,shot,1_PT,Missed shot by Dyson Williams. Save by CAL D. Ward.,3,9,,000418,Dillon Ward,True,True,messy,,,0.9704,0.0296,,,3,9,saved,,
2026-ev-1,groundball-2015500,159,3,02:04,2036,RED,California Redwoods,003160,Andrew McAdorey,,,groundball,,Groundball picked up by A. McAdorey.,5,9,,,,,,,,,,,,,3,9,,False,
2026-ev-1,turnover-2015710,160,3,01:55,2045,RED,California Redwoods,,,,,turnover,,Turnover by CAL,5,9,,,,,,,,,0.9684,0.0316,,,3,9,,,
2026-ev-1,groundball-2015900,161,3,01:49,2051,ARC,Utah Archers,003203,CK Giancola,,,groundball,,Groundball picked up by C. Giancola.,5,9,,,,,,,,,,,,,3,9,,False,
2026-ev-1,shot-2016400,162,3,01:30,2070,ARC,Utah Archers,001814,Mac O'Keefe,003174,Sam King,shot,1_PT,Missed shot by Mac O'Keefe.,3,9,,000418,Dillon Ward,False,False,,,,0.9709,0.0291,,,3,9,missed,,
2026-ev-1,penalty-2016700,163,3,01:28,2072,RED,California Redwoods,003121,Brayden Mayea,,,penalty,,CAL Brayden Mayea 30 sec penalty for Holding.,5,9,,,,,,,30.0,Holding,,,,,3,9,,,True
2026-ev-1,faceoff-2017600,164,3,01:12,2088,RED,California Redwoods,001812,TD Ierlan,003004,Mike Sisselberger,faceoff,,Faceoff win T. Ierlan (vs. M. Sisselberger). GB CAL T. Ierlan.,5,9,001812,,,,,,,,0.9611,0.0389,,,3,9,,,
2026-ev-1,groundball-2017700,165,3,01:12,2088,RED,California Redwoods,001812,TD Ierlan,,,groundball,,Groundball picked up by T. Ierlan.,5,9,,,,,,,,,,,,,3,9,,False,
2026-ev-1,shot-2017500,166,3,01:12,2088,ARC,Utah Archers,001814,Mac O'Keefe,003248,Ryan Stines,goal,MU,PP Goal by M. O'Keefe. Assist R. Stines.,4,9,,000418,Dillon Ward,,,,,,0.9575,0.0425,True,,4,9,goal,,
2026-ev-1,shot-2018500,167,3,00:44,2116,RED,California Redwoods,003104,Michael Boehm,003160,Andrew McAdorey,shot,1_PT,Missed shot by Michael Boehm.,4,9,,001773,Nick Washuta,False,False,,,,0.9644,0.0356,,,4,9,missed,,
2026-ev-1,shotclockexpired-2018700,168,3,00:37,2123,RED,California Redwoods,,,,,shotclockexpired,,Shot Clock Violation.,5,9,,,,,,,,,0.9582,0.0418,,,4,9,,,
2026-ev-1,turnover-2018710,169,3,00:37,2123,RED,California Redwoods,,,,,turnover,,Turnover by CAL,5,9,,,,,,,,,0.9582,0.0418,,,4,9,,,
2026-ev-1,shot-2019600,170,3,00:02,2158,ARC,Utah Archers,003090,Dyson Williams,001814,Mac O'Keefe,shot,1_PT,Missed shot by Dyson Williams.,4,9,,000418,Dillon Ward,False,False,,,,0.9627,0.0373,,,4,9,missed,,
2026-ev-1,groundball-2019800,171,3,00:00,2160,ARC,Utah Archers,003006,Piper Bond,,,groundball,,Groundball picked up by P. Bond.,5,9,,,,,,,,,,,,,4,9,,False,
2026-ev-1,faceoff-3000100,172,4,11:58,2162,RED,California Redwoods,001812,TD Ierlan,003004,Mike Sisselberger,faceoff,,Faceoff win T. Ierlan (vs. M. Sisselberger). GB CAL T. Ierlan.,5,9,001812,,,,,,,,0.9696,0.0304,,,4,9,,,
2026-ev-1,groundball-3000200,173,4,11:58,2162,RED,California Redwoods,001812,TD Ierlan,,,groundball,,Groundball picked up by T. Ierlan.,5,9,,,,,,,,,,,,,4,9,,False,
2026-ev-1,shot-3000300,174,4,11:56,2164,RED,California Redwoods,001812,TD Ierlan,,,shot,1_PT,Missed shot by TD Ierlan. Save by UTA N. Washuta.,4,9,,001773,Nick Washuta,True,True,messy,,,0.9996,0.0004,,,4,9,saved,,
2026-ev-1,shot-3001200,175,4,11:14,2206,ARC,Utah Archers,003203,CK Giancola,,,goal,1_PT,GOAL by C. Giancola.,5,9,,000418,Dillon Ward,,,,,,0.9959,0.0041,True,,5,9,goal,,
2026-ev-1,faceoff-3001300,176,4,11:11,2209,ARC,Utah Archers,003004,Mike Sisselberger,001812,TD Ierlan,faceoff,,Faceoff win M. Sisselberger (vs. T. Ierlan). GB UTA M. Sisselberger.,5,9,003004,,,,,,,,0.9948,0.0052,,,5,9,,,
2026-ev-1,groundball-3001400,177,4,11:11,2209,ARC,Utah Archers,003004,Mike Sisselberger,,,groundball,,Groundball picked up by M. Sisselberger.,5,9,,,,,,,,,,,,,5,9,,False,
2026-ev-1,groundball-3001500,178,4,11:07,2213,ARC,Utah Archers,003005,Connor Maher,,,groundball,,Groundball picked up by C. Maher.,5,9,,,,,,,,,,,,,5,9,,False,
2026-ev-1,turnover-3001510,179,4,11:07,2213,ARC,Utah Archers,,,,,turnover,,Turnover by UTA,5,9,,,,,,,,,0.9968,0.0032,,,5,9,,,
2026-ev-1,groundball-3001700,180,4,11:02,2218,RED,California Redwoods,001812,TD Ierlan,,,groundball,,Groundball picked up by T. Ierlan.,5,9,,,,,,,,,,,,,5,9,,False,
2026-ev-1,shotclockexpired-3002900,181,4,10:10,2270,RED,California Redwoods,,,,,shotclockexpired,,Shot Clock Violation.,5,9,,,,,,,,,0.9948,0.0052,,,5,9,,,
2026-ev-1,turnover-3002910,182,4,10:10,2270,RED,California Redwoods,,,,,turnover,,Turnover by CAL,5,9,,,,,,,,,,,,,5,9,,,
2026-ev-1,turnover-3003510,183,4,09:46,2294,ARC,Utah Archers,,,,,turnover,,Turnover by UTA,5,9,,,,,,,,,0.9968,0.0032,,,5,9,,,
2026-ev-1,groundball-3003700,184,4,09:31,2309,RED,California Redwoods,003185,Carter Rice,,,groundball,,Groundball picked up by C. Rice.,5,9,,,,,,,,,,,,,5,9,,False,
2026-ev-1,shot-3004000,185,4,09:27,2313,RED,California Redwoods,001001,Dylan Molloy,003029,Chris Fake,shot,1_PT,Missed shot by Dylan Molloy. Save by UTA N. Washuta.,5,9,,001773,Nick Washuta,True,True,clean,,,0.9968,0.0032,,,5,9,saved,,
2026-ev-1,shot-3004600,186,4,09:17,2323,ARC,Utah Archers,003090,Dyson Williams,003174,Sam King,goal,1_PT,,5,9,,000418,Dillon Ward,True,True,clean,,,0.9959,0.0041,False,"score_delta_mismatch(dh=0,da=0,expected=1); empty_description; shot_saved_true",5,9,saved,,
2026-ev-1,turnover-3005810,187,4,08:36,2364,RED,California Redwoods,,,,,turnover,,Turnover by CAL,5,9,,,,,,,,,0.9948,0.0052,,,5,9,,,
2026-ev-1,groundball-3006000,188,4,08:25,2375,ARC,Utah Archers,003177,Mitchell Dunham,,,groundball,,Groundball picked up by M. Dunham.,5,9,,,,,,,,,,,,,5,9,,False,
2026-ev-1,turnover-3006010,189,4,08:25,2375,ARC,Utah Archers,,,,,turnover,,Turnover by UTA,5,9,,,,,,,,,0.9968,0.0032,,,5,9,,,
2026-ev-1,groundball-3006200,190,4,08:18,2382,RED,California Redwoods,003156,Aidan Danenza,,,groundball,,Groundball picked up by A. Danenza.,5,9,,,,,,,,,,,,,5,9,,False,
2026-ev-1,groundball-3006300,191,4,08:18,2382,RED,California Redwoods,003156,Aidan Danenza,,,groundball,,Groundball picked up by A. Danenza.,5,9,,,,,,,,,,,,,5,9,,True,
2026-ev-1,shot-3006600,192,4,07:51,2409,RED,California Redwoods,003121,Brayden Mayea,,,shot,1_PT,Missed shot by Brayden Mayea. Save by UTA N. Washuta.,5,9,,001773,Nick Washuta,True,True,messy,,,0.9968,0.0032,,,5,9,saved,,
2026-ev-1,groundball-3006800,193,4,07:49,2411,ARC,Utah Archers,003082,Mason Woodward,,,groundball,,Groundball picked up by M. Woodward.,5,9,,,,,,,,,,,,,5,9,,False,
2026-ev-1,shot-3007100,194,4,07:33,2427,ARC,Utah Archers,003174,Sam King,,,shot,1_PT,Missed shot by Sam King. Save by CAL D. Ward.,5,9,,000418,Dillon Ward,True,True,messy,,,0.9948,0.0052,,,5,9,saved,,
2026-ev-1,groundball-3007300,195,4,07:29,2431,RED,California Redwoods,003109,Chris Conlin,,,groundball,,Groundball picked up by C. Conlin.,5,9,,,,,,,,,,,,,5,9,,False,
2026-ev-1,shot-3007600,196,4,07:21,2439,RED,California Redwoods,001813,Jared Conners,003109,Chris Conlin,shot,2_PT,Missed shot(2pt) by Jared Conners.,5,9,,001773,Nick Washuta,False,False,,,,0.9968,0.0032,,,5,9,missed,,
2026-ev-1,shot-3008300,197,4,06:30,2490,ARC,Utah Archers,000221,Ryan Ambler,,,shot,1_PT,Missed shot by Ryan Ambler.,5,9,,000418,Dillon Ward,False,False,,,,0.9948,0.0052,,,5,9,missed,,
2026-ev-1,turnover-3008810,198,4,06:04,2516,RED,California Redwoods,,,,,turnover,,Turnover by CAL,5,9,,,,,,,,,0.9948,0.0052,,,5,9,,,
2026-ev-1,groundball-3008900,199,4,05:45,2535,ARC,Utah Archers,003006,Piper Bond,,,groundball,,Groundball picked up by P. Bond.,5,9,,,,,,,,,,,,,5,9,,False,
2026-ev-1,penalty-3009100,200,4,05:45,2535,ARC,Utah Archers,003006,Piper Bond,,,penalty,,UTA Piper Bond 1 min penalty for Cross Checking.,5,9,,,,,,,60.0,Cross Checking,,,,,5,9,,,True
2026-ev-1,shot-3011600,201,4,05:05,2575,RED,California Redwoods,003253,Marcus Wertheim,003104,Michael Boehm,shot,1_PT,Missed shot by Marcus Wertheim. Save by UTA N. Washuta.,5,9,,001773,Nick Washuta,True,True,messy,,,0.9968,0.0032,,,5,9,saved,,
2026-ev-1,shot-3013000,202,4,04:33,2607,RED,California Redwoods,003253,Marcus Wertheim,003160,Andrew McAdorey,shot,1_PT,Missed shot by Marcus Wertheim.,5,9,,001773,Nick Washuta,False,False,,,,0.9968,0.0032,,,5,9,missed,,
2026-ev-1,shot-3013200,203,4,04:23,2617,RED,California Redwoods,001001,Dylan Molloy,,,shot,1_PT,Missed shot by Dylan Molloy.,5,9,,001773,Nick Washuta,False,False,,,,0.9968,0.0032,,,5,9,missed,,
2026-ev-1,shotclockexpired-3013400,204,4,04:03,2637,RED,California Redwoods,,,,,shotclockexpired,,Shot Clock Violation.,5,9,,,,,,,,,0.9948,0.0052,,,5,9,,,
2026-ev-1,turnover-3013410,205,4,04:03,2637,RED,California Redwoods,,,,,turnover,,Turnover by CAL,5,9,,,,,,,,,,,,,5,9,,,
2026-ev-1,shot-3014300,206,4,03:19,2681,ARC,Utah Archers,001814,Mac O'Keefe,000262,Connor Fields,shot,1_PT,Missed shot by Mac O'Keefe. Save by CAL D. Ward.,5,9,,000418,Dillon Ward,True,True,messy,,,0.9948,0.0052,,,5,9,saved,,
2026-ev-1,shot-3014700,207,4,03:02,2698,ARC,Utah Archers,003203,CK Giancola,,,shot,1_PT,Missed shot by CK Giancola.,5,9,,000418,Dillon Ward,False,False,,,,0.9948,0.0052,,,5,9,missed,,
2026-ev-1,shotclockexpired-3014900,208,4,02:49,2711,ARC,Utah Archers,,,,,shotclockexpired,,Shot Clock Violation.,5,9,,,,,,,,,0.9968,0.0032,,,5,9,,,
2026-ev-1,turnover-3014910,209,4,02:49,2711,ARC,Utah Archers,,,,,turnover,,Turnover by UTA,5,9,,,,,,,,,,,,,5,9,,,
2026-ev-1,groundball-3015700,210,4,01:45,2775,RED,California Redwoods,001001,Dylan Molloy,,,groundball,,Groundball picked up by D. Molloy.,5,9,,,,,,,,,,,,,5,9,,False,
2026-ev-1,shot-3015800,211,4,01:42,2778,RED,California Redwoods,001001,Dylan Molloy,,,shot,2_PT,Missed shot(2pt) by Dylan Molloy.,5,9,,001773,Nick Washuta,False,False,,,,0.9968,0.0032,,,5,9,missed,,
2026-ev-1,shotclockexpired-3016000,212,4,01:38,2782,RED,California Redwoods,,,,,shotclockexpired,,Shot Clock Violation.,5,9,,,,,,,,,0.9948,0.0052,,,5,9,,,
2026-ev-1,turnover-3016010,213,4,01:38,2782,RED,California Redwoods,,,,,turnover,,Turnover by CAL,5,9,,,,,,,,,,,,,5,9,,,
2026-ev-1,shot-3017200,214,4,01:04,2816,ARC,Utah Archers,001814,Mac O'Keefe,003203,CK Giancola,shot,1_PT,Missed shot by Mac O'Keefe. Save by CAL D. Ward.,5,9,,000418,Dillon Ward,True,True,messy,,,0.9948,0.0052,,,5,9,saved,,
2026-ev-1,groundball-3017600,215,4,00:50,2830,ARC,Utah Archers,003248,Ryan Stines,,,groundball,,Groundball picked up by R. Stines.,5,9,,,,,,,,,,,,,5,9,,False,
2026-ev-1,groundball-3017700,216,4,00:50,2830,ARC,Utah Archers,003248,Ryan Stines,,,groundball,,Groundball picked up by R. Stines.,5,9,,,,,,,,,,,,,5,9,,True,
2026-ev-1,groundball-3017800,217,4,00:49,2831,ARC,Utah Archers,003248,Ryan Stines,,,groundball,,Groundball picked up by R. Stines.,5,9,,,,,,,,,,,,,5,9,,True,
2026-ev-1,shot-3017700,218,4,00:45,2835,ARC,Utah Archers,003203,CK Giancola,,,shot,2_PT,Missed shot(2pt) by CK Giancola.,5,9,,000418,Dillon Ward,False,False,,,,0.9948,0.0052,,,5,9,missed,,
2026-ev-1,groundball-3017900,219,4,00:42,2838,RED,California Redwoods,001813,Jared Conners,,,groundball,,Groundball picked up by J. Conners.,5,9,,,,,,,,,,,,,5,9,,False,
2026-ev-1,gameEnd,220,4,00:00,2880,,,,,,,gameEnd,,Game End,5,9,,,,,,,,,1.0,0.0,,,5,9,,,
