season,player_id,team_id,aggregation_level,player_name,positions,games_played,touches,turnovers,faceoffs,faceoff_wins,caused_turnovers,ground_balls,penalties,shots,a1,a2,g1,g2,sog,unresolved_sog,team_shots_in_appearances,team_a2_in_appearances,team_faceoffs_in_appearances,sv1,sv2,ga1,ga2,unresolved_goalie_sog,sog2_faced,attempts,goals,scoring_points,resolved_saves,resolved_shots_faced,p1,p2,league_turnover_per_touch,league_faceoff_rate,league_save_rate,shooting_pct,shots_on_goal_pct,scoring_points_per_shot,turnovers_per_touch,turnovers_below_expected,shooting_value_above_expected,shot_share,team_two_point_attempt_share,two_point_attempt_rate,two_point_conversion_pct,two_point_shooting_value,faceoff_pct,draw_share,faceoff_wins_above_average,save_pct,one_point_save_pct,two_point_save_pct,saves_above_average,resolved_coverage,goalie_two_point_shot_mix_faced,caused_turnovers_per_game,ground_balls_per_game,penalties_per_game
2026,000216,ALL,SEASON,Marcus Holman,A,2,77,1,0,0,0,7,0,14,10,4,2,0,5,1,82,14,46,0,0,0,0,0,0,14,2,2,0,0,0.292079207921,0.136801541426,0.0518324191112,0.496817820207,0.537666810159,0.142857142857,0.357142857143,0.142857142857,0.012987012987,2.99109627156,-2.01520441061,0.170731707317,0.285714285714,0.285714285714,0,-1.09441233141,,0,,,,,,,,0,3.5,0
2026,000216,CAN,STINT,Marcus Holman,A,2,77,1,0,0,0,7,0,14,10,4,2,0,5,1,82,14,46,0,0,0,0,0,0,14,2,2,0,0,0.292079207921,0.136801541426,0.0518324191112,0.496817820207,0.537666810159,0.142857142857,0.357142857143,0.142857142857,0.012987012987,2.99109627156,-2.01520441061,0.170731707317,0.285714285714,0.285714285714,0,-1.09441233141,,0,,,,,,,,0,3.5,0
2026,000221,ALL,SEASON,Ryan Ambler,M,1,17,1,0,0,0,0,0,1,1,0,0,0,1,0,28,3,18,0,0,0,0,0,0,1,0,0,0,0,0.292079207921,0.136801541426,0.0518324191112,0.496817820207,0.537666810159,0,1,0,0.0588235294118,-0.118848875109,-0.292079207921,0.0357142857143,0,0,,,,0,,,,,,,,0,0,0
2026,000221,ARC,STINT,Ryan Ambler,M,1,17,1,0,0,0,0,0,1,1,0,0,0,1,0,28,3,18,0,0,0,0,0,0,1,0,0,0,0,0.292079207921,0.136801541426,0.0518324191112,0.496817820207,0.537666810159,0,1,0,0.0588235294118,-0.118848875109,-0.292079207921,0.0357142857143,0,0,,,,0,,,,,,,,0,0,0
2026,000225,ALL,SEASON,Tom Schreiber,M,1,0,0,0,0,0,0,0,0,0,0,0,0,0,0,28,3,18,0,0,0,0,0,0,0,0,0,0,0,0.292079207921,0.136801541426,0.0518324191112,0.496817820207,0.537666810159,,,,,,,0,0,,,,,0,,,,,,,,0,0,0
2026,000225,ARC,STINT,Tom Schreiber,M,1,0,0,0,0,0,0,0,0,0,0,0,0,0,0,28,3,18,0,0,0,0,0,0,0,0,0,0,0,0.292079207921,0.136801541426,0.0518324191112,0.496817820207,0.537666810159,,,,,,,0,0,,,,,0,,,,,,,,0,0,0
2026,000240,ALL,SEASON,Kieran McArdle,A,2,26,2,0,0,0,2,0,7,7,0,2,0,5,2,77,9,48,0,0,0,0,0,0,7,2,2,0,0,0.292079207921,0.136801541426,0.0518324191112,0.496817820207,0.537666810159,0.285714285714,0.714285714286,0.285714285714,0.0769230769231,-0.652357103108,-0.0445544554455,0.0909090909091,0,0,,,,0,,,,,,,,0,1,0
2026,000240,WAT,STINT,Kieran McArdle,A,2,26,2,0,0,0,2,0,7,7,0,2,0,5,2,77,9,48,0,0,0,0,0,0,7,2,2,0,0,0.292079207921,0.136801541426,0.0518324191112,0.496817820207,0.537666810159,0.285714285714,0.714285714286,0.285714285714,0.0769230769231,-0.652357103108,-0.0445544554455,0.0909090909091,0,0,,,,0,,,,,,,,0,1,0
2026,000262,ALL,SEASON,Connor Fields,A,1,30,4,0,0,0,0,0,1,1,0,1,0,1,0,28,3,18,0,0,0,0,0,0,1,1,1,0,0,0.292079207921,0.136801541426,0.0518324191112,0.496817820207,0.537666810159,1,1,1,0.133333333333,-2.44502742666,0.707920792079,0.0357142857143,0,0,,,,0,,,,,,,,0,0,0
2026,000262,ARC,STINT,Connor Fields,A,1,30,4,0,0,0,0,0,1,1,0,1,0,1,0,28,3,18,0,0,0,0,0,0,1,1,1,0,0,0.292079207921,0.136801541426,0.0518324191112,0.496817820207,0.537666810159,1,1,1,0.133333333333,-2.44502742666,0.707920792079,0.0357142857143,0,0,,,,0,,,,,,,,0,0,0
2026,000302,ALL,SEASON,Michael Manley,D,3,25,1,0,0,3,5,1,1,0,1,0,0,0,0,118,23,72,0,0,0,0,0,0,1,0,0,0,0,0.292079207921,0.136801541426,0.0518324191112,0.496817820207,0.537666810159,0,0,0,0.04,0.29581047778,-0.273603082852,0.00847457627119,0.0434782608696,1,0,-0.273603082852,,0,,,,,,,,1,1.66666666667,0.333333333333
2026,000302,OUT,STINT,Michael Manley,D,3,25,1,0,0,3,5,1,1,0,1,0,0,0,0,118,23,72,0,0,0,0,0,0,1,0,0,0,0,0.292079207921,0.136801541426,0.0518324191112,0.496817820207,0.537666810159,0,0,0,0.04,0.29581047778,-0.273603082852,0.00847457627119,0.0434782608696,1,0,-0.273603082852,,0,,,,,,,,1,1.66666666667,0.333333333333
2026,000355,ALL,SEASON,Matthew Dunn,D,1,9,0,0,0,0,1,0,0,0,0,0,0,0,0,33,2,20,0,0,0,0,0,0,0,0,0,0,0,0.292079207921,0.136801541426,0.0518324191112,0.496817820207,0.537666810159,,,,0,0.466491772001,,0,0,,,,,0,,,,,,,,0,1,0
2026,000355,WHP,STINT,Matthew Dunn,D,1,9,0,0,0,0,1,0,0,0,0,0,0,0,0,33,2,20,0,0,0,0,0,0,0,0,0,0,0,0.292079207921,0.136801541426,0.0518324191112,0.496817820207,0.537666810159,,,,0,0.466491772001,,0,0,,,,,0,,,,,,,,0,1,0
2026,000359,ALL,SEASON,Tim Muller,D,1,9,0,0,0,2,1,0,0,0,0,0,0,0,0,33,2,20,0,0,0,0,0,0,0,0,0,0,0,0.292079207921,0.136801541426,0.0518324191112,0.496817820207,0.537666810159,,,,0,0.466491772001,,0,0,,,,,0,,,,,,,,2,1,0
2026,000359,WHP,STINT,Tim Muller,D,1,9,0,0,0,2,1,0,0,0,0,0,0,0,0,33,2,20,0,0,0,0,0,0,0,0,0,0,0,0.292079207921,0.136801541426,0.0518324191112,0.496817820207,0.537666810159,,,,0,0.466491772001,,0,0,,,,,0,,,,,,,,2,1,0
2026,000373,ALL,SEASON,Ryder Garnsey,M,1,35,1,0,0,1,1,0,6,5,1,0,0,4,0,44,6,32,0,0,0,0,0,0,6,0,0,0,0,0.292079207921,0.136801541426,0.0518324191112,0.496817820207,0.537666810159,0,0.666666666667,0,0.0285714285714,0.814134668893,-1.73399912246,0.136363636364,0.166666666667,0.166666666667,0,-0.273603082852,,0,,,,,,,,1,1,0
2026,000373,RED,STINT,Ryder Garnsey,M,1,35,1,0,0,1,1,0,6,5,1,0,0,4,0,44,6,32,0,0,0,0,0,0,6,0,0,0,0,0.292079207921,0.136801541426,0.0518324191112,0.496817820207,0.537666810159,0,0.666666666667,0,0.0285714285714,0.814134668893,-1.73399912246,0.136363636364,0.166666666667,0.166666666667,0,-0.273603082852,,0,,,,,,,,1,1,0
2026,000408,ALL,SEASON,Matt DeLuca,G,1,1,0,0,0,0,0,0,0,0,0,0,0,0,0,39,3,22,0,1,0,0,0,1,0,0,0,1,1,0.292079207921,0.136801541426,0.0518324191112,0.496817820207,0.537666810159,,,,0,0.0518324191112,,0,0,,,,,0,,1,,1,0.462333189841,1,1,0,0,0
2026,000408,WAT,STINT,Matt DeLuca,G,1,1,0,0,0,0,0,0,0,0,0,0,0,0,0,39,3,22,0,1,0,0,0,1,0,0,0,1,1,0.292079207921,0.136801541426,0.0518324191112,0.496817820207,0.537666810159,,,,0,0.0518324191112,,0,0,,,,,0,,1,,1,0.462333189841,1,1,0,0,0
2026,000409,ALL,SEASON,Zach Currier,SSDM,2,41,1,2,2,2,18,0,3,3,0,2,0,2,0,77,9,48,0,0,0,0,0,0,3,2,2,0,0,0.292079207921,0.136801541426,0.0518324191112,0.496817820207,0.537666810159,0.666666666667,0.666666666667,0.666666666667,0.0243902439024,1.12512918356,1.12376237624,0.038961038961,0,0,,,1,0.0416666666667,1.00636435959,,,,,,,1,9,0
2026,000409,WAT,STINT,Zach Currier,SSDM,2,41,1,2,2,2,18,0,3,3,0,2,0,2,0,77,9,48,0,0,0,0,0,0,3,2,2,0,0,0.292079207921,0.136801541426,0.0518324191112,0.496817820207,0.537666810159,0.666666666667,0.666666666667,0.666666666667,0.0243902439024,1.12512918356,1.12376237624,0.038961038961,0,0,,,1,0.0416666666667,1.00636435959,,,,,,,1,9,0
2026,000414,ALL,SEASON,Rob Pannell,A,1,21,4,0,0,1,2,0,5,5,0,1,0,2,0,33,2,20,0,0,0,0,0,0,5,1,1,0,0,0.292079207921,0.136801541426,0.0518324191112,0.496817820207,0.537666810159,0.2,0.4,0.2,0.190476190476,-2.91151919866,-0.460396039604,0.151515151515,0,0,,,,0,,,,,,,,1,2,0
2026,000414,WHP,STINT,Rob Pannell,A,1,21,4,0,0,1,2,0,5,5,0,1,0,2,0,33,2,20,0,0,0,0,0,0,5,1,1,0,0,0.292079207921,0.136801541426,0.0518324191112,0.496817820207,0.537666810159,0.2,0.4,0.2,0.190476190476,-2.91151919866,-0.460396039604,0.151515151515,0,0,,,,0,,,,,,,,1,2,0
2026,000418,ALL,SEASON,Dillon Ward,G,1,4,0,0,0,1,0,0,0,0,0,0,0,0,0,44,6,32,3,0,10,1,0,1,0,0,0,3,14,0.292079207921,0.136801541426,0.0518324191112,0.496817820207,0.537666810159,,,,0,0.207329676445,,0,0,,,,,0,,0.214285714286,0.230769230769,0,-4.52733534223,1,0.0714285714286,1,0,0
2026,000418,RED,STINT,Dillon Ward,G,1,4,0,0,0,1,0,0,0,0,0,0,0,0,0,44,6,32,3,0,10,1,0,1,0,0,0,3,14,0.292079207921,0.136801541426,0.0518324191112,0.496817820207,0.537666810159,,,,0,0.207329676445,,0,0,,,,,0,,0.214285714286,0.230769230769,0,-4.52733534223,1,0.0714285714286,1,0,0
2026,001001,ALL,SEASON,Dylan Molloy,A,1,32,2,0,0,1,2,0,11,11,0,6,0,6,0,44,6,32,0,0,0,0,0,0,11,6,6,0,0,0.292079207921,0.136801541426,0.0518324191112,0.496817820207,0.537666810159,0.545454545455,0.545454545455,0.545454545455,0.0625,-0.341362588441,2.78712871287,0.25,0,0,,,,0,,,,,,,,1,2,0
2026,001001,RED,STINT,Dylan Molloy,A,1,32,2,0,0,1,2,0,11,11,0,6,0,6,0,44,6,32,0,0,0,0,0,0,11,6,6,0,0,0.292079207921,0.136801541426,0.0518324191112,0.496817820207,0.537666810159,0.545454545455,0.545454545455,0.545454545455,0.0625,-0.341362588441,2.78712871287,0.25,0,0,,,,0,,,,,,,,1,2,0
2026,001009,ALL,SEASON,Colin Heacock,M,1,7,1,0,0,0,0,0,0,0,0,0,0,0,0,33,2,20,0,0,0,0,0,0,0,0,0,0,0,0.292079207921,0.136801541426,0.0518324191112,0.496817820207,0.537666810159,,,,0.142857142857,-0.637173066221,,0,0,,,,,0,,,,,,,,0,0,0
2026,001009,WHP,STINT,Colin Heacock,M,1,7,1,0,0,0,0,0,0,0,0,0,0,0,0,33,2,20,0,0,0,0,0,0,0,0,0,0,0,0.292079207921,0.136801541426,0.0518324191112,0.496817820207,0.537666810159,,,,0.142857142857,-0.637173066221,,0,0,,,,,0,,,,,,,,0,0,0
2026,001406,ALL,SEASON,Ben Randall,D,3,18,1,0,0,4,5,0,0,0,0,0,0,0,0,118,23,72,0,0,0,0,0,0,0,0,0,0,0,0.292079207921,0.136801541426,0.0518324191112,0.496817820207,0.537666810159,,,,0.0555555555556,-0.0670164559981,,0,0,,,,,0,,,,,,,,1.33333333333,1.66666666667,0
2026,001406,OUT,STINT,Ben Randall,D,3,18,1,0,0,4,5,0,0,0,0,0,0,0,0,118,23,72,0,0,0,0,0,0,0,0,0,0,0,0.292079207921,0.136801541426,0.0518324191112,0.496817820207,0.537666810159,,,,0.0555555555556,-0.0670164559981,,0,0,,,,,0,,,,,,,,1.33333333333,1.66666666667,0
2026,001415,ALL,SEASON,Greg Weyl,LSM,2,4,0,0,0,1,4,0,0,0,0,0,0,0,0,77,18,40,0,0,0,0,0,0,0,0,0,0,0,0.292079207921,0.136801541426,0.0518324191112,0.496817820207,0.537666810159,,,,0,0.207329676445,,0,0,,,,,0,,,,,,,,0.5,2,0
2026,001415,OUT,STINT,Greg Weyl,LSM,2,4,0,0,0,1,4,0,0,0,0,0,0,0,0,77,18,40,0,0,0,0,0,0,0,0,0,0,0,0.292079207921,0.136801541426,0.0518324191112,0.496817820207,0.537666810159,,,,0,0.207329676445,,0,0,,,,,0,,,,,,,,0.5,2,0
2026,001661,ALL,SEASON,Warren Jeffrey,D,1,2,0,0,0,3,0,1,0,0,0,0,0,0,0,28,3,18,0,0,0,0,0,0,0,0,0,0,0,0.292079207921,0.136801541426,0.0518324191112,0.496817820207,0.537666810159,,,,0,0.103664838222,,0,0,,,,,0,,,,,,,,3,0,1
2026,001661,ARC,STINT,Warren Jeffrey,D,1,2,0,0,0,3,0,1,0,0,0,0,0,0,0,28,3,18,0,0,0,0,0,0,0,0,0,0,0,0.292079207921,0.136801541426,0.0518324191112,0.496817820207,0.537666810159,,,,0,0.103664838222,,0,0,,,,,0,,,,,,,,3,0,1
2026,001671,ALL,SEASON,Zach Goodrich,SSDM,2,5,0,0,0,1,1,0,1,1,0,0,0,0,0,82,14,46,0,0,0,0,0,0,1,0,0,0,0,0.292079207921,0.136801541426,0.0518324191112,0.496817820207,0.537666810159,0,0,0,0,0.259162095556,-0.292079207921,0.0121951219512,0,0,,,,0,,,,,,,,0.5,0.5,0
2026,001671,CAN,STINT,Zach Goodrich,SSDM,2,5,0,0,0,1,1,0,1,1,0,0,0,0,0,82,14,46,0,0,0,0,0,0,1,0,0,0,0,0.292079207921,0.136801541426,0.0518324191112,0.496817820207,0.537666810159,0,0,0,0,0.259162095556,-0.292079207921,0.0121951219512,0,0,,,,0,,,,,,,,0.5,0.5,0
2026,001707,ALL,SEASON,Matt Whitcher,SSDM,2,11,1,0,0,2,4,0,0,0,0,0,0,0,0,77,9,48,0,0,0,0,0,0,0,0,0,0,0,0.292079207921,0.136801541426,0.0518324191112,0.496817820207,0.537666810159,,,,0.0909090909091,-0.429843389777,,0,0,,,,,0,,,,,,,,1,2,0
2026,001707,WAT,STINT,Matt Whitcher,SSDM,2,11,1,0,0,2,4,0,0,0,0,0,0,0,0,77,9,48,0,0,0,0,0,0,0,0,0,0,0,0.292079207921,0.136801541426,0.0518324191112,0.496817820207,0.537666810159,,,,0.0909090909091,-0.429843389777,,0,0,,,,,0,,,,,,,,1,2,0
2026,001733,ALL,SEASON,Charlie Hayes,SSDM,2,4,0,0,0,1,2,0,0,0,0,0,0,0,0,77,9,48,0,0,0,0,0,0,0,0,0,0,0,0.292079207921,0.136801541426,0.0518324191112,0.496817820207,0.537666810159,,,,0,0.207329676445,,0,0,,,,,0,,,,,,,,0.5,1,0
2026,001733,WAT,STINT,Charlie Hayes,SSDM,2,4,0,0,0,1,2,0,0,0,0,0,0,0,0,77,9,48,0,0,0,0,0,0,0,0,0,0,0,0.292079207921,0.136801541426,0.0518324191112,0.496817820207,0.537666810159,,,,0,0.207329676445,,0,0,,,,,0,,,,,,,,0.5,1,0
2026,001810,ALL,SEASON,Michael Sowers,A,2,58,5,0,0,0,4,0,10,10,0,4,0,8,0,77,9,48,0,0,0,0,0,0,10,4,4,0,0,0.292079207921,0.136801541426,0.0518324191112,0.496817820207,0.537666810159,0.4,0.8,0.4,0.0862068965517,-1.99371969155,1.07920792079,0.12987012987,0,0,,,,0,,,,,,,,0,2,0
2026,001810,WAT,STINT,Michael Sowers,A,2,58,5,0,0,0,4,0,10,10,0,4,0,8,0,77,9,48,0,0,0,0,0,0,10,4,4,0,0,0.292079207921,0.136801541426,0.0518324191112,0.496817820207,0.537666810159,0.4,0.8,0.4,0.0862068965517,-1.99371969155,1.07920792079,0.12987012987,0,0,,,,0,,,,,,,,0,2,0
2026,001811,ALL,SEASON,JT Giles-Harris,D,3,23,0,0,0,4,6,2,0,0,0,0,0,0,0,118,23,72,0,0,0,0,0,0,0,0,0,0,0,0.292079207921,0.136801541426,0.0518324191112,0.496817820207,0.537666810159,,,,0,1.19214563956,,0,0,,,,,0,,,,,,,,1.33333333333,2,0.666666666667
2026,001811,OUT,STINT,JT Giles-Harris,D,3,23,0,0,0,4,6,2,0,0,0,0,0,0,0,118,23,72,0,0,0,0,0,0,0,0,0,0,0,0.292079207921,0.136801541426,0.0518324191112,0.496817820207,0.537666810159,,,,0,1.19214563956,,0,0,,,,,0,,,,,,,,1.33333333333,2,0.666666666667
2026,001812,ALL,SEASON,TD Ierlan,FO,1,7,0,32,17,0,8,0,1,1,0,0,0,1,0,44,6,32,0,0,0,0,0,0,1,0,0,0,0,0.292079207921,0.136801541426,0.0518324191112,0.496817820207,0.537666810159,0,1,0,0,0.362826933779,-0.292079207921,0.0227272727273,0,0,,,0.53125,1,1.10182975338,,,,,,,0,8,0
2026,001812,RED,STINT,TD Ierlan,FO,1,7,0,32,17,0,8,0,1,1,0,0,0,1,0,44,6,32,0,0,0,0,0,0,1,0,0,0,0,0.292079207921,0.136801541426,0.0518324191112,0.496817820207,0.537666810159,0,1,0,0,0.362826933779,-0.292079207921,0.0227272727273,0,0,,,0.53125,1,1.10182975338,,,,,,,0,8,0
2026,001813,ALL,SEASON,Jared Conners,LSM,1,8,0,0,0,1,2,0,1,0,1,0,0,0,0,44,6,32,0,0,0,0,0,0,1,0,0,0,0,0.292079207921,0.136801541426,0.0518324191112,0.496817820207,0.537666810159,0,0,0,0,0.41465935289,-0.273603082852,0.0227272727273,0.166666666667,1,0,-0.273603082852,,0,,,,,,,,1,2,0
2026,001813,RED,STINT,Jared Conners,LSM,1,8,0,0,0,1,2,0,1,0,1,0,0,0,0,44,6,32,0,0,0,0,0,0,1,0,0,0,0,0.292079207921,0.136801541426,0.0518324191112,0.496817820207,0.537666810159,0,0,0,0,0.41465935289,-0.273603082852,0.0227272727273,0.166666666667,1,0,-0.273603082852,,0,,,,,,,,1,2,0
2026,001814,ALL,SEASON,Mac O'Keefe,A,1,32,4,0,0,1,1,0,6,6,0,0,0,4,0,28,3,18,0,0,0,0,0,0,6,0,0,0,0,0.292079207921,0.136801541426,0.0518324191112,0.496817820207,0.537666810159,0,0.666666666667,0,0.125,-2.34136258844,-1.75247524752,0.214285714286,0,0,,,,0,,,,,,,,1,1,0
2026,001814,ARC,STINT,Mac O'Keefe,A,1,32,4,0,0,1,1,0,6,6,0,0,0,4,0,28,3,18,0,0,0,0,0,0,6,0,0,0,0,0.292079207921,0.136801541426,0.0518324191112,0.496817820207,0.537666810159,0,0.666666666667,0,0.125,-2.34136258844,-1.75247524752,0.214285714286,0,0,,,,0,,,,,,,,1,1,0
2026,001815,ALL,SEASON,Connor Kirst,M,2,14,1,4,2,0,5,0,1,1,0,1,0,1,0,82,14,46,0,0,0,0,0,0,1,1,1,0,0,0.292079207921,0.136801541426,0.0518324191112,0.496817820207,0.537666810159,1,1,1,0.0714285714286,-0.274346132443,0.707920792079,0.0121951219512,0,0,,,0.5,0.0869565217391,0.0127287191726,,,,,,,0,2.5,0
2026,001815,CAN,STINT,Connor Kirst,M,2,14,1,4,2,0,5,0,1,1,0,1,0,1,0,82,14,46,0,0,0,0,0,0,1,1,1,0,0,0.292079207921,0.136801541426,0.0518324191112,0.496817820207,0.537666810159,1,1,1,0.0714285714286,-0.274346132443,0.707920792079,0.0121951219512,0,0,,,0.5,0.0869565217391,0.0127287191726,,,,,,,0,2.5,0
2026,001817,ALL,SEASON,Jack Kielty,D,2,9,1,0,0,3,1,0,0,0,0,0,0,0,0,82,14,46,0,0,0,0,0,0,0,0,0,0,0,0.292079207921,0.136801541426,0.0518324191112,0.496817820207,0.537666810159,,,,0.111111111111,-0.533508227999,,0,0,,,,,0,,,,,,,,1.5,0.5,0
2026,001817,CAN,STINT,Jack Kielty,D,2,9,1,0,0,3,1,0,0,0,0,0,0,0,0,82,14,46,0,0,0,0,0,0,0,0,0,0,0,0.292079207921,0.136801541426,0.0518324191112,0.496817820207,0.537666810159,,,,0.111111111111,-0.533508227999,,0,0,,,,,0,,,,,,,,1.5,0.5,0
2026,001820,ALL,SEASON,Ryan Terefenko,SSDM,3,31,2,0,0,2,5,0,0,0,0,0,0,0,0,118,23,72,0,0,0,0,0,0,0,0,0,0,0,0.292079207921,0.136801541426,0.0518324191112,0.496817820207,0.537666810159,,,,0.0645161290323,-0.393195007552,,0,0,,,,,0,,,,,,,,0.666666666667,1.66666666667,0
2026,001820,OUT,STINT,Ryan Terefenko,SSDM,3,31,2,0,0,2,5,0,0,0,0,0,0,0,0,118,23,72,0,0,0,0,0,0,0,0,0,0,0,0.292079207921,0.136801541426,0.0518324191112,0.496817820207,0.537666810159,,,,0.0645161290323,-0.393195007552,,0,0,,,,,0,,,,,,,,0.666666666667,1.66666666667,0
2026,001821,ALL,SEASON,Tre Leclaire,M,1,28,0,0,0,0,1,0,8,6,2,1,0,3,1,28,3,18,0,0,0,0,0,0,8,1,1,0,0,0.292079207921,0.136801541426,0.0518324191112,0.496817820207,0.537666810159,0.125,0.375,0.125,0,1.45130773511,-1.29968141323,0.285714285714,0.666666666667,0.25,0,-0.547206165703,,0,,,,,,,,0,1,0
2026,001821,ARC,STINT,Tre Leclaire,M,1,28,0,0,0,0,1,0,8,6,2,1,0,3,1,28,3,18,0,0,0,0,0,0,8,1,1,0,0,0.292079207921,0.136801541426,0.0518324191112,0.496817820207,0.537666810159,0.125,0.375,0.125,0,1.45130773511,-1.29968141323,0.285714285714,0.666666666667,0.25,0,-0.547206165703,,0,,,,,,,,0,1,0
2026,001826,ALL,SEASON,Jeff Trainor,SSDM,2,15,0,0,0,0,1,2,2,1,1,0,1,1,0,82,14,46,0,0,0,0,0,0,2,1,2,0,0,0.292079207921,0.136801541426,0.0518324191112,0.496817820207,0.537666810159,0.5,0.5,1,0,0.777486286668,1.43431770923,0.0243902439024,0.0714285714286,0.5,1,1.72639691715,,0,,,,,,,,0,0.5,1
2026,001826,CAN,STINT,Jeff Trainor,SSDM,2,15,0,0,0,0,1,2,2,1,1,0,1,1,0,82,14,46,0,0,0,0,0,0,2,1,2,0,0,0.292079207921,0.136801541426,0.0518324191112,0.496817820207,0.537666810159,0.5,0.5,1,0,0.777486286668,1.43431770923,0.0243902439024,0.0714285714286,0.5,1,1.72639691715,,0,,,,,,,,0,0.5,1
2026,001827,ALL,SEASON,Jared Bernhardt,A,3,55,2,0,0,1,2,0,13,13,0,5,0,11,0,118,23,72,0,0,0,0,0,0,13,5,5,0,0,0.292079207921,0.136801541426,0.0518324191112,0.496817820207,0.537666810159,0.384615384615,0.846153846154,0.384615384615,0.0363636363636,0.850783051117,1.20297029703,0.110169491525,0,0,,,,0,,,,,,,,0.333333333333,0.666666666667,0
2026,001827,OUT,STINT,Jared Bernhardt,A,3,55,2,0,0,1,2,0,13,13,0,5,0,11,0,118,23,72,0,0,0,0,0,0,13,5,5,0,0,0.292079207921,0.136801541426,0.0518324191112,0.496817820207,0.537666810159,0.384615384615,0.846153846154,0.384615384615,0.0363636363636,0.850783051117,1.20297029703,0.110169491525,0,0,,,,0,,,,,,,,0.333333333333,0.666666666667,0
2026,001828,ALL,SEASON,Justin Anderson,M,3,31,4,0,0,0,1,1,9,9,0,0,0,5,1,118,23,72,0,0,0,0,0,0,9,0,0,0,0,0.292079207921,0.136801541426,0.0518324191112,0.496817820207,0.537666810159,0,0.555555555556,0,0.129032258065,-2.39319500755,-2.62871287129,0.0762711864407,0,0,,,,0,,,,,,,,0,0.333333333333,0.333333333333
2026,001828,OUT,STINT,Justin Anderson,M,3,31,4,0,0,0,1,1,9,9,0,0,0,5,1,118,23,72,0,0,0,0,0,0,9,0,0,0,0,0.292079207921,0.136801541426,0.0518324191112,0.496817820207,0.537666810159,0,0.555555555556,0,0.129032258065,-2.39319500755,-2.62871287129,0.0762711864407,0,0,,,,0,,,,,,,,0,0.333333333333,0.333333333333
2026,002015,ALL,SEASON,Logan Wisnauskas,A,3,49,4,0,0,0,2,0,9,8,1,0,0,3,0,118,23,72,0,0,0,0,0,0,9,0,0,0,0,0.292079207921,0.136801541426,0.0518324191112,0.496817820207,0.537666810159,0,0.333333333333,0,0.0816326530612,-1.46021146355,-2.61023674622,0.0762711864407,0.0434782608696,0.111111111111,0,-0.273603082852,,0,,,,,,,,0,0.666666666667,0
2026,002015,OUT,STINT,Logan Wisnauskas,A,3,49,4,0,0,0,2,0,9,8,1,0,0,3,0,118,23,72,0,0,0,0,0,0,9,0,0,0,0,0.292079207921,0.136801541426,0.0518324191112,0.496817820207,0.537666810159,0,0.333333333333,0,0.0816326530612,-1.46021146355,-2.61023674622,0.0762711864407,0.0434782608696,0.111111111111,0,-0.273603082852,,0,,,,,,,,0,0.666666666667,0
2026,002022,ALL,SEASON,Zach Geddes,SSDM,3,34,3,2,0,3,9,0,6,4,2,0,0,2,0,118,23,72,0,0,0,0,0,0,6,0,0,0,0,0.292079207921,0.136801541426,0.0518324191112,0.496817820207,0.537666810159,0,0.333333333333,0,0.0882352941176,-1.23769775022,-1.71552299739,0.0508474576271,0.0869565217391,0.333333333333,0,-0.547206165703,0,0.0277777777778,-0.993635640414,,,,,,,1,3,0
2026,002022,OUT,STINT,Zach Geddes,SSDM,3,34,3,2,0,3,9,0,6,4,2,0,0,2,0,118,23,72,0,0,0,0,0,0,6,0,0,0,0,0.292079207921,0.136801541426,0.0518324191112,0.496817820207,0.537666810159,0,0.333333333333,0,0.0882352941176,-1.23769775022,-1.71552299739,0.0508474576271,0.0869565217391,0.333333333333,0,-0.547206165703,0,0.0277777777778,-0.993635640414,,,,,,,1,3,0
2026,002026,ALL,SEASON,Brett Dobson,G,1,18,1,0,0,0,2,0,0,0,0,0,0,0,0,28,3,18,16,1,7,2,1,3,0,0,0,17,26,0.292079207921,0.136801541426,0.0518324191112,0.496817820207,0.537666810159,,,,0.0555555555556,-0.0670164559981,,0,0,,,,,0,,0.653846153846,0.695652173913,0.333333333333,3.02066293586,0.962962962963,0.111111111111,0,2,0
2026,002026,ARC,STINT,Brett Dobson,G,1,18,1,0,0,0,2,0,0,0,0,0,0,0,0,28,3,18,16,1,7,2,1,3,0,0,0,17,26,0.292079207921,0.136801541426,0.0518324191112,0.496817820207,0.537666810159,,,,0.0555555555556,-0.0670164559981,,0,0,,,,,0,,0.653846153846,0.695652173913,0.333333333333,3.02066293586,0.962962962963,0.111111111111,0,2,0
2026,002038,ALL,SEASON,Colin Kirst,G,1,5,0,0,0,0,0,0,0,0,0,0,0,0,0,47,10,26,2,1,3,0,1,1,0,0,0,3,6,0.292079207921,0.136801541426,0.0518324191112,0.496817820207,0.537666810159,,,,0,0.259162095556,,0,0,,,,,0,,0.5,0.4,1,-0.226000860956,0.857142857143,0.142857142857,0,0,0
2026,002038,CAN,STINT,Colin Kirst,G,1,5,0,0,0,0,0,0,0,0,0,0,0,0,0,47,10,26,2,1,3,0,1,1,0,0,0,3,6,0.292079207921,0.136801541426,0.0518324191112,0.496817820207,0.537666810159,,,,0,0.259162095556,,0,0,,,,,0,,0.5,0.4,1,-0.226000860956,0.857142857143,0.142857142857,0,0,0
2026,003004,ALL,SEASON,Mike Sisselberger,FO,1,2,0,17,7,0,3,0,0,0,0,0,0,0,0,28,3,18,0,0,0,0,0,0,0,0,0,0,0,0.292079207921,0.136801541426,0.0518324191112,0.496817820207,0.537666810159,,,,0,0.103664838222,,0,0,,,,0.411764705882,0.944444444444,-1.44590294352,,,,,,,0,3,0
2026,003004,ARC,STINT,Mike Sisselberger,FO,1,2,0,17,7,0,3,0,0,0,0,0,0,0,0,28,3,18,0,0,0,0,0,0,0,0,0,0,0,0.292079207921,0.136801541426,0.0518324191112,0.496817820207,0.537666810159,,,,0,0.103664838222,,0,0,,,,0.411764705882,0.944444444444,-1.44590294352,,,,,,,0,3,0
2026,003005,ALL,SEASON,Connor Maher,SSDM,1,6,0,0,0,0,0,0,0,0,0,0,0,0,0,28,3,18,0,0,0,0,0,0,0,0,0,0,0,0.292079207921,0.136801541426,0.0518324191112,0.496817820207,0.537666810159,,,,0,0.310994514667,,0,0,,,,,0,,,,,,,,0,0,0
2026,003005,ARC,STINT,Connor Maher,SSDM,1,6,0,0,0,0,0,0,0,0,0,0,0,0,0,28,3,18,0,0,0,0,0,0,0,0,0,0,0,0.292079207921,0.136801541426,0.0518324191112,0.496817820207,0.537666810159,,,,0,0.310994514667,,0,0,,,,,0,,,,,,,,0,0,0
2026,003006,ALL,SEASON,Piper Bond,SSDM,1,10,0,0,0,2,1,0,2,1,1,0,0,2,0,28,3,18,0,0,0,0,0,0,2,0,0,0,0,0.292079207921,0.136801541426,0.0518324191112,0.496817820207,0.537666810159,0,1,0,0,0.518324191112,-0.565682290772,0.0714285714286,0.333333333333,0.5,0,-0.273603082852,,0,,,,,,,,2,1,0
2026,003006,ARC,STINT,Piper Bond,SSDM,1,10,0,0,0,2,1,0,2,1,1,0,0,2,0,28,3,18,0,0,0,0,0,0,2,0,0,0,0,0.292079207921,0.136801541426,0.0518324191112,0.496817820207,0.537666810159,0,1,0,0,0.518324191112,-0.565682290772,0.0714285714286,0.333333333333,0.5,0,-0.273603082852,,0,,,,,,,,2,1,0
2026,003007,ALL,SEASON,Cam Wyers,D,1,4,1,0,0,1,3,0,0,0,0,0,0,0,0,28,3,18,0,0,0,0,0,0,0,0,0,0,0,0.292079207921,0.136801541426,0.0518324191112,0.496817820207,0.537666810159,,,,0.25,-0.792670323555,,0,0,,,,,0,,,,,,,,1,3,0
2026,003007,ARC,STINT,Cam Wyers,D,1,4,1,0,0,1,3,0,0,0,0,0,0,0,0,28,3,18,0,0,0,0,0,0,0,0,0,0,0,0.292079207921,0.136801541426,0.0518324191112,0.496817820207,0.537666810159,,,,0.25,-0.792670323555,,0,0,,,,,0,,,,,,,,1,3,0
2026,003008,ALL,SEASON,Gavin Adler,D,2,5,0,0,0,2,3,1,0,0,0,0,0,0,0,77,9,48,0,0,0,0,0,0,0,0,0,0,0,0.292079207921,0.136801541426,0.0518324191112,0.496817820207,0.537666810159,,,,0,0.259162095556,,0,0,,,,,0,,,,,,,,1,1.5,0.5
2026,003008,WAT,STINT,Gavin Adler,D,2,5,0,0,0,2,3,1,0,0,0,0,0,0,0,77,9,48,0,0,0,0,0,0,0,0,0,0,0,0.292079207921,0.136801541426,0.0518324191112,0.496817820207,0.537666810159,,,,0,0.259162095556,,0,0,,,,,0,,,,,,,,1,1.5,0.5
2026,003013,ALL,SEASON,Matt Campbell,M,2,71,5,0,0,0,2,0,9,8,1,0,0,5,1,82,14,46,0,0,0,0,0,0,9,0,0,0,0,0.292079207921,0.136801541426,0.0518324191112,0.496817820207,0.537666810159,0,0.555555555556,0,0.0704225352113,-1.3198982431,-2.61023674622,0.109756097561,0.0714285714286,0.111111111111,0,-0.273603082852,,0,,,,,,,,0,1,0
2026,003013,CAN,STINT,Matt Campbell,M,2,71,5,0,0,0,2,0,9,8,1,0,0,5,1,82,14,46,0,0,0,0,0,0,9,0,0,0,0,0.292079207921,0.136801541426,0.0518324191112,0.496817820207,0.537666810159,0,0.555555555556,0,0.0704225352113,-1.3198982431,-2.61023674622,0.109756097561,0.0714285714286,0.111111111111,0,-0.273603082852,,0,,,,,,,,0,1,0
2026,003023,ALL,SEASON,Owen Grant,D,2,14,1,0,0,2,4,0,2,1,1,0,0,0,0,82,14,46,0,0,0,0,0,0,2,0,0,0,0,0.292079207921,0.136801541426,0.0518324191112,0.496817820207,0.537666810159,0,0,0,0.0714285714286,-0.274346132443,-0.565682290772,0.0243902439024,0.0714285714286,0.5,0,-0.273603082852,,0,,,,,,,,1,2,0
2026,003023,CAN,STINT,Owen Grant,D,2,14,1,0,0,2,4,0,2,1,1,0,0,0,0,82,14,46,0,0,0,0,0,0,2,0,0,0,0,0.292079207921,0.136801541426,0.0518324191112,0.496817820207,0.537666810159,0,0,0,0.0714285714286,-0.274346132443,-0.565682290772,0.0243902439024,0.0714285714286,0.5,0,-0.273603082852,,0,,,,,,,,1,2,0
2026,003024,ALL,SEASON,Brian Tevlin,SSDM,1,12,1,0,0,1,4,0,2,1,1,1,0,2,0,44,6,32,0,0,0,0,0,0,2,1,1,0,0,0.292079207921,0.136801541426,0.0518324191112,0.496817820207,0.537666810159,0.5,1,0.5,0.0833333333333,-0.378010970665,0.434317709228,0.0454545454545,0.166666666667,0.5,0,-0.273603082852,,0,,,,,,,,1,4,0
2026,003024,RED,STINT,Brian Tevlin,SSDM,1,12,1,0,0,1,4,0,2,1,1,1,0,2,0,44,6,32,0,0,0,0,0,0,2,1,1,0,0,0.292079207921,0.136801541426,0.0518324191112,0.496817820207,0.537666810159,0.5,1,0.5,0.0833333333333,-0.378010970665,0.434317709228,0.0454545454545,0.166666666667,0.5,0,-0.273603082852,,0,,,,,,,,1,4,0
2026,003029,ALL,SEASON,Chris Fake,D,1,7,1,0,0,1,1,0,0,0,0,0,0,0,0,44,6,32,0,0,0,0,0,0,0,0,0,0,0,0.292079207921,0.136801541426,0.0518324191112,0.496817820207,0.537666810159,,,,0.142857142857,-0.637173066221,,0,0,,,,,0,,,,,,,,1,1,0
2026,003029,RED,STINT,Chris Fake,D,1,7,1,0,0,1,1,0,0,0,0,0,0,0,0,44,6,32,0,0,0,0,0,0,0,0,0,0,0,0.292079207921,0.136801541426,0.0518324191112,0.496817820207,0.537666810159,,,,0.142857142857,-0.637173066221,,0,0,,,,,0,,,,,,,,1,1,0
2026,003041,ALL,SEASON,Ethan Rall,LSM,2,17,1,0,0,5,10,0,2,2,0,1,0,2,0,82,14,46,0,0,0,0,0,0,2,1,1,0,0,0.292079207921,0.136801541426,0.0518324191112,0.496817820207,0.537666810159,0.5,1,0.5,0.0588235294118,-0.118848875109,0.415841584158,0.0243902439024,0,0,,,,0,,,,,,,,2.5,5,0
2026,003041,CAN,STINT,Ethan Rall,LSM,2,17,1,0,0,5,10,0,2,2,0,1,0,2,0,82,14,46,0,0,0,0,0,0,2,1,1,0,0,0.292079207921,0.136801541426,0.0518324191112,0.496817820207,0.537666810159,0.5,1,0.5,0.0588235294118,-0.118848875109,0.415841584158,0.0243902439024,0,0,,,,0,,,,,,,,2.5,5,0
2026,003048,ALL,SEASON,TJ Malone,A,1,24,1,0,0,0,1,0,3,3,0,0,0,1,0,33,2,20,0,0,0,0,0,0,3,0,0,0,0,0.292079207921,0.136801541426,0.0518324191112,0.496817820207,0.537666810159,0,0.333333333333,0,0.0416666666667,0.243978058669,-0.876237623762,0.0909090909091,0,0,,,,0,,,,,,,,0,1,0
2026,003048,WHP,STINT,TJ Malone,A,1,24,1,0,0,0,1,0,3,3,0,0,0,1,0,33,2,20,0,0,0,0,0,0,3,0,0,0,0,0.292079207921,0.136801541426,0.0518324191112,0.496817820207,0.537666810159,0,0.333333333333,0,0.0416666666667,0.243978058669,-0.876237623762,0.0909090909091,0,0,,,,0,,,,,,,,0,1,0
2026,003059,ALL,SEASON,BJ Farrare,LSM,1,6,0,0,0,0,1,0,0,0,0,0,0,0,0,44,6,32,0,0,0,0,0,0,0,0,0,0,0,0.292079207921,0.136801541426,0.0518324191112,0.496817820207,0.537666810159,,,,0,0.310994514667,,0,0,,,,,0,,,,,,,,0,1,0
2026,003059,RED,STINT,BJ Farrare,LSM,1,6,0,0,0,0,1,0,0,0,0,0,0,0,0,44,6,32,0,0,0,0,0,0,0,0,0,0,0,0.292079207921,0.136801541426,0.0518324191112,0.496817820207,0.537666810159,,,,0,0.310994514667,,0,0,,,,,0,,,,,,,,0,1,0
2026,003075,ALL,SEASON,Brennan O'Neill,A,3,92,7,0,0,0,5,0,26,21,5,7,0,14,0,118,23,72,0,0,0,0,0,0,26,7,7,0,0,0.292079207921,0.136801541426,0.0518324191112,0.496817820207,0.537666810159,0.269230769231,0.538461538462,0.269230769231,0.0760869565217,-2.23141744177,-0.501678780595,0.220338983051,0.217391304348,0.192307692308,0,-1.36801541426,,0,,,,,,,,0,1.66666666667,0
2026,003075,OUT,STINT,Brennan O'Neill,A,3,92,7,0,0,0,5,0,26,21,5,7,0,14,0,118,23,72,0,0,0,0,0,0,26,7,7,0,0,0.292079207921,0.136801541426,0.0518324191112,0.496817820207,0.537666810159,0.269230769231,0.538461538462,0.269230769231,0.0760869565217,-2.23141744177,-0.501678780595,0.220338983051,0.217391304348,0.192307692308,0,-1.36801541426,,0,,,,,,,,0,1.66666666667,0
2026,003077,ALL,SEASON,Ajax Zappitello,D,1,10,0,0,0,1,2,0,1,1,0,0,0,0,0,33,2,20,0,0,0,0,0,0,1,0,0,0,0,0.292079207921,0.136801541426,0.0518324191112,0.496817820207,0.537666810159,0,0,0,0,0.518324191112,-0.292079207921,0.030303030303,0,0,,,,0,,,,,,,,1,2,0
2026,003077,WHP,STINT,Ajax Zappitello,D,1,10,0,0,0,1,2,0,1,1,0,0,0,0,0,33,2,20,0,0,0,0,0,0,1,0,0,0,0,0.292079207921,0.136801541426,0.0518324191112,0.496817820207,0.537666810159,0,0,0,0,0.518324191112,-0.292079207921,0.030303030303,0,0,,,,0,,,,,,,,1,2,0
2026,003080,ALL,SEASON,Pat Kavanagh,A,3,97,8,0,0,0,4,2,11,8,3,3,1,6,0,118,23,72,0,0,0,0,0,0,11,4,5,0,0,0.292079207921,0.136801541426,0.0518324191112,0.496817820207,0.537666810159,0.363636363636,0.545454545455,0.454545454545,0.0824742268041,-2.97225534621,1.84255708808,0.0932203389831,0.130434782609,0.272727272727,0.333333333333,1.17919075145,,0,,,,,,,,0,1.33333333333,0.666666666667
2026,003080,OUT,STINT,Pat Kavanagh,A,3,97,8,0,0,0,4,2,11,8,3,3,1,6,0,118,23,72,0,0,0,0,0,0,11,4,5,0,0,0.292079207921,0.136801541426,0.0518324191112,0.496817820207,0.537666810159,0.363636363636,0.545454545455,0.454545454545,0.0824742268041,-2.97225534621,1.84255708808,0.0932203389831,0.130434782609,0.272727272727,0.333333333333,1.17919075145,,0,,,,,,,,0,1.33333333333,0.666666666667
2026,003081,ALL,SEASON,Matt Brandau,M,1,22,1,0,0,0,2,0,6,6,0,2,0,6,1,33,2,20,0,0,0,0,0,0,6,2,2,0,0,0.292079207921,0.136801541426,0.0518324191112,0.496817820207,0.537666810159,0.333333333333,1,0.333333333333,0.0454545454545,0.140313220447,0.247524752475,0.181818181818,0,0,,,,0,,,,,,,,0,2,0
2026,003081,WHP,STINT,Matt Brandau,M,1,22,1,0,0,0,2,0,6,6,0,2,0,6,1,33,2,20,0,0,0,0,0,0,6,2,2,0,0,0.292079207921,0.136801541426,0.0518324191112,0.496817820207,0.537666810159,0.333333333333,1,0.333333333333,0.0454545454545,0.140313220447,0.247524752475,0.181818181818,0,0,,,,0,,,,,,,,0,2,0
2026,003082,ALL,SEASON,Mason Woodward,D,1,13,0,0,0,0,6,0,0,0,0,0,0,0,0,28,3,18,0,0,0,0,0,0,0,0,0,0,0,0.292079207921,0.136801541426,0.0518324191112,0.496817820207,0.537666810159,,,,0,0.673821448446,,0,0,,,,,0,,,,,,,,0,6,0
2026,003082,ARC,STINT,Mason Woodward,D,1,13,0,0,0,0,6,0,0,0,0,0,0,0,0,28,3,18,0,0,0,0,0,0,0,0,0,0,0,0.292079207921,0.136801541426,0.0518324191112,0.496817820207,0.537666810159,,,,0,0.673821448446,,0,0,,,,,0,,,,,,,,0,6,0
2026,003083,ALL,SEASON,Jake Piseno,LSM,3,19,1,0,0,2,7,0,1,0,1,0,1,1,0,118,23,72,0,0,0,0,0,0,1,1,2,0,0,0.292079207921,0.136801541426,0.0518324191112,0.496817820207,0.537666810159,1,1,2,0.0526315789474,-0.0151840368869,1.72639691715,0.00847457627119,0.0434782608696,1,1,1.72639691715,,0,,,,,,,,0.666666666667,2.33333333333,0
2026,003083,OUT,STINT,Jake Piseno,LSM,3,19,1,0,0,2,7,0,1,0,1,0,1,1,0,118,23,72,0,0,0,0,0,0,1,1,2,0,0,0.292079207921,0.136801541426,0.0518324191112,0.496817820207,0.537666810159,1,1,2,0.0526315789474,-0.0151840368869,1.72639691715,0.00847457627119,0.0434782608696,1,1,1.72639691715,,0,,,,,,,,0.666666666667,2.33333333333,0
2026,003085,ALL,SEASON,Graham Bundy,M,3,56,0,0,0,0,0,0,11,4,7,0,1,5,0,118,23,72,0,0,0,0,0,0,11,1,2,0,0,0.292079207921,0.136801541426,0.0518324191112,0.496817820207,0.537666810159,0.0909090909091,0.454545454545,0.181818181818,0,2.90261547023,-1.08353841164,0.0932203389831,0.304347826087,0.636363636364,0.142857142857,0.0847784200385,,0,,,,,,,,0,0,0
2026,003085,OUT,STINT,Graham Bundy,M,3,56,0,0,0,0,0,0,11,4,7,0,1,5,0,118,23,72,0,0,0,0,0,0,11,1,2,0,0,0.292079207921,0.136801541426,0.0518324191112,0.496817820207,0.537666810159,0.0909090909091,0.454545454545,0.181818181818,0,2.90261547023,-1.08353841164,0.0932203389831,0.304347826087,0.636363636364,0.142857142857,0.0847784200385,,0,,,,,,,,0,0,0
2026,003087,ALL,SEASON,Beau Pederson,SSDM,1,8,0,1,0,0,1,1,1,1,0,1,0,1,0,28,3,18,0,0,0,0,0,0,1,1,1,0,0,0.292079207921,0.136801541426,0.0518324191112,0.496817820207,0.537666810159,1,1,1,0,0.41465935289,0.707920792079,0.0357142857143,0,0,,,0,0.0555555555556,-0.496817820207,,,,,,,0,1,1
2026,003087,ARC,STINT,Beau Pederson,SSDM,1,8,0,1,0,0,1,1,1,1,0,1,0,1,0,28,3,18,0,0,0,0,0,0,1,1,1,0,0,0.292079207921,0.136801541426,0.0518324191112,0.496817820207,0.537666810159,1,1,1,0,0.41465935289,0.707920792079,0.0357142857143,0,0,,,0,0.0555555555556,-0.496817820207,,,,,,,0,1,1
2026,003089,ALL,SEASON,Kenny Brower,D,2,7,0,0,0,1,1,1,0,0,0,0,0,0,0,77,9,48,0,0,0,0,0,0,0,0,0,0,0,0.292079207921,0.136801541426,0.0518324191112,0.496817820207,0.537666810159,,,,0,0.362826933779,,0,0,,,,,0,,,,,,,,0.5,0.5,0.5
2026,003089,WAT,STINT,Kenny Brower,D,2,7,0,0,0,1,1,1,0,0,0,0,0,0,0,77,9,48,0,0,0,0,0,0,0,0,0,0,0,0.292079207921,0.136801541426,0.0518324191112,0.496817820207,0.537666810159,,,,0,0.362826933779,,0,0,,,,,0,,,,,,,,0.5,0.5,0.5
2026,003096,ALL,SEASON,Marcus Hudgins,D,2,5,1,0,0,1,3,1,0,0,0,0,0,0,0,77,9,48,0,0,0,0,0,0,0,0,0,0,0,0.292079207921,0.136801541426,0.0518324191112,0.496817820207,0.537666810159,,,,0.2,-0.740837904444,,0,0,,,,,0,,,,,,,,0.5,1.5,0.5
2026,003096,WAT,STINT,Marcus Hudgins,D,2,5,1,0,0,1,3,1,0,0,0,0,0,0,0,77,9,48,0,0,0,0,0,0,0,0,0,0,0,0.292079207921,0.136801541426,0.0518324191112,0.496817820207,0.537666810159,,,,0.2,-0.740837904444,,0,0,,,,,0,,,,,,,,0.5,1.5,0.5
2026,003098,ALL,SEASON,Luke Wierman,FO,3,26,4,69,33,2,22,0,8,5,3,2,0,4,0,118,23,72,0,0,0,0,0,0,8,2,2,0,0,0.292079207921,0.136801541426,0.0518324191112,0.496817820207,0.537666810159,0.25,0.5,0.25,0.153846153846,-2.65235710311,-0.281205288159,0.0677966101695,0.130434782609,0.375,0,-0.820809248555,0.478260869565,0.958333333333,-1.28042959427,,,,,,,0.666666666667,7.33333333333,0
2026,003098,OUT,STINT,Luke Wierman,FO,3,26,4,69,33,2,22,0,8,5,3,2,0,4,0,118,23,72,0,0,0,0,0,0,8,2,2,0,0,0.292079207921,0.136801541426,0.0518324191112,0.496817820207,0.537666810159,0.25,0.5,0.25,0.153846153846,-2.65235710311,-0.281205288159,0.0677966101695,0.130434782609,0.375,0,-0.820809248555,0.478260869565,0.958333333333,-1.28042959427,,,,,,,0.666666666667,7.33333333333,0
2026,003100,ALL,SEASON,Adam Poitras,M,1,24,0,0,0,0,2,0,6,6,0,2,0,3,0,33,2,20,0,0,0,0,0,0,6,2,2,0,0,0.292079207921,0.136801541426,0.0518324191112,0.496817820207,0.537666810159,0.333333333333,0.5,0.333333333333,0,1.24397805867,0.247524752475,0.181818181818,0,0,,,,0,,,,,,,,0,2,0
2026,003100,WHP,STINT,Adam Poitras,M,1,24,0,0,0,0,2,0,6,6,0,2,0,3,0,33,2,20,0,0,0,0,0,0,6,2,2,0,0,0.292079207921,0.136801541426,0.0518324191112,0.496817820207,0.537666810159,0.333333333333,0.5,0.333333333333,0,1.24397805867,0.247524752475,0.181818181818,0,0,,,,0,,,,,,,,0,2,0
2026,003104,ALL,SEASON,Michael Boehm,A,1,21,0,0,0,1,1,2,2,2,0,0,0,1,0,33,2,20,0,0,0,0,0,0,2,0,0,0,0,0.292079207921,0.136801541426,0.0518324191112,0.496817820207,0.537666810159,0,0.5,0,0,1.08848080134,-0.584158415842,0.0606060606061,0,0,,,,0,,,,,,,,1,1,2
2026,003104,WHP,STINT,Michael Boehm,A,1,21,0,0,0,1,1,2,2,2,0,0,0,1,0,33,2,20,0,0,0,0,0,0,2,0,0,0,0,0.292079207921,0.136801541426,0.0518324191112,0.496817820207,0.537666810159,0,0.5,0,0,1.08848080134,-0.584158415842,0.0606060606061,0,0,,,,0,,,,,,,,1,1,2
2026,003105,ALL,SEASON,Cole Kastner,D,1,9,1,0,0,1,0,0,0,0,0,0,0,0,0,44,6,32,0,0,0,0,0,0,0,0,0,0,0,0.292079207921,0.136801541426,0.0518324191112,0.496817820207,0.537666810159,,,,0.111111111111,-0.533508227999,,0,0,,,,,0,,,,,,,,1,0,0
2026,003105,RED,STINT,Cole Kastner,D,1,9,1,0,0,1,0,0,0,0,0,0,0,0,0,44,6,32,0,0,0,0,0,0,0,0,0,0,0,0.292079207921,0.136801541426,0.0518324191112,0.496817820207,0.537666810159,,,,0.111111111111,-0.533508227999,,0,0,,,,,0,,,,,,,,1,0,0
2026,003106,ALL,SEASON,Dalton Young,M,3,55,4,0,0,1,2,1,14,14,0,3,0,8,0,118,23,72,0,0,0,0,0,0,14,3,3,0,0,0.292079207921,0.136801541426,0.0518324191112,0.496817820207,0.537666810159,0.214285714286,0.571428571429,0.214285714286,0.0727272727273,-1.14921694888,-1.08910891089,0.118644067797,0,0,,,,0,,,,,,,,0.333333333333,0.666666666667,0.333333333333
2026,003106,OUT,STINT,Dalton Young,M,3,55,4,0,0,1,2,1,14,14,0,3,0,8,0,118,23,72,0,0,0,0,0,0,14,3,3,0,0,0.292079207921,0.136801541426,0.0518324191112,0.496817820207,0.537666810159,0.214285714286,0.571428571429,0.214285714286,0.0727272727273,-1.14921694888,-1.08910891089,0.118644067797,0,0,,,,0,,,,,,,,0.333333333333,0.666666666667,0.333333333333
2026,003109,ALL,SEASON,Chris Conlin,D,1,6,0,0,0,4,3,0,0,0,0,0,0,0,0,44,6,32,0,0,0,0,0,0,0,0,0,0,0,0.292079207921,0.136801541426,0.0518324191112,0.496817820207,0.537666810159,,,,0,0.310994514667,,0,0,,,,,0,,,,,,,,4,3,0
2026,003109,RED,STINT,Chris Conlin,D,1,6,0,0,0,4,3,0,0,0,0,0,0,0,0,44,6,32,0,0,0,0,0,0,0,0,0,0,0,0.292079207921,0.136801541426,0.0518324191112,0.496817820207,0.537666810159,,,,0,0.310994514667,,0,0,,,,,0,,,,,,,,4,3,0
2026,003119,ALL,SEASON,Alec Stathakis,FO,2,11,3,46,24,0,10,0,1,1,0,1,0,1,0,77,9,48,0,0,0,0,0,0,1,1,1,0,0,0.292079207921,0.136801541426,0.0518324191112,0.496817820207,0.537666810159,1,1,1,0.272727272727,-2.42984338978,0.707920792079,0.012987012987,0,0,,,0.521739130435,0.958333333333,1.14638027049,,,,,,,0,5,0
2026,003119,WAT,STINT,Alec Stathakis,FO,2,11,3,46,24,0,10,0,1,1,0,1,0,1,0,77,9,48,0,0,0,0,0,0,1,1,1,0,0,0.292079207921,0.136801541426,0.0518324191112,0.496817820207,0.537666810159,1,1,1,0.272727272727,-2.42984338978,0.707920792079,0.012987012987,0,0,,,0.521739130435,0.958333333333,1.14638027049,,,,,,,0,5,0
2026,003128,ALL,SEASON,Jack Posey,D,1,1,1,0,0,1,1,0,0,0,0,0,0,0,0,33,2,20,0,0,0,0,0,0,0,0,0,0,0,0.292079207921,0.136801541426,0.0518324191112,0.496817820207,0.537666810159,,,,1,-0.948167580889,,0,0,,,,,0,,,,,,,,1,1,0
2026,003128,WHP,STINT,Jack Posey,D,1,1,1,0,0,1,1,0,0,0,0,0,0,0,0,33,2,20,0,0,0,0,0,0,0,0,0,0,0,0.292079207921,0.136801541426,0.0518324191112,0.496817820207,0.537666810159,,,,1,-0.948167580889,,0,0,,,,,0,,,,,,,,1,1,0
2026,003145,ALL,SEASON,JC Higginbotham,G,2,19,0,0,0,0,5,0,1,0,1,0,0,0,0,82,14,46,16,3,17,0,3,3,1,0,0,19,36,0.292079207921,0.136801541426,0.0518324191112,0.496817820207,0.537666810159,0,0,0,0,0.984815963113,-0.273603082852,0.0121951219512,0.0714285714286,1,0,-0.273603082852,,0,,0.527777777778,0.484848484848,1,-0.356005165734,0.923076923077,0.0769230769231,0,2.5,0
2026,003145,CAN,STINT,JC Higginbotham,G,2,19,0,0,0,0,5,0,1,0,1,0,0,0,0,82,14,46,16,3,17,0,3,3,1,0,0,19,36,0.292079207921,0.136801541426,0.0518324191112,0.496817820207,0.537666810159,0,0,0,0,0.984815963113,-0.273603082852,0.0121951219512,0.0714285714286,1,0,-0.273603082852,,0,,0.527777777778,0.484848484848,1,-0.356005165734,0.923076923077,0.0769230769231,0,2.5,0
2026,003156,ALL,SEASON,Aidan Danenza,M,1,29,2,0,0,0,1,0,1,0,1,0,0,1,0,44,6,32,0,0,0,0,0,0,1,0,0,0,0,0.292079207921,0.136801541426,0.0518324191112,0.496817820207,0.537666810159,0,1,0,0.0689655172414,-0.496859845775,-0.273603082852,0.0227272727273,0.166666666667,1,0,-0.273603082852,,0,,,,,,,,0,1,0
2026,003156,RED,STINT,Aidan Danenza,M,1,29,2,0,0,0,1,0,1,0,1,0,0,1,0,44,6,32,0,0,0,0,0,0,1,0,0,0,0,0.292079207921,0.136801541426,0.0518324191112,0.496817820207,0.537666810159,0,1,0,0.0689655172414,-0.496859845775,-0.273603082852,0.0227272727273,0.166666666667,1,0,-0.273603082852,,0,,,,,,,,0,1,0
2026,003157,ALL,SEASON,Graydon Hogg,M,2,44,1,0,0,0,2,0,6,6,0,0,0,6,1,82,14,46,0,0,0,0,0,0,6,0,0,0,0,0.292079207921,0.136801541426,0.0518324191112,0.496817820207,0.537666810159,0,1,0,0.0227272727273,1.28062644089,-1.75247524752,0.0731707317073,0,0,,,,0,,,,,,,,0,1,0
2026,003157,CAN,STINT,Graydon Hogg,M,2,44,1,0,0,0,2,0,6,6,0,0,0,6,1,82,14,46,0,0,0,0,0,0,6,0,0,0,0,0.292079207921,0.136801541426,0.0518324191112,0.496817820207,0.537666810159,0,1,0,0.0227272727273,1.28062644089,-1.75247524752,0.0731707317073,0,0,,,,0,,,,,,,,0,1,0
2026,003159,ALL,SEASON,CJ Kirst,A,2,67,1,0,0,1,5,0,18,17,1,8,0,15,1,77,9,48,0,0,0,0,0,0,18,8,8,0,0,0.292079207921,0.136801541426,0.0518324191112,0.496817820207,0.537666810159,0.444444444444,0.833333333333,0.444444444444,0.0149253731343,2.47277208045,2.76105038249,0.233766233766,0.111111111111,0.0555555555556,0,-0.273603082852,,0,,,,,,,,0.5,2.5,0
2026,003159,WAT,STINT,CJ Kirst,A,2,67,1,0,0,1,5,0,18,17,1,8,0,15,1,77,9,48,0,0,0,0,0,0,18,8,8,0,0,0.292079207921,0.136801541426,0.0518324191112,0.496817820207,0.537666810159,0.444444444444,0.833333333333,0.444444444444,0.0149253731343,2.47277208045,2.76105038249,0.233766233766,0.111111111111,0.0555555555556,0,-0.273603082852,,0,,,,,,,,0.5,2.5,0
2026,003160,ALL,SEASON,Andrew McAdorey,M,1,49,0,0,0,0,1,0,3,1,2,0,0,2,0,44,6,32,0,0,0,0,0,0,3,0,0,0,0,0.292079207921,0.136801541426,0.0518324191112,0.496817820207,0.537666810159,0,0.666666666667,0,0,2.53978853645,-0.839285373624,0.0681818181818,0.333333333333,0.666666666667,0,-0.547206165703,,0,,,,,,,,0,1,0
2026,003160,RED,STINT,Andrew McAdorey,M,1,49,0,0,0,0,1,0,3,1,2,0,0,2,0,44,6,32,0,0,0,0,0,0,3,0,0,0,0,0.292079207921,0.136801541426,0.0518324191112,0.496817820207,0.537666810159,0,0.666666666667,0,0,2.53978853645,-0.839285373624,0.0681818181818,0.333333333333,0.666666666667,0,-0.547206165703,,0,,,,,,,,0,1,0
2026,003161,ALL,SEASON,Sam English,M,1,7,1,0,0,0,3,0,0,0,0,0,0,0,0,44,6,32,0,0,0,0,0,0,0,0,0,0,0,0.292079207921,0.136801541426,0.0518324191112,0.496817820207,0.537666810159,,,,0.142857142857,-0.637173066221,,0,0,,,,,0,,,,,,,,0,3,0
2026,003161,RED,STINT,Sam English,M,1,7,1,0,0,0,3,0,0,0,0,0,0,0,0,44,6,32,0,0,0,0,0,0,0,0,0,0,0,0.292079207921,0.136801541426,0.0518324191112,0.496817820207,0.537666810159,,,,0.142857142857,-0.637173066221,,0,0,,,,,0,,,,,,,,0,3,0
2026,003162,ALL,SEASON,Coulter Mackesy,A,2,100,4,0,0,0,1,0,20,17,3,4,0,14,1,82,14,46,0,0,0,0,0,0,20,4,4,0,0,0.292079207921,0.136801541426,0.0518324191112,0.496817820207,0.537666810159,0.2,0.7,0.2,0.04,1.18324191112,-1.78615578321,0.243902439024,0.214285714286,0.15,0,-0.820809248555,,0,,,,,,,,0,0.5,0
2026,003162,CAN,STINT,Coulter Mackesy,A,2,100,4,0,0,0,1,0,20,17,3,4,0,14,1,82,14,46,0,0,0,0,0,0,20,4,4,0,0,0.292079207921,0.136801541426,0.0518324191112,0.496817820207,0.537666810159,0.2,0.7,0.2,0.04,1.18324191112,-1.78615578321,0.243902439024,0.214285714286,0.15,0,-0.820809248555,,0,,,,,,,,0,0.5,0
2026,003163,ALL,SEASON,Brendan Lavelle,D,1,5,0,0,0,1,3,0,0,0,0,0,0,0,0,28,3,18,0,0,0,0,0,0,0,0,0,0,0,0.292079207921,0.136801541426,0.0518324191112,0.496817820207,0.537666810159,,,,0,0.259162095556,,0,0,,,,,0,,,,,,,,1,3,0
2026,003163,ARC,STINT,Brendan Lavelle,D,1,5,0,0,0,1,3,0,0,0,0,0,0,0,0,28,3,18,0,0,0,0,0,0,0,0,0,0,0,0.292079207921,0.136801541426,0.0518324191112,0.496817820207,0.537666810159,,,,0,0.259162095556,,0,0,,,,,0,,,,,,,,1,3,0
2026,003165,ALL,SEASON,Aidan Carroll,M,1,22,3,0,0,0,0,0,4,4,0,1,0,2,0,33,2,20,0,0,0,0,0,0,4,1,1,0,0,0.292079207921,0.136801541426,0.0518324191112,0.496817820207,0.537666810159,0.25,0.5,0.25,0.136363636364,-1.85968677955,-0.168316831683,0.121212121212,0,0,,,,0,,,,,,,,0,0,0
2026,003165,WHP,STINT,Aidan Carroll,M,1,22,3,0,0,0,0,0,4,4,0,1,0,2,0,33,2,20,0,0,0,0,0,0,4,1,1,0,0,0.292079207921,0.136801541426,0.0518324191112,0.496817820207,0.537666810159,0.25,0.5,0.25,0.136363636364,-1.85968677955,-0.168316831683,0.121212121212,0,0,,,,0,,,,,,,,0,0,0
2026,003167,ALL,SEASON,Jake Taylor,A,3,22,3,0,0,0,1,1,8,8,0,4,0,8,0,118,23,72,0,0,0,0,0,0,8,4,4,0,0,0.292079207921,0.136801541426,0.0518324191112,0.496817820207,0.537666810159,0.5,1,0.5,0.136363636364,-1.85968677955,1.66336633663,0.0677966101695,0,0,,,,0,,,,,,,,0,0.333333333333,0.333333333333
2026,003167,OUT,STINT,Jake Taylor,A,3,22,3,0,0,0,1,1,8,8,0,4,0,8,0,118,23,72,0,0,0,0,0,0,8,4,4,0,0,0.292079207921,0.136801541426,0.0518324191112,0.496817820207,0.537666810159,0.5,1,0.5,0.136363636364,-1.85968677955,1.66336633663,0.0677966101695,0,0,,,,0,,,,,,,,0,0.333333333333,0.333333333333
2026,003168,ALL,SEASON,Chris Kavanagh,A,1,49,3,0,0,0,2,0,9,9,0,2,0,7,1,44,6,32,0,0,0,0,0,0,9,2,2,0,0,0.292079207921,0.136801541426,0.0518324191112,0.496817820207,0.537666810159,0.222222222222,0.777777777778,0.222222222222,0.0612244897959,-0.46021146355,-0.628712871287,0.204545454545,0,0,,,,0,,,,,,,,0,2,0
2026,003168,RED,STINT,Chris Kavanagh,A,1,49,3,0,0,0,2,0,9,9,0,2,0,7,1,44,6,32,0,0,0,0,0,0,9,2,2,0,0,0.292079207921,0.136801541426,0.0518324191112,0.496817820207,0.537666810159,0.222222222222,0.777777777778,0.222222222222,0.0612244897959,-0.46021146355,-0.628712871287,0.204545454545,0,0,,,,0,,,,,,,,0,2,0
2026,003169,ALL,SEASON,Logan McNaney,G,3,59,4,0,0,2,6,0,0,0,0,0,0,0,0,118,23,72,33,4,33,0,3,5,0,0,0,37,70,0.292079207921,0.136801541426,0.0518324191112,0.496817820207,0.537666810159,,,,0.0677966101695,-0.941887272438,,0,0,,,,,0,,0.528571428571,0.5,1,-0.636676711149,0.958904109589,0.0684931506849,0.666666666667,2,0
2026,003169,OUT,STINT,Logan McNaney,G,3,59,4,0,0,2,6,0,0,0,0,0,0,0,0,118,23,72,33,4,33,0,3,5,0,0,0,37,70,0.292079207921,0.136801541426,0.0518324191112,0.496817820207,0.537666810159,,,,0.0677966101695,-0.941887272438,,0,0,,,,,0,,0.528571428571,0.5,1,-0.636676711149,0.958904109589,0.0684931506849,0.666666666667,2,0
2026,003173,ALL,SEASON,Jack McDonald,LSM,1,4,0,0,0,0,1,0,0,0,0,0,0,0,0,33,2,20,0,0,0,0,0,0,0,0,0,0,0,0.292079207921,0.136801541426,0.0518324191112,0.496817820207,0.537666810159,,,,0,0.207329676445,,0,0,,,,,0,,,,,,,,0,1,0
2026,003173,WHP,STINT,Jack McDonald,LSM,1,4,0,0,0,0,1,0,0,0,0,0,0,0,0,33,2,20,0,0,0,0,0,0,0,0,0,0,0,0.292079207921,0.136801541426,0.0518324191112,0.496817820207,0.537666810159,,,,0,0.207329676445,,0,0,,,,,0,,,,,,,,0,1,0
2026,003174,ALL,SEASON,Sam King,M,1,52,2,0,0,0,1,1,5,5,0,1,0,3,0,28,3,18,0,0,0,0,0,0,5,1,1,0,0,0.292079207921,0.136801541426,0.0518324191112,0.496817820207,0.537666810159,0.2,0.6,0.2,0.0384615384615,0.695285793783,-0.460396039604,0.178571428571,0,0,,,,0,,,,,,,,0,1,1
2026,003174,ARC,STINT,Sam King,M,1,52,2,0,0,0,1,1,5,5,0,1,0,3,0,28,3,18,0,0,0,0,0,0,5,1,1,0,0,0.292079207921,0.136801541426,0.0518324191112,0.496817820207,0.537666810159,0.2,0.6,0.2,0.0384615384615,0.695285793783,-0.460396039604,0.178571428571,0,0,,,,0,,,,,,,,0,1,1
2026,003176,ALL,SEASON,Emmet Carroll,G,1,17,1,0,0,0,3,0,0,0,0,0,0,0,0,33,2,20,7,2,9,0,1,2,0,0,0,9,18,0.292079207921,0.136801541426,0.0518324191112,0.496817820207,0.537666810159,,,,0.0588235294118,-0.118848875109,,0,0,,,,,0,,0.5,0.4375,1,-0.678002582867,0.947368421053,0.105263157895,0,3,0
2026,003176,WHP,STINT,Emmet Carroll,G,1,17,1,0,0,0,3,0,0,0,0,0,0,0,0,33,2,20,7,2,9,0,1,2,0,0,0,9,18,0.292079207921,0.136801541426,0.0518324191112,0.496817820207,0.537666810159,,,,0.0588235294118,-0.118848875109,,0,0,,,,,0,,0.5,0.4375,1,-0.678002582867,0.947368421053,0.105263157895,0,3,0
2026,003177,ALL,SEASON,Mitchell Dunham,D,1,1,0,0,0,0,0,0,0,0,0,0,0,0,0,28,3,18,0,0,0,0,0,0,0,0,0,0,0,0.292079207921,0.136801541426,0.0518324191112,0.496817820207,0.537666810159,,,,0,0.0518324191112,,0,0,,,,,0,,,,,,,,0,0,0
2026,003177,ARC,STINT,Mitchell Dunham,D,1,1,0,0,0,0,0,0,0,0,0,0,0,0,0,28,3,18,0,0,0,0,0,0,0,0,0,0,0,0.292079207921,0.136801541426,0.0518324191112,0.496817820207,0.537666810159,,,,0,0.0518324191112,,0,0,,,,,0,,,,,,,,0,0,0
2026,003180,ALL,SEASON,Christian Mazur,SSDM,1,12,0,0,0,0,1,0,2,2,0,1,0,1,0,33,2,20,0,0,0,0,0,0,2,1,1,0,0,0.292079207921,0.136801541426,0.0518324191112,0.496817820207,0.537666810159,0.5,0.5,0.5,0,0.621989029335,0.415841584158,0.0606060606061,0,0,,,,0,,,,,,,,0,1,0
2026,003180,WHP,STINT,Christian Mazur,SSDM,1,12,0,0,0,0,1,0,2,2,0,1,0,1,0,33,2,20,0,0,0,0,0,0,2,1,1,0,0,0.292079207921,0.136801541426,0.0518324191112,0.496817820207,0.537666810159,0.5,0.5,0.5,0,0.621989029335,0.415841584158,0.0606060606061,0,0,,,,0,,,,,,,,0,1,0
2026,003181,ALL,SEASON,Jimmy Freehill,D,2,11,0,0,0,1,0,1,4,0,4,0,0,1,0,77,9,48,0,0,0,0,0,0,4,0,0,0,0,0.292079207921,0.136801541426,0.0518324191112,0.496817820207,0.537666810159,0,0.25,0,0,0.570156610223,-1.09441233141,0.0519480519481,0.444444444444,1,0,-1.09441233141,,0,,,,,,,,0.5,0,0.5
2026,003181,WAT,STINT,Jimmy Freehill,D,2,11,0,0,0,1,0,1,4,0,4,0,0,1,0,77,9,48,0,0,0,0,0,0,4,0,0,0,0,0.292079207921,0.136801541426,0.0518324191112,0.496817820207,0.537666810159,0,0.25,0,0,0.570156610223,-1.09441233141,0.0519480519481,0.444444444444,1,0,-1.09441233141,,0,,,,,,,,0.5,0,0.5
2026,003183,ALL,SEASON,Jack Gray,SSDM,3,11,1,1,0,0,1,4,1,1,0,0,0,0,0,118,23,72,0,0,0,0,0,0,1,0,0,0,0,0.292079207921,0.136801541426,0.0518324191112,0.496817820207,0.537666810159,0,0,0,0.0909090909091,-0.429843389777,-0.292079207921,0.00847457627119,0,0,,,0,0.0138888888889,-0.496817820207,,,,,,,0,0.333333333333,1.33333333333
2026,003183,OUT,STINT,Jack Gray,SSDM,3,11,1,1,0,0,1,4,1,1,0,0,0,0,0,118,23,72,0,0,0,0,0,0,1,0,0,0,0,0.292079207921,0.136801541426,0.0518324191112,0.496817820207,0.537666810159,0,0,0,0.0909090909091,-0.429843389777,-0.292079207921,0.00847457627119,0,0,,,0,0.0138888888889,-0.496817820207,,,,,,,0,0.333333333333,1.33333333333
2026,003184,ALL,SEASON,Ben Ramsey,SSDM,2,18,2,0,0,0,4,1,1,0,1,0,0,0,0,82,14,46,0,0,0,0,0,0,1,0,0,0,0,0.292079207921,0.136801541426,0.0518324191112,0.496817820207,0.537666810159,0,0,0,0.111111111111,-1.067016456,-0.273603082852,0.0121951219512,0.0714285714286,1,0,-0.273603082852,,0,,,,,,,,0,2,0.5
2026,003184,CAN,STINT,Ben Ramsey,SSDM,2,18,2,0,0,0,4,1,1,0,1,0,0,0,0,82,14,46,0,0,0,0,0,0,1,0,0,0,0,0.292079207921,0.136801541426,0.0518324191112,0.496817820207,0.537666810159,0,0,0,0.111111111111,-1.067016456,-0.273603082852,0.0121951219512,0.0714285714286,1,0,-0.273603082852,,0,,,,,,,,0,2,0.5
2026,003195,ALL,SEASON,Brian Kelly,A,2,72,2,0,0,1,4,0,7,7,0,3,0,4,1,82,14,46,0,0,0,0,0,0,7,3,3,0,0,0.292079207921,0.136801541426,0.0518324191112,0.496817820207,0.537666810159,0.428571428571,0.571428571429,0.428571428571,0.0277777777778,1.73193417601,0.955445544554,0.0853658536585,0,0,,,,0,,,,,,,,0.5,2,0
2026,003195,CAN,STINT,Brian Kelly,A,2,72,2,0,0,1,4,0,7,7,0,3,0,4,1,82,14,46,0,0,0,0,0,0,7,3,3,0,0,0.292079207921,0.136801541426,0.0518324191112,0.496817820207,0.537666810159,0.428571428571,0.571428571429,0.428571428571,0.0277777777778,1.73193417601,0.955445544554,0.0853658536585,0,0,,,,0,,,,,,,,0.5,2,0
2026,003211,ALL,SEASON,Josh Balcarcel,M,1,15,1,0,0,0,0,0,4,4,0,2,0,3,0,44,6,32,0,0,0,0,0,0,4,2,2,0,0,0.292079207921,0.136801541426,0.0518324191112,0.496817820207,0.537666810159,0.5,0.75,0.5,0.0666666666667,-0.222513713332,0.831683168317,0.0909090909091,0,0,,,,0,,,,,,,,0,0,0
2026,003211,RED,STINT,Josh Balcarcel,M,1,15,1,0,0,0,0,0,4,4,0,2,0,3,0,44,6,32,0,0,0,0,0,0,4,2,2,0,0,0.292079207921,0.136801541426,0.0518324191112,0.496817820207,0.537666810159,0.5,0.75,0.5,0.0666666666667,-0.222513713332,0.831683168317,0.0909090909091,0,0,,,,0,,,,,,,,0,0,0
2026,003232,ALL,SEASON,Casey Wilson,M,2,11,0,0,0,2,1,0,0,0,0,0,0,0,0,77,9,48,0,0,0,0,0,0,0,0,0,0,0,0.292079207921,0.136801541426,0.0518324191112,0.496817820207,0.537666810159,,,,0,0.570156610223,,0,0,,,,,0,,,,,,,,1,0.5,0
2026,003232,WAT,STINT,Casey Wilson,M,2,11,0,0,0,2,1,0,0,0,0,0,0,0,0,77,9,48,0,0,0,0,0,0,0,0,0,0,0,0.292079207921,0.136801541426,0.0518324191112,0.496817820207,0.537666810159,,,,0,0.570156610223,,0,0,,,,,0,,,,,,,,1,0.5,0
2026,003246,ALL,SEASON,Nathan Kapp,FO,1,6,2,20,10,0,6,0,0,0,0,0,0,0,0,33,2,20,0,0,0,0,0,0,0,0,0,0,0,0.292079207921,0.136801541426,0.0518324191112,0.496817820207,0.537666810159,,,,0.333333333333,-1.68900548533,,0,0,,,,0.5,1,0.0636435958632,,,,,,,0,6,0
2026,003246,WHP,STINT,Nathan Kapp,FO,1,6,2,20,10,0,6,0,0,0,0,0,0,0,0,33,2,20,0,0,0,0,0,0,0,0,0,0,0,0.292079207921,0.136801541426,0.0518324191112,0.496817820207,0.537666810159,,,,0.333333333333,-1.68900548533,,0,0,,,,0.5,1,0.0636435958632,,,,,,,0,6,0
2026,003248,ALL,SEASON,Ryan Stines,A,1,26,2,0,0,0,0,0,3,3,0,1,0,2,0,28,3,18,0,0,0,0,0,0,3,1,1,0,0,0.292079207921,0.136801541426,0.0518324191112,0.496817820207,0.537666810159,0.333333333333,0.666666666667,0.333333333333,0.0769230769231,-0.652357103108,0.123762376238,0.107142857143,0,0,,,,0,,,,,,,,0,0,0
2026,003248,ARC,STINT,Ryan Stines,A,1,26,2,0,0,0,0,0,3,3,0,1,0,2,0,28,3,18,0,0,0,0,0,0,3,1,1,0,0,0.292079207921,0.136801541426,0.0518324191112,0.496817820207,0.537666810159,0.333333333333,0.666666666667,0.333333333333,0.0769230769231,-0.652357103108,0.123762376238,0.107142857143,0,0,,,,0,,,,,,,,0,0,0
2026,003252,ALL,SEASON,Leo Johnson,M,1,12,1,0,0,0,0,0,0,0,0,0,0,0,0,28,3,18,0,0,0,0,0,0,0,0,0,0,0,0.292079207921,0.136801541426,0.0518324191112,0.496817820207,0.537666810159,,,,0.0833333333333,-0.378010970665,,0,0,,,,,0,,,,,,,,0,0,0
2026,003252,ARC,STINT,Leo Johnson,M,1,12,1,0,0,0,0,0,0,0,0,0,0,0,0,28,3,18,0,0,0,0,0,0,0,0,0,0,0,0.292079207921,0.136801541426,0.0518324191112,0.496817820207,0.537666810159,,,,0.0833333333333,-0.378010970665,,0,0,,,,,0,,,,,,,,0,0,0
2026,003264,ALL,SEASON,Sean Byrne,G,2,37,5,0,0,1,3,0,0,0,0,0,0,0,0,77,9,48,16,9,12,1,4,10,0,0,0,25,38,0.292079207921,0.136801541426,0.0518324191112,0.496817820207,0.537666810159,,,,0.135135135135,-3.08220049288,,0,0,,,,,0,,0.657894736842,0.571428571429,0.9,4.56866121395,0.904761904762,0.238095238095,0.5,1.5,0
2026,003264,WAT,STINT,Sean Byrne,G,2,37,5,0,0,1,3,0,0,0,0,0,0,0,0,77,9,48,16,9,12,1,4,10,0,0,0,25,38,0.292079207921,0.136801541426,0.0518324191112,0.496817820207,0.537666810159,,,,0.135135135135,-3.08220049288,,0,0,,,,,0,,0.657894736842,0.571428571429,0.9,4.56866121395,0.904761904762,0.238095238095,0.5,1.5,0
2026,003266,ALL,SEASON,Silas Richmond,A,2,29,2,0,0,0,3,0,7,7,0,2,0,4,1,77,9,48,0,0,0,0,0,0,7,2,2,0,0,0.292079207921,0.136801541426,0.0518324191112,0.496817820207,0.537666810159,0.285714285714,0.571428571429,0.285714285714,0.0689655172414,-0.496859845775,-0.0445544554455,0.0909090909091,0,0,,,,0,,,,,,,,0,1.5,0
2026,003266,WAT,STINT,Silas Richmond,A,2,29,2,0,0,0,3,0,7,7,0,2,0,4,1,77,9,48,0,0,0,0,0,0,7,2,2,0,0,0.292079207921,0.136801541426,0.0518324191112,0.496817820207,0.537666810159,0.285714285714,0.571428571429,0.285714285714,0.0689655172414,-0.496859845775,-0.0445544554455,0.0909090909091,0,0,,,,0,,,,,,,,0,1.5,0
2026,003267,ALL,SEASON,Mikey Weisshaar,M,2,41,1,0,0,3,2,0,9,8,1,3,0,5,0,82,14,46,0,0,0,0,0,0,9,3,3,0,0,0.292079207921,0.136801541426,0.0518324191112,0.496817820207,0.537666810159,0.333333333333,0.555555555556,0.333333333333,0.0243902439024,1.12512918356,0.389763253782,0.109756097561,0.0714285714286,0.111111111111,0,-0.273603082852,,0,,,,,,,,1.5,1,0
2026,003267,CAN,STINT,Mikey Weisshaar,M,2,41,1,0,0,3,2,0,9,8,1,3,0,5,0,82,14,46,0,0,0,0,0,0,9,3,3,0,0,0.292079207921,0.136801541426,0.0518324191112,0.496817820207,0.537666810159,0.333333333333,0.555555555556,0.333333333333,0.0243902439024,1.12512918356,0.389763253782,0.109756097561,0.0714285714286,0.111111111111,0,-0.273603082852,,0,,,,,,,,1.5,1,0
2026,003269,ALL,SEASON,Brendan Staub,LSM,2,15,1,0,0,2,4,0,2,1,1,1,0,1,0,77,9,48,0,0,0,0,0,0,2,1,1,0,0,0.292079207921,0.136801541426,0.0518324191112,0.496817820207,0.537666810159,0.5,0.5,0.5,0.0666666666667,-0.222513713332,0.434317709228,0.025974025974,0.111111111111,0.5,0,-0.273603082852,,0,,,,,,,,1,2,0
2026,003269,WAT,STINT,Brendan Staub,LSM,2,15,1,0,0,2,4,0,2,1,1,1,0,1,0,77,9,48,0,0,0,0,0,0,2,1,1,0,0,0.292079207921,0.136801541426,0.0518324191112,0.496817820207,0.537666810159,0.5,0.5,0.5,0.0666666666667,-0.222513713332,0.434317709228,0.025974025974,0.111111111111,0.5,0,-0.273603082852,,0,,,,,,,,1,2,0
2026,003271,ALL,SEASON,Hunter Smith,LSM,2,8,1,0,0,2,6,0,0,0,0,0,0,0,0,82,14,46,0,0,0,0,0,0,0,0,0,0,0,0.292079207921,0.136801541426,0.0518324191112,0.496817820207,0.537666810159,,,,0.125,-0.58534064711,,0,0,,,,,0,,,,,,,,1,3,0
2026,003271,CAN,STINT,Hunter Smith,LSM,2,8,1,0,0,2,6,0,0,0,0,0,0,0,0,82,14,46,0,0,0,0,0,0,0,0,0,0,0,0.292079207921,0.136801541426,0.0518324191112,0.496817820207,0.537666810159,,,,0.125,-0.58534064711,,0,0,,,,,0,,,,,,,,1,3,0
2026,003273,ALL,SEASON,Matt Collison,M,2,41,5,0,0,0,0,0,11,8,3,2,0,4,0,77,9,48,0,0,0,0,0,0,11,2,2,0,0,0.292079207921,0.136801541426,0.0518324191112,0.496817820207,0.537666810159,0.181818181818,0.363636363636,0.181818181818,0.121951219512,-2.87487081644,-1.15744291192,0.142857142857,0.333333333333,0.272727272727,0,-0.820809248555,,0,,,,,,,,0,0,0
2026,003273,WAT,STINT,Matt Collison,M,2,41,5,0,0,0,0,0,11,8,3,2,0,4,0,77,9,48,0,0,0,0,0,0,11,2,2,0,0,0.292079207921,0.136801541426,0.0518324191112,0.496817820207,0.537666810159,0.181818181818,0.363636363636,0.181818181818,0.121951219512,-2.87487081644,-1.15744291192,0.142857142857,0.333333333333,0.272727272727,0,-0.820809248555,,0,,,,,,,,0,0,0
2026,003275,ALL,SEASON,Andrew McMeekin,FO,2,14,3,42,21,1,11,0,0,0,0,0,0,0,0,82,14,46,0,0,0,0,0,0,0,0,0,0,0,0.292079207921,0.136801541426,0.0518324191112,0.496817820207,0.537666810159,,,,0.214285714286,-2.27434613244,,0,0,,,,0.5,0.913043478261,0.133651551313,,,,,,,0.5,5.5,0
2026,003275,CAN,STINT,Andrew McMeekin,FO,2,14,3,42,21,1,11,0,0,0,0,0,0,0,0,82,14,46,0,0,0,0,0,0,0,0,0,0,0,0.292079207921,0.136801541426,0.0518324191112,0.496817820207,0.537666810159,,,,0.214285714286,-2.27434613244,,0,0,,,,0.5,0.913043478261,0.133651551313,,,,,,,0.5,5.5,0
2026,003277,ALL,SEASON,Joey Spallina,A,1,30,4,0,0,1,0,0,4,2,2,0,0,4,0,33,2,20,0,0,0,0,0,0,4,0,0,0,0,0.292079207921,0.136801541426,0.0518324191112,0.496817820207,0.537666810159,0,1,0,0.133333333333,-2.44502742666,-1.13136458154,0.121212121212,1,0.5,0,-0.547206165703,,0,,,,,,,,1,0,0
2026,003277,WHP,STINT,Joey Spallina,A,1,30,4,0,0,1,0,0,4,2,2,0,0,4,0,33,2,20,0,0,0,0,0,0,4,0,0,0,0,0.292079207921,0.136801541426,0.0518324191112,0.496817820207,0.537666810159,0,1,0,0.133333333333,-2.44502742666,-1.13136458154,0.121212121212,1,0.5,0,-0.547206165703,,0,,,,,,,,1,0,0
2026,003278,ALL,SEASON,Aidan Maguire,SSDM,1,12,0,0,0,0,0,0,1,1,0,0,0,0,0,28,3,18,0,0,0,0,0,0,1,0,0,0,0,0.292079207921,0.136801541426,0.0518324191112,0.496817820207,0.537666810159,0,0,0,0,0.621989029335,-0.292079207921,0.0357142857143,0,0,,,,0,,,,,,,,0,0,0
2026,003278,ARC,STINT,Aidan Maguire,SSDM,1,12,0,0,0,0,0,0,1,1,0,0,0,0,0,28,3,18,0,0,0,0,0,0,1,0,0,0,0,0.292079207921,0.136801541426,0.0518324191112,0.496817820207,0.537666810159,0,0,0,0,0.621989029335,-0.292079207921,0.0357142857143,0,0,,,,0,,,,,,,,0,0,0
2026,003281,ALL,SEASON,Kyle Lewis,M,2,42,0,0,0,2,1,0,7,7,0,3,0,6,0,77,9,48,0,0,0,0,0,0,7,3,3,0,0,0.292079207921,0.136801541426,0.0518324191112,0.496817820207,0.537666810159,0.428571428571,0.857142857143,0.428571428571,0,2.17696160267,0.955445544554,0.0909090909091,0,0,,,,0,,,,,,,,1,0.5,0
2026,003281,WAT,STINT,Kyle Lewis,M,2,42,0,0,0,2,1,0,7,7,0,3,0,6,0,77,9,48,0,0,0,0,0,0,7,3,3,0,0,0.292079207921,0.136801541426,0.0518324191112,0.496817820207,0.537666810159,0.428571428571,0.857142857143,0.428571428571,0,2.17696160267,0.955445544554,0.0909090909091,0,0,,,,0,,,,,,,,1,0.5,0
2026,003282,ALL,SEASON,Billy Dwan,D,1,2,0,0,0,0,1,0,0,0,0,0,0,0,0,33,2,20,0,0,0,0,0,0,0,0,0,0,0,0.292079207921,0.136801541426,0.0518324191112,0.496817820207,0.537666810159,,,,0,0.103664838222,,0,0,,,,,0,,,,,,,,0,1,0
2026,003282,WHP,STINT,Billy Dwan,D,1,2,0,0,0,0,1,0,0,0,0,0,0,0,0,33,2,20,0,0,0,0,0,0,0,0,0,0,0,0.292079207921,0.136801541426,0.0518324191112,0.496817820207,0.537666810159,,,,0,0.103664838222,,0,0,,,,,0,,,,,,,,0,1,0
2026,003283,ALL,SEASON,Blake Eiland,SSDM,1,4,1,0,0,0,1,1,0,0,0,0,0,0,0,33,2,20,0,0,0,0,0,0,0,0,0,0,0,0.292079207921,0.136801541426,0.0518324191112,0.496817820207,0.537666810159,,,,0.25,-0.792670323555,,0,0,,,,,0,,,,,,,,0,1,1
2026,003283,WHP,STINT,Blake Eiland,SSDM,1,4,1,0,0,0,1,1,0,0,0,0,0,0,0,33,2,20,0,0,0,0,0,0,0,0,0,0,0,0.292079207921,0.136801541426,0.0518324191112,0.496817820207,0.537666810159,,,,0.25,-0.792670323555,,0,0,,,,,0,,,,,,,,0,1,1
2026,003285,ALL,SEASON,Jack Regnery,A,2,40,1,0,0,1,0,0,7,6,1,3,0,3,0,82,14,46,0,0,0,0,0,0,7,3,3,0,0,0.292079207921,0.136801541426,0.0518324191112,0.496817820207,0.537666810159,0.428571428571,0.428571428571,0.428571428571,0.025,1.07329676445,0.973921669624,0.0853658536585,0.0714285714286,0.142857142857,0,-0.273603082852,,0,,,,,,,,0.5,0,0
2026,003285,CAN,STINT,Jack Regnery,A,2,40,1,0,0,1,0,0,7,6,1,3,0,3,0,82,14,46,0,0,0,0,0,0,7,3,3,0,0,0.292079207921,0.136801541426,0.0518324191112,0.496817820207,0.537666810159,0.428571428571,0.428571428571,0.428571428571,0.025,1.07329676445,0.973921669624,0.0853658536585,0.0714285714286,0.142857142857,0,-0.273603082852,,0,,,,,,,,0.5,0,0
2026,003286,ALL,SEASON,Will Donovan,D,2,10,1,0,0,2,2,1,0,0,0,0,0,0,0,82,14,46,0,0,0,0,0,0,0,0,0,0,0,0.292079207921,0.136801541426,0.0518324191112,0.496817820207,0.537666810159,,,,0.1,-0.481675808888,,0,0,,,,,0,,,,,,,,1,1,0.5
2026,003286,CAN,STINT,Will Donovan,D,2,10,1,0,0,2,2,1,0,0,0,0,0,0,0,82,14,46,0,0,0,0,0,0,0,0,0,0,0,0.292079207921,0.136801541426,0.0518324191112,0.496817820207,0.537666810159,,,,0.1,-0.481675808888,,0,0,,,,,0,,,,,,,,1,1,0.5
2026,003287,ALL,SEASON,Dante Bowen,SSDM,1,2,0,0,0,0,0,0,0,0,0,0,0,0,0,44,6,32,0,0,0,0,0,0,0,0,0,0,0,0.292079207921,0.136801541426,0.0518324191112,0.496817820207,0.537666810159,,,,0,0.103664838222,,0,0,,,,,0,,,,,,,,0,0,0
2026,003287,RED,STINT,Dante Bowen,SSDM,1,2,0,0,0,0,0,0,0,0,0,0,0,0,0,44,6,32,0,0,0,0,0,0,0,0,0,0,0,0.292079207921,0.136801541426,0.0518324191112,0.496817820207,0.537666810159,,,,0,0.103664838222,,0,0,,,,,0,,,,,,,,0,0,0
2026,003288,ALL,SEASON,Josh Yago,M,2,46,2,0,0,0,2,0,7,7,0,2,0,5,0,77,9,48,0,0,0,0,0,0,7,2,2,0,0,0.292079207921,0.136801541426,0.0518324191112,0.496817820207,0.537666810159,0.285714285714,0.714285714286,0.285714285714,0.0434782608696,0.384291279116,-0.0445544554455,0.0909090909091,0,0,,,,0,,,,,,,,0,1,0
2026,003288,WAT,STINT,Josh Yago,M,2,46,2,0,0,0,2,0,7,7,0,2,0,5,0,77,9,48,0,0,0,0,0,0,7,2,2,0,0,0.292079207921,0.136801541426,0.0518324191112,0.496817820207,0.537666810159,0.285714285714,0.714285714286,0.285714285714,0.0434782608696,0.384291279116,-0.0445544554455,0.0909090909091,0,0,,,,0,,,,,,,,0,1,0
2026,003291,ALL,SEASON,Ryan Croddick,G,1,11,0,0,0,0,1,0,0,0,0,0,0,0,0,44,6,32,7,0,3,0,0,0,0,0,0,7,10,0.292079207921,0.136801541426,0.0518324191112,0.496817820207,0.537666810159,,,,0,0.570156610223,,0,0,,,,,0,,0.7,0.7,,1.62333189841,1,0,0,1,0
2026,003291,RED,STINT,Ryan Croddick,G,1,11,0,0,0,0,1,0,0,0,0,0,0,0,0,44,6,32,7,0,3,0,0,0,0,0,0,7,10,0.292079207921,0.136801541426,0.0518324191112,0.496817820207,0.537666810159,,,,0,0.570156610223,,0,0,,,,,0,,0.7,0.7,,1.62333189841,1,0,0,1,0
2026,003296,ALL,SEASON,Cullen Brown,D,1,1,0,0,0,4,1,0,0,0,0,0,0,0,0,44,6,32,0,0,0,0,0,0,0,0,0,0,0,0.292079207921,0.136801541426,0.0518324191112,0.496817820207,0.537666810159,,,,0,0.0518324191112,,0,0,,,,,0,,,,,,,,4,1,0
2026,003296,RED,STINT,Cullen Brown,D,1,1,0,0,0,4,1,0,0,0,0,0,0,0,0,44,6,32,0,0,0,0,0,0,0,0,0,0,0,0.292079207921,0.136801541426,0.0518324191112,0.496817820207,0.537666810159,,,,0,0.0518324191112,,0,0,,,,,0,,,,,,,,4,1,0
2026,003298,ALL,SEASON,Finn Thomson,A,1,21,0,0,0,0,1,0,6,6,0,3,0,4,0,44,6,32,0,0,0,0,0,0,6,3,3,0,0,0.292079207921,0.136801541426,0.0518324191112,0.496817820207,0.537666810159,0.5,0.666666666667,0.5,0,1.08848080134,1.24752475248,0.136363636364,0,0,,,,0,,,,,,,,0,1,0
2026,003298,RED,STINT,Finn Thomson,A,1,21,0,0,0,0,1,0,6,6,0,3,0,4,0,44,6,32,0,0,0,0,0,0,6,3,3,0,0,0.292079207921,0.136801541426,0.0518324191112,0.496817820207,0.537666810159,0.5,0.666666666667,0.5,0,1.08848080134,1.24752475248,0.136363636364,0,0,,,,0,,,,,,,,0,1,0
