season,player_id,team_id,aggregation_level,player_name,positions,games_played,sv1,sv2,ga1,ga2,resolved_saves,resolved_shots_faced,unresolved_goalie_sog,resolved_coverage,sog2_faced,league_save_rate,save_pct,one_point_save_pct,two_point_save_pct,saves_above_average,goalie_two_point_shot_mix_faced
2022,000201,ALL,SEASON,Adam Ghitelman,G,11,100,17,102,5,117,224,25,0.899598393574,24,0.521718602455,0.522321428571,0.49504950495,0.772727272727,0.135033050047,0.0963855421687
2022,000201,ARC,STINT,Adam Ghitelman,G,11,100,17,102,5,117,224,25,0.899598393574,24,0.521718602455,0.522321428571,0.49504950495,0.772727272727,0.135033050047,0.0963855421687
2022,000241,ALL,SEASON,Jack Concannon,G,11,113,17,106,10,130,246,17,0.93536121673,27,0.521718602455,0.528455284553,0.51598173516,0.62962962963,1.65722379603,0.102661596958
2022,000241,ATL,STINT,Jack Concannon,G,11,113,17,106,10,130,246,17,0.93536121673,27,0.521718602455,0.528455284553,0.51598173516,0.62962962963,1.65722379603,0.102661596958
2022,000258,ALL,SEASON,Blaze Riorden,G,13,160,22,131,8,182,321,17,0.949704142012,31,0.521718602455,0.566978193146,0.549828178694,0.733333333333,14.5283286119,0.0917159763314
2022,000258,CHA,STINT,Blaze Riorden,G,13,160,22,131,8,182,321,17,0.949704142012,31,0.521718602455,0.566978193146,0.549828178694,0.733333333333,14.5283286119,0.0917159763314
2022,000318,ALL,SEASON,Jack Kelly,G,8,73,9,92,4,82,178,13,0.931937172775,13,0.521718602455,0.460674157303,0.442424242424,0.692307692308,-10.865911237,0.0680628272251
2022,000318,RED,STINT,Jack Kelly,G,8,73,9,92,4,82,178,13,0.931937172775,13,0.521718602455,0.460674157303,0.442424242424,0.692307692308,-10.865911237,0.0680628272251
2022,000353,ALL,SEASON,Kyle Bernlohr,G,11,112,21,93,8,133,234,12,0.951219512195,29,0.521718602455,0.568376068376,0.546341463415,0.724137931034,10.9178470255,0.117886178862
2022,000353,WHP,STINT,Kyle Bernlohr,G,11,112,21,93,8,133,234,12,0.951219512195,29,0.521718602455,0.568376068376,0.546341463415,0.724137931034,10.9178470255,0.117886178862
2022,000370,ALL,SEASON,Tim Troutner,G,4,14,6,35,1,20,56,8,0.875,7,0.521718602455,0.357142857143,0.285714285714,0.857142857143,-9.21624173749,0.109375
2022,000370,RED,STINT,Tim Troutner,G,4,14,6,35,1,20,56,8,0.875,7,0.521718602455,0.357142857143,0.285714285714,0.857142857143,-9.21624173749,0.109375
2022,000408,ALL,SEASON,Matt DeLuca,G,6,39,7,57,1,46,104,6,0.945454545455,8,0.521718602455,0.442307692308,0.40625,0.875,-8.25873465534,0.0727272727273
2022,000408,WAT,STINT,Matt DeLuca,G,6,39,7,57,1,46,104,6,0.945454545455,8,0.521718602455,0.442307692308,0.40625,0.875,-8.25873465534,0.0727272727273
2022,000418,ALL,SEASON,Dillon Ward,G,9,93,22,95,6,115,216,9,0.96,29,0.521718602455,0.532407407407,0.494680851064,0.785714285714,2.30878186969,0.128888888889
2022,000418,WAT,STINT,Dillon Ward,G,9,93,22,95,6,115,216,9,0.96,29,0.521718602455,0.532407407407,0.494680851064,0.785714285714,2.30878186969,0.128888888889
2022,001427,ALL,SEASON,Nick Marrocco,G,9,109,14,115,4,123,242,12,0.952755905512,18,0.521718602455,0.50826446281,0.486607142857,0.777777777778,-3.25590179415,0.0708661417323
2022,001427,CAN,STINT,Nick Marrocco,G,9,109,14,115,4,123,242,12,0.952755905512,18,0.521718602455,0.50826446281,0.486607142857,0.777777777778,-3.25590179415,0.0708661417323
2022,001724,ALL,SEASON,Sean Sconone,G,11,112,15,101,6,127,234,19,0.924901185771,23,0.521718602455,0.542735042735,0.525821596244,0.714285714286,4.9178470255,0.0909090909091
2022,001724,CHR,STINT,Sean Sconone,G,11,112,15,101,6,127,234,19,0.924901185771,23,0.521718602455,0.542735042735,0.525821596244,0.714285714286,4.9178470255,0.0909090909091
2022,001773,ALL,SEASON,Nick Washuta,G,2,0,0,1,0,0,1,0,1,0,0.521718602455,0,0,,-0.521718602455,0
2022,001773,ARC,STINT,Nick Washuta,G,2,0,0,1,0,0,1,0,1,0,0.521718602455,0,0,,-0.521718602455,0
2022,001797,ALL,SEASON,JD Colarusso,G,3,6,1,8,2,7,17,0,1,3,0.521718602455,0.411764705882,0.428571428571,0.333333333333,-1.86921624174,0.176470588235
2022,001797,ATL,STINT,JD Colarusso,G,3,6,1,8,2,7,17,0,1,3,0.521718602455,0.411764705882,0.428571428571,0.333333333333,-1.86921624174,0.176470588235
2022,002026,ALL,SEASON,Brett Dobson,G,1,14,0,13,0,14,27,4,0.870967741935,0,0.521718602455,0.518518518519,0.518518518519,,-0.086402266289,0
2022,002026,ARC,STINT,Brett Dobson,G,1,14,0,13,0,14,27,4,0.870967741935,0,0.521718602455,0.518518518519,0.518518518519,,-0.086402266289,0
2022,002038,ALL,SEASON,Colin Kirst,G,2,9,0,7,2,9,18,2,0.9,2,0.521718602455,0.5,0.5625,0,-0.390934844193,0.1
2022,002038,CAN,STINT,Colin Kirst,G,2,9,0,7,2,9,18,2,0.9,2,0.521718602455,0.5,0.5625,0,-0.390934844193,0.1
2023,000201,ALL,SEASON,Adam Ghitelman,G,3,21,1,25,1,22,48,3,0.941176470588,2,0.539982425308,0.458333333333,0.45652173913,0.5,-3.91915641476,0.0392156862745
2023,000201,CAN,STINT,Adam Ghitelman,G,3,21,1,25,1,22,48,3,0.941176470588,2,0.539982425308,0.458333333333,0.45652173913,0.5,-3.91915641476,0.0392156862745
2023,000241,ALL,SEASON,Jack Concannon,G,10,100,12,109,12,112,233,17,0.932,25,0.539982425308,0.480686695279,0.478468899522,0.5,-13.8159050967,0.1
2023,000241,ATL,STINT,Jack Concannon,G,10,100,12,109,12,112,233,17,0.932,25,0.539982425308,0.480686695279,0.478468899522,0.5,-13.8159050967,0.1
2023,000258,ALL,SEASON,Blaze Riorden,G,10,124,28,94,12,152,258,9,0.966292134831,41,0.539982425308,0.589147286822,0.56880733945,0.7,12.6845342707,0.153558052434
2023,000258,CHA,STINT,Blaze Riorden,G,10,124,28,94,12,152,258,9,0.966292134831,41,0.539982425308,0.589147286822,0.56880733945,0.7,12.6845342707,0.153558052434
2023,000318,ALL,SEASON,Jack Kelly,G,12,121,26,118,9,147,274,7,0.975088967972,36,0.539982425308,0.536496350365,0.506276150628,0.742857142857,-0.955184534271,0.128113879004
2023,000318,RED,STINT,Jack Kelly,G,12,121,26,118,9,147,274,7,0.975088967972,36,0.539982425308,0.536496350365,0.506276150628,0.742857142857,-0.955184534271,0.128113879004
2023,000353,ALL,SEASON,Kyle Bernlohr,G,7,63,12,70,4,75,149,8,0.949044585987,16,0.539982425308,0.503355704698,0.473684210526,0.75,-5.45738137083,0.101910828025
2023,000353,WHP,STINT,Kyle Bernlohr,G,7,63,12,70,4,75,149,8,0.949044585987,16,0.539982425308,0.503355704698,0.473684210526,0.75,-5.45738137083,0.101910828025
2023,000370,ALL,SEASON,Tim Troutner,G,3,2,1,4,1,3,8,0,1,2,0.539982425308,0.375,0.333333333333,0.5,-1.31985940246,0.25
2023,000370,RED,STINT,Tim Troutner,G,3,2,1,4,1,3,8,0,1,2,0.539982425308,0.375,0.333333333333,0.5,-1.31985940246,0.25
2023,000408,ALL,SEASON,Matt DeLuca,G,8,51,12,56,3,63,122,8,0.938461538462,16,0.539982425308,0.516393442623,0.476635514019,0.8,-2.87785588752,0.123076923077
2023,000408,WAT,STINT,Matt DeLuca,G,8,51,12,56,3,63,122,8,0.938461538462,16,0.539982425308,0.516393442623,0.476635514019,0.8,-2.87785588752,0.123076923077
2023,000418,ALL,SEASON,Dillon Ward,G,9,101,21,79,5,122,206,17,0.923766816143,27,0.539982425308,0.592233009709,0.561111111111,0.807692307692,10.7636203866,0.121076233184
2023,000418,WAT,STINT,Dillon Ward,G,9,101,21,79,5,122,206,17,0.923766816143,27,0.539982425308,0.592233009709,0.561111111111,0.807692307692,10.7636203866,0.121076233184
2023,000614,ALL,SEASON,Brian Phipps,G,2,14,0,16,1,14,31,3,0.911764705882,1,0.539982425308,0.451612903226,0.466666666667,0,-2.73945518453,0.0294117647059
2023,000614,WHP,STINT,Brian Phipps,G,2,14,0,16,1,14,31,3,0.911764705882,1,0.539982425308,0.451612903226,0.466666666667,0,-2.73945518453,0.0294117647059
2023,000815,ALL,SEASON,Austin Kaut,G,2,14,1,13,0,15,28,0,1,1,0.539982425308,0.535714285714,0.518518518519,1,-0.119507908612,0.0357142857143
2023,000815,CHA,STINT,Austin Kaut,G,2,14,1,13,0,15,28,0,1,1,0.539982425308,0.535714285714,0.518518518519,1,-0.119507908612,0.0357142857143
2023,001724,ALL,SEASON,Sean Sconone,G,9,95,10,88,9,105,202,18,0.918181818182,21,0.539982425308,0.519801980198,0.51912568306,0.526315789474,-4.07644991213,0.0954545454545
2023,001724,CHR,STINT,Sean Sconone,G,9,95,10,88,9,105,202,18,0.918181818182,21,0.539982425308,0.519801980198,0.51912568306,0.526315789474,-4.07644991213,0.0954545454545
2023,001773,ALL,SEASON,Nick Washuta,G,4,10,4,11,2,14,27,2,0.931034482759,7,0.539982425308,0.518518518519,0.47619047619,0.666666666667,-0.579525483304,0.241379310345
2023,001773,ARC,STINT,Nick Washuta,G,4,10,4,11,2,14,27,2,0.931034482759,7,0.539982425308,0.518518518519,0.47619047619,0.666666666667,-0.579525483304,0.241379310345
2023,002014,ALL,SEASON,Drake Porter,G,3,16,3,27,0,19,46,3,0.938775510204,3,0.539982425308,0.413043478261,0.372093023256,1,-5.83919156415,0.0612244897959
2023,002014,ATL,STINT,Drake Porter,G,3,16,3,27,0,19,46,3,0.938775510204,3,0.539982425308,0.413043478261,0.372093023256,1,-5.83919156415,0.0612244897959
2023,002026,ALL,SEASON,Brett Dobson,G,12,133,26,98,9,159,266,12,0.956834532374,36,0.539982425308,0.597744360902,0.575757575758,0.742857142857,15.3646748682,0.129496402878
2023,002026,ARC,STINT,Brett Dobson,G,12,133,26,98,9,159,266,12,0.956834532374,36,0.539982425308,0.597744360902,0.575757575758,0.742857142857,15.3646748682,0.129496402878
2023,002038,ALL,SEASON,Colin Kirst,G,11,118,21,108,6,139,253,12,0.954716981132,27,0.539982425308,0.549407114625,0.522123893805,0.777777777778,2.38444639719,0.101886792453
2023,002038,CAN,STINT,Colin Kirst,G,11,118,21,108,6,139,253,12,0.954716981132,27,0.539982425308,0.549407114625,0.522123893805,0.777777777778,2.38444639719,0.101886792453
2023,002039,ALL,SEASON,Owen McElroy,G,4,12,1,13,0,13,26,3,0.896551724138,1,0.539982425308,0.5,0.48,1,-1.039543058,0.0344827586207
2023,002039,CHR,STINT,Owen McElroy,G,4,12,1,13,0,13,26,3,0.896551724138,1,0.539982425308,0.5,0.48,1,-1.039543058,0.0344827586207
2023,002059,ALL,SEASON,Brendan Krebs,G,4,47,8,41,3,55,99,5,0.951923076923,11,0.539982425308,0.555555555556,0.534090909091,0.727272727273,1.54173989455,0.105769230769
2023,002059,WHP,STINT,Brendan Krebs,G,4,47,8,41,3,55,99,5,0.951923076923,11,0.539982425308,0.555555555556,0.534090909091,0.727272727273,1.54173989455,0.105769230769
2024,000258,ALL,SEASON,Blaze Riorden,G,10,100,16,72,4,116,192,19,0.909952606635,20,0.544568245125,0.604166666667,0.581395348837,0.8,11.4428969359,0.0947867298578
2024,000258,CHA,STINT,Blaze Riorden,G,10,100,16,72,4,116,192,19,0.909952606635,20,0.544568245125,0.604166666667,0.581395348837,0.8,11.4428969359,0.0947867298578
2024,000318,ALL,SEASON,Jack Kelly,G,10,93,26,108,9,119,236,15,0.940239043825,36,0.544568245125,0.504237288136,0.462686567164,0.742857142857,-9.51810584958,0.143426294821
2024,000318,RED,STINT,Jack Kelly,G,10,93,26,108,9,119,236,15,0.940239043825,36,0.544568245125,0.504237288136,0.462686567164,0.742857142857,-9.51810584958,0.143426294821
2024,000353,ALL,SEASON,Kyle Bernlohr,G,3,1,0,8,0,1,9,0,1,0,0.544568245125,0.111111111111,0.111111111111,,-3.90111420613,0
2024,000353,WHP,STINT,Kyle Bernlohr,G,3,1,0,8,0,1,9,0,1,0,0.544568245125,0.111111111111,0.111111111111,,-3.90111420613,0
2024,000370,ALL,SEASON,Tim Troutner,G,6,49,12,52,7,61,120,10,0.923076923077,20,0.544568245125,0.508333333333,0.485148514851,0.631578947368,-4.34818941504,0.153846153846
2024,000370,ATL,STINT,Tim Troutner,G,6,49,12,52,7,61,120,10,0.923076923077,20,0.544568245125,0.508333333333,0.485148514851,0.631578947368,-4.34818941504,0.153846153846
2024,000408,ALL,SEASON,Matt DeLuca,G,7,43,4,35,1,47,83,3,0.96511627907,5,0.544568245125,0.566265060241,0.551282051282,0.8,1.8008356546,0.0581395348837
2024,000408,WAT,STINT,Matt DeLuca,G,7,43,4,35,1,47,83,3,0.96511627907,5,0.544568245125,0.566265060241,0.551282051282,0.8,1.8008356546,0.0581395348837
2024,000418,ALL,SEASON,Dillon Ward,G,8,74,7,66,10,81,157,11,0.934523809524,17,0.544568245125,0.515923566879,0.528571428571,0.411764705882,-4.49721448468,0.10119047619
2024,000418,WAT,STINT,Dillon Ward,G,8,74,7,66,10,81,157,11,0.934523809524,17,0.544568245125,0.515923566879,0.528571428571,0.411764705882,-4.49721448468,0.10119047619
2024,000815,ALL,SEASON,Austin Kaut,G,5,37,9,36,4,46,86,9,0.905263157895,14,0.544568245125,0.53488372093,0.506849315068,0.692307692308,-0.83286908078,0.147368421053
2024,000815,CHA,STINT,Austin Kaut,G,5,37,9,36,4,46,86,9,0.905263157895,14,0.544568245125,0.53488372093,0.506849315068,0.692307692308,-0.83286908078,0.147368421053
2024,001724,ALL,SEASON,Sean Sconone,G,2,7,1,13,2,8,23,3,0.884615384615,3,0.544568245125,0.347826086957,0.35,0.333333333333,-4.52506963788,0.115384615385
2024,001724,OUT,STINT,Sean Sconone,G,2,7,1,13,2,8,23,3,0.884615384615,3,0.544568245125,0.347826086957,0.35,0.333333333333,-4.52506963788,0.115384615385
2024,002026,ALL,SEASON,Brett Dobson,G,12,154,31,109,10,185,304,28,0.915662650602,42,0.544568245125,0.608552631579,0.585551330798,0.756097560976,19.4512534819,0.126506024096
2024,002026,ARC,STINT,Brett Dobson,G,12,154,31,109,10,185,304,28,0.915662650602,42,0.544568245125,0.608552631579,0.585551330798,0.756097560976,19.4512534819,0.126506024096
2024,002038,ALL,SEASON,Colin Kirst,G,11,124,17,115,4,141,260,12,0.955882352941,21,0.544568245125,0.542307692308,0.518828451883,0.809523809524,-0.587743732591,0.0772058823529
2024,002038,CAN,STINT,Colin Kirst,G,11,124,17,115,4,141,260,12,0.955882352941,21,0.544568245125,0.542307692308,0.518828451883,0.809523809524,-0.587743732591,0.0772058823529
2024,002039,ALL,SEASON,Owen McElroy,G,10,99,20,99,8,119,226,8,0.965811965812,29,0.544568245125,0.526548672566,0.5,0.714285714286,-4.07242339833,0.123931623932
2024,002039,OUT,STINT,Owen McElroy,G,10,99,20,99,8,119,226,8,0.965811965812,29,0.544568245125,0.526548672566,0.5,0.714285714286,-4.07242339833,0.123931623932
2024,002059,ALL,SEASON,Brendan Krebs,G,13,135,29,129,10,164,303,16,0.949843260188,40,0.544568245125,0.541254125413,0.511363636364,0.74358974359,-1.00417827298,0.12539184953
2024,002059,WHP,STINT,Brendan Krebs,G,13,135,29,129,10,164,303,16,0.949843260188,40,0.544568245125,0.541254125413,0.511363636364,0.74358974359,-1.00417827298,0.12539184953
2024,003079,ALL,SEASON,Liam Entenmann,G,7,61,19,54,8,80,142,20,0.876543209877,30,0.544568245125,0.56338028169,0.530434782609,0.703703703704,2.6713091922,0.185185185185
2024,003079,ATL,STINT,Liam Entenmann,G,7,61,19,54,8,80,142,20,0.876543209877,30,0.544568245125,0.56338028169,0.530434782609,0.703703703704,2.6713091922,0.185185185185
2024,003102,ALL,SEASON,Chayse Ierlan,G,2,2,3,6,2,5,13,2,0.866666666667,5,0.544568245125,0.384615384615,0.25,0.6,-2.07938718663,0.333333333333
2024,003102,RED,STINT,Chayse Ierlan,G,2,2,3,6,2,5,13,2,0.866666666667,5,0.544568245125,0.384615384615,0.25,0.6,-2.07938718663,0.333333333333
2025,000201,ALL,SEASON,Adam Ghitelman,G,1,0,0,0,0,0,0,0,,0,0.539918809202,,,,,
2025,000201,CAN,STINT,Adam Ghitelman,G,1,0,0,0,0,0,0,0,,0,0.539918809202,,,,,
2025,000258,ALL,SEASON,Blaze Riorden,G,11,143,15,112,12,158,282,14,0.952702702703,28,0.539918809202,0.560283687943,0.560784313725,0.555555555556,5.74289580514,0.0945945945946
2025,000258,CHA,STINT,Blaze Riorden,G,11,143,15,112,12,158,282,14,0.952702702703,28,0.539918809202,0.560283687943,0.560784313725,0.555555555556,5.74289580514,0.0945945945946
2025,000408,ALL,SEASON,Matt DeLuca,G,8,72,18,74,10,90,174,14,0.925531914894,29,0.539918809202,0.51724137931,0.493150684932,0.642857142857,-3.94587280108,0.154255319149
2025,000408,WAT,STINT,Matt DeLuca,G,8,72,18,74,10,90,174,14,0.925531914894,29,0.539918809202,0.51724137931,0.493150684932,0.642857142857,-3.94587280108,0.154255319149
2025,000418,ALL,SEASON,Dillon Ward,G,5,28,13,46,6,41,93,7,0.93,21,0.539918809202,0.440860215054,0.378378378378,0.684210526316,-9.21244925575,0.21
2025,000418,WAT,STINT,Dillon Ward,G,5,28,13,46,6,41,93,7,0.93,21,0.539918809202,0.440860215054,0.378378378378,0.684210526316,-9.21244925575,0.21
2025,000815,ALL,SEASON,Austin Kaut,G,2,5,0,3,0,5,8,0,1,0,0.539918809202,0.625,0.625,,0.680649526387,0
2025,000815,CHA,STINT,Austin Kaut,G,2,5,0,3,0,5,8,0,1,0,0.539918809202,0.625,0.625,,0.680649526387,0
2025,001773,ALL,SEASON,Nick Washuta,G,1,0,0,0,0,0,0,0,,0,0.539918809202,,,,,
2025,001773,ARC,STINT,Nick Washuta,G,1,0,0,0,0,0,0,0,,0,0.539918809202,,,,,
2025,002026,ALL,SEASON,Brett Dobson,G,10,124,22,91,10,146,247,18,0.932075471698,33,0.539918809202,0.591093117409,0.576744186047,0.6875,12.6400541272,0.124528301887
2025,002026,ARC,STINT,Brett Dobson,G,10,124,22,91,10,146,247,18,0.932075471698,33,0.539918809202,0.591093117409,0.576744186047,0.6875,12.6400541272,0.124528301887
2025,002038,ALL,SEASON,Colin Kirst,G,10,114,19,128,5,133,266,21,0.926829268293,24,0.539918809202,0.5,0.471074380165,0.791666666667,-10.6184032476,0.0836236933798
2025,002038,CAN,STINT,Colin Kirst,G,10,114,19,128,5,133,266,21,0.926829268293,24,0.539918809202,0.5,0.471074380165,0.791666666667,-10.6184032476,0.0836236933798
2025,002039,ALL,SEASON,Owen McElroy,G,2,12,6,27,0,18,45,3,0.9375,6,0.539918809202,0.4,0.307692307692,1,-6.29634641407,0.125
2025,002039,OUT,STINT,Owen McElroy,G,2,12,6,27,0,18,45,3,0.9375,6,0.539918809202,0.4,0.307692307692,1,-6.29634641407,0.125
2025,002059,ALL,SEASON,Brendan Krebs,G,4,24,4,29,2,28,59,5,0.921875,6,0.539918809202,0.474576271186,0.452830188679,0.666666666667,-3.8552097429,0.09375
2025,002059,WHP,STINT,Brendan Krebs,G,4,24,4,29,2,28,59,5,0.921875,6,0.539918809202,0.474576271186,0.452830188679,0.666666666667,-3.8552097429,0.09375
2025,003079,ALL,SEASON,Liam Entenmann,G,12,163,22,126,9,185,320,25,0.927536231884,34,0.539918809202,0.578125,0.56401384083,0.709677419355,12.2259810555,0.0985507246377
2025,003079,ATL,STINT,Liam Entenmann,G,12,163,22,126,9,185,320,25,0.927536231884,34,0.539918809202,0.578125,0.56401384083,0.709677419355,12.2259810555,0.0985507246377
2025,003102,ALL,SEASON,Chayse Ierlan,G,12,124,29,134,10,153,297,19,0.939873417722,41,0.539918809202,0.515151515152,0.480620155039,0.74358974359,-7.35588633288,0.129746835443
2025,003102,RED,STINT,Chayse Ierlan,G,12,124,29,134,10,153,297,19,0.939873417722,41,0.539918809202,0.515151515152,0.480620155039,0.74358974359,-7.35588633288,0.129746835443
2025,003108,ALL,SEASON,Will Mark,G,2,0,0,0,0,0,0,1,0,0,0.539918809202,,,,,0
2025,003108,ATL,STINT,Will Mark,G,2,0,0,0,0,0,0,1,0,0,0.539918809202,,,,,0
2025,003125,ALL,SEASON,Matt Knote,G,1,0,0,0,0,0,0,0,,0,0.539918809202,,,,,
2025,003125,RED,STINT,Matt Knote,G,1,0,0,0,0,0,0,0,,0,0.539918809202,,,,,
2025,003169,ALL,SEASON,Logan McNaney,G,10,110,21,89,9,131,229,22,0.91235059761,31,0.539918809202,0.572052401747,0.552763819095,0.7,7.35859269283,0.123505976096
2025,003169,OUT,STINT,Logan McNaney,G,10,110,21,89,9,131,229,22,0.91235059761,31,0.539918809202,0.572052401747,0.552763819095,0.7,7.35859269283,0.123505976096
2025,003176,ALL,SEASON,Emmet Carroll,G,8,88,21,87,1,109,197,10,0.951690821256,23,0.539918809202,0.553299492386,0.502857142857,0.954545454545,2.63599458728,0.111111111111
2025,003176,WHP,STINT,Emmet Carroll,G,8,88,21,87,1,109,197,10,0.951690821256,23,0.539918809202,0.553299492386,0.502857142857,0.954545454545,2.63599458728,0.111111111111
2026,000258,ALL,SEASON,Blaze Riorden,G,11,129,13,116,5,142,263,21,0.926056338028,20,0.538945712038,0.539923954373,0.526530612245,0.722222222222,0.257277734068,0.0704225352113
2026,000258,CHA,STINT,Blaze Riorden,G,11,129,13,116,5,142,263,21,0.926056338028,20,0.538945712038,0.539923954373,0.526530612245,0.722222222222,0.257277734068,0.0704225352113
2026,000370,ALL,SEASON,Tim Troutner,G,2,0,0,0,1,0,1,0,1,1,0.538945712038,0,,0,-0.538945712038,1
2026,000370,WAT,STINT,Tim Troutner,G,2,0,0,0,1,0,1,0,1,1,0.538945712038,0,,0,-0.538945712038,1
2026,000408,ALL,SEASON,Matt DeLuca,G,10,69,17,68,5,86,159,8,0.952095808383,24,0.538945712038,0.540880503145,0.503649635036,0.772727272727,0.307631785995,0.14371257485
2026,000408,WAT,STINT,Matt DeLuca,G,10,69,17,68,5,86,159,8,0.952095808383,24,0.538945712038,0.540880503145,0.503649635036,0.772727272727,0.307631785995,0.14371257485
2026,000418,ALL,SEASON,Dillon Ward,G,13,121,24,124,10,145,279,17,0.942567567568,37,0.538945712038,0.519713261649,0.49387755102,0.705882352941,-5.36585365854,0.125
2026,000418,RED,STINT,Dillon Ward,G,13,121,24,124,10,145,279,17,0.942567567568,37,0.538945712038,0.519713261649,0.49387755102,0.705882352941,-5.36585365854,0.125
2026,000815,ALL,SEASON,Austin Kaut,G,4,18,6,15,4,24,43,3,0.934782608696,10,0.538945712038,0.558139534884,0.545454545455,0.6,0.825334382376,0.217391304348
2026,000815,CHA,STINT,Austin Kaut,G,4,18,6,15,4,24,43,3,0.934782608696,10,0.538945712038,0.558139534884,0.545454545455,0.6,0.825334382376,0.217391304348
2026,001773,ALL,SEASON,Nick Washuta,G,3,19,7,15,1,26,42,3,0.933333333333,9,0.538945712038,0.619047619048,0.558823529412,0.875,3.36428009441,0.2
2026,001773,ARC,STINT,Nick Washuta,G,3,19,7,15,1,26,42,3,0.933333333333,9,0.538945712038,0.619047619048,0.558823529412,0.875,3.36428009441,0.2
2026,002026,ALL,SEASON,Brett Dobson,G,11,124,24,93,7,148,248,13,0.950191570881,32,0.538945712038,0.596774193548,0.571428571429,0.774193548387,14.3414634146,0.122605363985
2026,002026,ARC,STINT,Brett Dobson,G,11,124,24,93,7,148,248,13,0.950191570881,32,0.538945712038,0.596774193548,0.571428571429,0.774193548387,14.3414634146,0.122605363985
2026,002038,ALL,SEASON,Colin Kirst,G,12,89,14,104,6,103,213,10,0.955156950673,20,0.538945712038,0.483568075117,0.461139896373,0.7,-11.795436664,0.0896860986547
2026,002038,CAN,STINT,Colin Kirst,G,12,89,14,104,6,103,213,10,0.955156950673,20,0.538945712038,0.483568075117,0.461139896373,0.7,-11.795436664,0.0896860986547
2026,002039,ALL,SEASON,Owen McElroy,G,4,30,4,20,3,34,57,3,0.95,8,0.538945712038,0.59649122807,0.6,0.571428571429,3.28009441385,0.133333333333
2026,002039,OUT,STINT,Owen McElroy,G,4,30,4,20,3,34,57,3,0.95,8,0.538945712038,0.59649122807,0.6,0.571428571429,3.28009441385,0.133333333333
2026,003079,ALL,SEASON,Liam Entenmann,G,12,118,21,153,8,139,300,15,0.952380952381,30,0.538945712038,0.463333333333,0.435424354244,0.724137931034,-22.6837136113,0.0952380952381
2026,003079,ATL,STINT,Liam Entenmann,G,12,118,21,153,8,139,300,15,0.952380952381,30,0.538945712038,0.463333333333,0.435424354244,0.724137931034,-22.6837136113,0.0952380952381
2026,003108,ALL,SEASON,Will Mark,G,2,7,0,3,0,7,10,1,0.909090909091,0,0.538945712038,0.7,0.7,,1.61054287962,0
2026,003108,ATL,STINT,Will Mark,G,2,7,0,3,0,7,10,1,0.909090909091,0,0.538945712038,0.7,0.7,,1.61054287962,0
2026,003125,ALL,SEASON,Matt Knote,G,1,0,0,0,0,0,0,0,,0,0.538945712038,,,,,
2026,003125,WHP,STINT,Matt Knote,G,1,0,0,0,0,0,0,0,,0,0.538945712038,,,,,
2026,003145,ALL,SEASON,JC Higginbotham,G,8,47,14,48,0,61,109,11,0.908333333333,15,0.538945712038,0.559633027523,0.494736842105,1,2.25491738788,0.125
2026,003145,CAN,STINT,JC Higginbotham,G,8,47,14,48,0,61,109,11,0.908333333333,15,0.538945712038,0.559633027523,0.494736842105,1,2.25491738788,0.125
2026,003169,ALL,SEASON,Logan McNaney,G,14,122,22,135,8,144,287,18,0.940983606557,32,0.538945712038,0.501742160279,0.474708171206,0.733333333333,-10.6774193548,0.104918032787
2026,003169,OUT,STINT,Logan McNaney,G,14,122,22,135,8,144,287,18,0.940983606557,32,0.538945712038,0.501742160279,0.474708171206,0.733333333333,-10.6774193548,0.104918032787
2026,003176,ALL,SEASON,Emmet Carroll,G,13,146,28,126,9,174,309,23,0.930722891566,38,0.538945712038,0.563106796117,0.536764705882,0.756756756757,7.46577498033,0.114457831325
2026,003176,WHP,STINT,Emmet Carroll,G,13,146,28,126,9,174,309,23,0.930722891566,38,0.538945712038,0.563106796117,0.536764705882,0.756756756757,7.46577498033,0.114457831325
2026,003264,ALL,SEASON,Sean Byrne,G,9,86,25,59,6,111,176,18,0.907216494845,32,0.538945712038,0.630681818182,0.593103448276,0.806451612903,16.1455546814,0.164948453608
2026,003264,WAT,STINT,Sean Byrne,G,9,86,25,59,6,111,176,18,0.907216494845,32,0.538945712038,0.630681818182,0.593103448276,0.806451612903,16.1455546814,0.164948453608
2026,003291,ALL,SEASON,Ryan Croddick,G,5,19,7,18,2,26,46,0,1,9,0.538945712038,0.565217391304,0.513513513514,0.777777777778,1.20849724626,0.195652173913
2026,003291,RED,STINT,Ryan Croddick,G,5,19,7,18,2,26,46,0,1,9,0.538945712038,0.565217391304,0.513513513514,0.777777777778,1.20849724626,0.195652173913
