season,team_id,games_played,possessions,defensive_possessions,points,points_allowed,shots,two_point_attempts,two_point_goals,shooting_points,shot_producing_possessions,multi_shot_possessions,ambiguous_possessions,measurable_possessions,measurable_possession_seconds,defensive_measurable_possessions,defensive_measurable_seconds,official_turnovers,official_assists,official_goals,shot_clock_events,official_points,score_residual,score_gap_games,possessions_per_game,offensive_efficiency,defensive_efficiency,net_efficiency,shots_per_possession,turnovers_per_possession,shot_clock_expirations_per_possession,offensive_pace_seconds,median_possession_span,shot_producing_possession_rate,multi_shot_possession_rate,time_of_possession_share,defensive_pace_seconds,measurable_possession_coverage,defensive_measurable_coverage,team_assist_to_goal_ratio,team_two_point_attempt_rate,team_two_point_scoring_points_share,team_two_point_points_per_attempt
2022,ARC,12,481,511,144,126,458,46,6,144,342,92,157,277,7853,299,9009,172,85,143,22,150,-6,1,40.0833333333,29.9376299376,24.6575342466,5.28009569105,0.952182952183,0.357588357588,0.045738045738,28.3501805054,25,0.711018711019,0.191268191268,0.465721741193,30.1304347826,0.575883575884,0.585127201566,0.594405594406,0.100436681223,0.0833333333333,0.260869565217
2022,ATL,11,475,439,142,138,445,69,15,142,324,92,125,300,8449,260,7823,193,79,127,26,142,0,0,43.1818181818,29.8947368421,31.4350797267,-1.54034288455,0.936842105263,0.406315789474,0.0547368421053,28.1633333333,25.5,0.682105263158,0.193684210526,0.519235496559,30.0884615385,0.631578947368,0.592255125285,0.622047244094,0.155056179775,0.211267605634,0.434782608696
2022,CAN,10,418,446,110,134,393,29,2,110,282,84,144,238,6374,271,7576,161,55,109,12,111,-1,1,41.8,26.3157894737,30.0448430493,-3.72905357564,0.94019138756,0.385167464115,0.0287081339713,26.781512605,23,0.674641148325,0.200956937799,0.456917562724,27.9557195572,0.569377990431,0.607623318386,0.504587155963,0.0737913486005,0.0363636363636,0.137931034483
2022,CHA,13,511,533,130,147,432,50,5,130,335,70,188,267,8086,282,8849,228,72,125,31,130,0,0,39.3076923077,25.4403131115,27.5797373358,-2.13942422429,0.845401174168,0.446183953033,0.0606653620352,30.2846441948,28,0.655577299413,0.13698630137,0.477472689696,31.3794326241,0.522504892368,0.529080675422,0.576,0.115740740741,0.0769230769231,0.2
2022,CHR,11,448,429,123,113,405,25,3,123,306,79,140,267,7977,241,6833,183,72,120,26,123,0,0,40.7272727273,27.4553571429,26.3403263403,1.11503080253,0.904017857143,0.408482142857,0.0580357142857,29.8764044944,27,0.683035714286,0.176339285714,0.53862255233,28.3526970954,0.595982142857,0.561771561772,0.6,0.0617283950617,0.0487804878049,0.24
2022,RED,11,442,444,122,137,412,53,9,122,309,81,136,253,8032,262,7630,183,58,113,30,122,0,0,40.1818181818,27.6018099548,30.8558558559,-3.2540459011,0.932126696833,0.414027149321,0.0678733031674,31.7470355731,31,0.699095022624,0.183257918552,0.512833610011,29.1221374046,0.572398190045,0.59009009009,0.513274336283,0.128640776699,0.147540983607,0.339622641509
2022,WAT,13,556,582,171,166,545,52,10,171,378,124,176,324,9100,354,9524,209,93,161,19,171,0,0,42.7692307692,30.7553956835,28.5223367698,2.23305891369,0.980215827338,0.375899280576,0.0341726618705,28.0864197531,26,0.679856115108,0.223021582734,0.488616838488,26.9039548023,0.58273381295,0.60824742268,0.577639751553,0.0954128440367,0.116959064327,0.384615384615
2022,WHP,11,464,411,128,109,462,47,7,128,322,105,145,270,8018,227,6645,191,63,121,31,128,0,0,42.1818181818,27.5862068966,26.5206812652,1.06552563134,0.995689655172,0.411637931034,0.0668103448276,29.6962962963,29,0.693965517241,0.226293103448,0.546818522813,29.2731277533,0.581896551724,0.552311435523,0.520661157025,0.101731601732,0.109375,0.297872340426
2023,ARC,12,588,520,167,131,553,76,13,167,396,113,205,350,8980,272,6957,226,83,154,52,167,0,0,49,28.4013605442,25.1923076923,3.20905285191,0.940476190476,0.384353741497,0.0884353741497,25.6571428571,24,0.673469387755,0.192176870748,0.56346865784,25.5772058824,0.595238095238,0.523076923077,0.538961038961,0.137432188065,0.155688622754,0.342105263158
2023,ATL,11,551,472,131,160,444,68,6,131,343,76,172,316,8543,249,7205,234,78,125,41,131,0,0,50.0909090909,23.7749546279,33.8983050847,-10.1233504568,0.805807622505,0.424682395644,0.0744101633394,27.0348101266,25,0.622504537205,0.137931034483,0.542481584963,28.9357429719,0.573502722323,0.527542372881,0.624,0.153153153153,0.0916030534351,0.176470588235
2023,CAN,12,507,621,169,147,497,66,15,169,349,109,182,265,7676,357,8710,184,93,154,34,169,0,0,42.25,33.3333333333,23.6714975845,9.66183574879,0.980276134122,0.36291913215,0.0670611439842,28.9660377358,27,0.688362919132,0.214990138067,0.468448675699,24.3977591036,0.522682445759,0.574879227053,0.603896103896,0.132796780684,0.177514792899,0.454545454545
2023,CHA,11,501,494,129,131,452,57,6,129,337,84,177,269,7567,265,7198,210,76,123,36,129,0,0,45.5454545455,25.748502994,26.5182186235,-0.76971562947,0.902195608782,0.419161676647,0.0718562874251,28.1301115242,28,0.672654690619,0.167664670659,0.512495767017,27.1622641509,0.536926147705,0.536437246964,0.617886178862,0.12610619469,0.093023255814,0.210526315789
2023,CHR,10,429,453,81,119,354,43,2,81,265,67,138,232,5789,263,7534,191,42,79,26,81,0,0,42.9,18.8811188811,26.2693156733,-7.38819679217,0.825174825175,0.445221445221,0.0606060606061,24.9525862069,23,0.617715617716,0.156177156177,0.434511746604,28.6463878327,0.540792540793,0.580573951435,0.53164556962,0.121468926554,0.0493827160494,0.093023255814
2023,RED,12,561,528,132,142,514,67,6,132,368,105,209,300,8648,258,6791,235,70,126,55,132,0,0,46.75,23.5294117647,26.8939393939,-3.36452762923,0.916221033868,0.41889483066,0.0980392156863,28.8266666667,29,0.655971479501,0.187165775401,0.560139905434,26.3217054264,0.534759358289,0.488636363636,0.555555555556,0.130350194553,0.0909090909091,0.179104477612
2023,WAT,13,573,638,175,151,566,64,14,175,399,125,200,301,7755,379,9663,197,99,161,29,175,0,0,44.0769230769,30.5410122164,23.6677115987,6.87330061766,0.987783595113,0.343804537522,0.0506108202443,25.7641196013,23,0.696335078534,0.21815008726,0.445229073372,25.4960422164,0.525305410122,0.594043887147,0.614906832298,0.113074204947,0.16,0.4375
2023,WHP,11,494,478,140,143,465,79,15,140,332,95,190,263,6450,253,7350,187,65,125,47,140,0,0,44.9090909091,28.3400809717,29.9163179916,-1.57623701997,0.941295546559,0.378542510121,0.0951417004049,24.5247148289,24,0.672064777328,0.192307692308,0.467391304348,29.0513833992,0.532388663968,0.529288702929,0.52,0.169892473118,0.214285714286,0.379746835443
2024,ARC,12,545,522,151,129,480,70,9,151,349,97,177,307,7945,290,7606,236,64,142,46,151,0,0,45.4166666667,27.7064220183,24.7126436782,2.99377834019,0.880733944954,0.433027522936,0.0844036697248,25.8794788274,25,0.640366972477,0.177981651376,0.510899620603,26.2275862069,0.563302752294,0.555555555556,0.450704225352,0.145833333333,0.119205298013,0.257142857143
2024,ATL,11,530,490,162,136,490,52,8,162,371,91,165,313,7734,266,6646,196,87,154,44,162,0,0,48.1818181818,30.5660377358,27.7551020408,2.81093569503,0.924528301887,0.369811320755,0.0830188679245,24.7092651757,21,0.7,0.171698113208,0.537830319889,24.984962406,0.590566037736,0.542857142857,0.564935064935,0.10612244898,0.0987654320988,0.307692307692
2024,CAN,11,463,480,130,123,459,92,16,130,318,105,163,240,6557,279,7583,174,59,114,27,130,0,0,42.0909090909,28.0777537797,25.625,2.4527537797,0.991360691145,0.375809935205,0.0583153347732,27.3208333333,27,0.686825053996,0.226781857451,0.463719943423,27.1792114695,0.518358531317,0.58125,0.517543859649,0.200435729847,0.246153846154,0.347826086957
2024,CHA,12,496,536,109,124,450,53,5,109,326,96,178,246,6216,287,8004,205,50,104,40,109,0,0,41.3333333333,21.9758064516,23.1343283582,-1.1585219066,0.907258064516,0.413306451613,0.0806451612903,25.2682926829,23,0.657258064516,0.193548387097,0.437130801688,27.8885017422,0.495967741935,0.535447761194,0.480769230769,0.117777777778,0.0917431192661,0.188679245283
2024,OUT,11,472,487,127,132,472,75,13,127,337,99,147,269,6911,279,7475,179,57,114,44,127,0,0,42.9090909091,26.906779661,27.1047227926,-0.197943131591,1,0.379237288136,0.0932203389831,25.6914498141,24,0.713983050847,0.209745762712,0.480397608786,26.7921146953,0.569915254237,0.572895277207,0.5,0.158898305085,0.204724409449,0.346666666667
2024,RED,10,440,435,104,136,400,58,11,104,298,77,128,261,7446,248,6360,199,47,93,50,104,0,0,44,23.6363636364,31.2643678161,-7.62800417973,0.909090909091,0.452272727273,0.113636363636,28.5287356322,28,0.677272727273,0.175,0.539330725771,25.6451612903,0.593181818182,0.570114942529,0.505376344086,0.145,0.211538461538,0.379310344828
2024,WAT,10,433,481,111,123,434,61,7,111,316,96,154,225,5888,273,6772,161,59,104,29,111,0,0,43.3,25.6351039261,25.5717255717,0.0633783543714,1.00230946882,0.37182448037,0.066974595843,26.1688888889,23,0.729792147806,0.221709006928,0.465086887836,24.8058608059,0.519630484988,0.567567567568,0.567307692308,0.140552995392,0.126126126126,0.229508196721
2024,WHP,13,622,570,166,157,580,67,10,166,430,116,206,354,9082,293,7333,245,68,156,56,166,0,0,47.8461538462,26.6881028939,27.5438596491,-0.855756755232,0.932475884244,0.393890675241,0.0900321543408,25.6553672316,25,0.691318327974,0.186495176849,0.553274444106,25.0273037543,0.569131832797,0.514035087719,0.435897435897,0.115517241379,0.120481927711,0.298507462687
2025,ARC,10,425,473,98,111,353,51,6,98,258,69,160,197,5149,250,6570,192,53,92,30,98,0,0,42.5,23.0588235294,23.467230444,-0.408406914563,0.830588235294,0.451764705882,0.0705882352941,26.1370558376,25,0.607058823529,0.162352941176,0.439371960065,26.28,0.463529411765,0.528541226216,0.576086956522,0.14447592068,0.122448979592,0.235294117647
2025,ATL,12,570,527,164,144,514,54,7,164,379,104,201,322,8331,270,7305,228,97,157,60,164,0,0,47.5,28.7719298246,27.3244781784,1.44745164619,0.901754385965,0.4,0.105263157895,25.8726708075,24,0.664912280702,0.182456140351,0.532808902533,27.0555555556,0.564912280702,0.512333965844,0.617834394904,0.105058365759,0.0853658536585,0.259259259259
2025,CAN,10,425,455,127,138,415,71,12,127,304,83,168,208,5662,232,6601,156,63,115,33,127,0,0,42.5,29.8823529412,30.3296703297,-0.447317388494,0.976470588235,0.367058823529,0.0776470588235,27.2211538462,25.5,0.715294117647,0.195294117647,0.461714099323,28.4525862069,0.489411764706,0.50989010989,0.547826086957,0.171084337349,0.188976377953,0.338028169014
2025,CHA,11,499,496,122,139,456,56,7,122,338,93,182,267,6945,256,7535,205,55,115,46,122,0,0,45.3636363636,24.4488977956,28.0241935484,-3.5752957528,0.913827655311,0.410821643287,0.0921843687375,26.0112359551,25,0.677354709419,0.186372745491,0.479627071823,29.43359375,0.535070140281,0.516129032258,0.478260869565,0.122807017544,0.114754098361,0.25
2025,OUT,12,549,547,156,134,545,87,13,156,388,109,196,288,7501,297,7698,208,68,143,45,156,0,0,45.75,28.4153005464,24.4972577697,3.9180427768,0.992714025501,0.378870673953,0.0819672131148,26.0451388889,23,0.706739526412,0.1985428051,0.493519310481,25.9191919192,0.524590163934,0.542961608775,0.475524475524,0.159633027523,0.166666666667,0.298850574713
2025,RED,12,533,530,147,154,522,84,12,147,382,109,180,287,8719,278,6977,202,54,135,65,147,0,0,44.4166666667,27.5797373358,29.0566037736,-1.47686643775,0.979362101313,0.378986866792,0.121951219512,30.3797909408,29,0.71669793621,0.204502814259,0.555491845056,25.0971223022,0.538461538462,0.524528301887,0.4,0.16091954023,0.163265306122,0.285714285714
2025,WAT,12,515,514,149,152,505,65,9,149,368,100,174,277,7177,283,7574,195,73,140,44,149,0,0,42.9166666667,28.932038835,29.5719844358,-0.639945600846,0.980582524272,0.378640776699,0.0854368932039,25.9097472924,25,0.714563106796,0.194174757282,0.486543285201,26.7632508834,0.53786407767,0.550583657588,0.521428571429,0.128712871287,0.120805369128,0.276923076923
2025,WHP,11,493,467,131,122,450,41,8,131,341,86,178,254,6894,234,6118,191,60,123,54,131,0,0,44.8181818182,26.5720081136,26.1241970021,0.447811111449,0.912778904665,0.387423935091,0.10953346856,27.1417322835,24.5,0.69168356998,0.174442190669,0.529818628958,26.1452991453,0.515212981744,0.501070663812,0.487804878049,0.0911111111111,0.12213740458,0.390243902439
2026,ARC,12,527,481,142,113,493,67,8,142,357,98,181,290,8060,258,7494,218,67,134,56,142,0,0,43.9166666667,26.944971537,23.4927234927,3.45224804428,0.935483870968,0.413662239089,0.106261859583,27.7931034483,27.5,0.677419354839,0.185958254269,0.518194676611,29.0465116279,0.550284629981,0.536382536383,0.5,0.135902636917,0.112676056338,0.238805970149
2026,ATL,12,518,555,130,172,474,77,14,130,348,96,192,266,6469,293,7397,211,52,116,37,130,0,0,43.1666666667,25.0965250965,30.990990991,-5.89446589447,0.915057915058,0.407335907336,0.0714285714286,24.3195488722,23,0.671814671815,0.185328185328,0.466536852733,25.2457337884,0.513513513514,0.527927927928,0.448275862069,0.162447257384,0.215384615385,0.363636363636
2026,CAN,13,606,565,163,151,561,83,13,163,418,117,220,331,8669,283,7155,211,69,150,50,163,0,0,46.6153846154,26.897689769,26.7256637168,0.172026052163,0.925742574257,0.348184818482,0.0825082508251,26.1903323263,26,0.689768976898,0.193069306931,0.547838725986,25.2826855124,0.546204620462,0.500884955752,0.46,0.147950089127,0.159509202454,0.313253012048
2026,CHA,12,509,566,129,149,466,57,4,129,349,83,190,247,6290,315,8818,195,45,125,27,129,0,0,42.4166666667,25.3438113949,26.3250883392,-0.981276944331,0.915520628684,0.383104125737,0.0530451866405,25.4655870445,25,0.685658153242,0.163064833006,0.416335716177,27.9936507937,0.485265225933,0.556537102473,0.36,0.122317596567,0.062015503876,0.140350877193
2026,OUT,13,565,570,153,158,507,76,14,153,385,93,205,293,6903,309,7878,231,85,139,33,153,0,0,43.4615384615,27.0796460177,27.7192982456,-0.639652227915,0.897345132743,0.408849557522,0.058407079646,23.5597269625,22,0.681415929204,0.164601769912,0.467018469657,25.4951456311,0.518584070796,0.542105263158,0.611510791367,0.149901380671,0.183006535948,0.368421052632
2026,RED,13,598,584,164,166,567,69,3,164,420,113,202,328,8295,300,7087,237,86,161,56,164,0,0,46,27.4247491639,28.4246575342,-0.999908370367,0.948160535117,0.396321070234,0.0936454849498,25.2896341463,24,0.702341137124,0.188963210702,0.539266675335,23.6233333333,0.548494983278,0.513698630137,0.534161490683,0.121693121693,0.0365853658537,0.0869565217391
2026,WAT,12,504,484,151,137,500,69,12,151,358,111,182,271,8088,245,6468,191,76,139,52,151,0,0,42,29.9603174603,28.305785124,1.65453233635,0.992063492063,0.378968253968,0.103174603175,29.8450184502,29,0.710317460317,0.220238095238,0.555647155812,26.4,0.537698412698,0.506198347107,0.546762589928,0.138,0.158940397351,0.347826086957
2026,WHP,13,561,583,158,144,538,38,4,158,391,110,217,280,7034,303,7511,205,80,154,48,158,0,0,43.1538461538,28.1639928699,24.6998284734,3.46416439646,0.959001782531,0.365418894831,0.0855614973262,25.1214285714,25,0.69696969697,0.196078431373,0.483602612582,24.7887788779,0.499108734403,0.519725557461,0.519480519481,0.0706319702602,0.0506329113924,0.210526315789
