season,team_id,bucket_order,possessions,points,shots,turnovers,shot_producing_possessions,bucket,share_of_possessions,points_per_possession,shots_per_possession,turnover_rate,shot_producing_possession_rate,measurable_possession_coverage,eligible_possessions,measurable_possessions
2023,ARC,0,3,2,2,1,2,0 seconds,0.0566037735849,0.666666666667,0.666666666667,0.333333333333,0.666666666667,0.53,100,53
2023,ARC,1,17,6,5,11,5,1–9 seconds,0.320754716981,0.352941176471,0.294117647059,0.647058823529,0.294117647059,0.53,100,53
2023,ARC,2,8,0,3,6,2,10–19 seconds,0.150943396226,0,0.375,0.75,0.25,0.53,100,53
2023,ARC,3,4,1,4,2,3,20–29 seconds,0.0754716981132,0.25,1,0.5,0.75,0.53,100,53
2023,ARC,4,14,5,18,4,10,30–44 seconds,0.264150943396,0.357142857143,1.28571428571,0.285714285714,0.714285714286,0.53,100,53
2023,ARC,5,6,1,5,2,4,45–59 seconds,0.11320754717,0.166666666667,0.833333333333,0.333333333333,0.666666666667,0.53,100,53
2023,ARC,6,1,0,3,0,1,60+ seconds,0.0188679245283,0,3,0,1,0.53,100,53
2023,ATL,0,2,1,1,0,1,0 seconds,0.0740740740741,0.5,0.5,0,0.5,0.509433962264,53,27
2023,ATL,1,5,1,2,3,2,1–9 seconds,0.185185185185,0.2,0.4,0.6,0.4,0.509433962264,53,27
2023,ATL,2,4,1,3,1,3,10–19 seconds,0.148148148148,0.25,0.75,0.25,0.75,0.509433962264,53,27
2023,ATL,3,7,1,3,6,3,20–29 seconds,0.259259259259,0.142857142857,0.428571428571,0.857142857143,0.428571428571,0.509433962264,53,27
2023,ATL,4,5,1,8,1,4,30–44 seconds,0.185185185185,0.2,1.6,0.2,0.8,0.509433962264,53,27
2023,ATL,5,3,1,4,1,3,45–59 seconds,0.111111111111,0.333333333333,1.33333333333,0.333333333333,1,0.509433962264,53,27
2023,ATL,6,1,0,2,0,1,60+ seconds,0.037037037037,0,2,0,1,0.509433962264,53,27
2023,CAN,0,4,3,3,1,3,0 seconds,0.0888888888889,0.75,0.75,0.25,0.75,0.523255813953,86,45
2023,CAN,1,7,2,3,5,2,1–9 seconds,0.155555555556,0.285714285714,0.428571428571,0.714285714286,0.285714285714,0.523255813953,86,45
2023,CAN,2,7,1,5,4,5,10–19 seconds,0.155555555556,0.142857142857,0.714285714286,0.571428571429,0.714285714286,0.523255813953,86,45
2023,CAN,3,8,2,7,4,5,20–29 seconds,0.177777777778,0.25,0.875,0.5,0.625,0.523255813953,86,45
2023,CAN,4,11,4,16,3,9,30–44 seconds,0.244444444444,0.363636363636,1.45454545455,0.272727272727,0.818181818182,0.523255813953,86,45
2023,CAN,5,6,2,8,1,5,45–59 seconds,0.133333333333,0.333333333333,1.33333333333,0.166666666667,0.833333333333,0.523255813953,86,45
2023,CAN,6,2,1,6,0,2,60+ seconds,0.0444444444444,0.5,3,0,1,0.523255813953,86,45
2023,CHA,0,1,0,0,0,0,0 seconds,0.0454545454545,0,0,0,0,0.43137254902,51,22
2023,CHA,1,4,1,4,1,3,1–9 seconds,0.181818181818,0.25,1,0.25,0.75,0.43137254902,51,22
2023,CHA,2,6,3,6,1,5,10–19 seconds,0.272727272727,0.5,1,0.166666666667,0.833333333333,0.43137254902,51,22
2023,CHA,3,3,1,3,1,2,20–29 seconds,0.136363636364,0.333333333333,1,0.333333333333,0.666666666667,0.43137254902,51,22
2023,CHA,4,6,0,6,3,5,30–44 seconds,0.272727272727,0,1,0.5,0.833333333333,0.43137254902,51,22
2023,CHA,5,1,0,0,0,0,45–59 seconds,0.0454545454545,0,0,0,0,0.43137254902,51,22
2023,CHA,6,1,1,4,0,1,60+ seconds,0.0454545454545,1,4,0,1,0.43137254902,51,22
2023,RED,0,1,1,1,0,1,0 seconds,0.0212765957447,1,1,0,1,0.510869565217,92,47
2023,RED,1,11,5,10,2,9,1–9 seconds,0.234042553191,0.454545454545,0.909090909091,0.181818181818,0.818181818182,0.510869565217,92,47
2023,RED,2,6,1,5,2,4,10–19 seconds,0.127659574468,0.166666666667,0.833333333333,0.333333333333,0.666666666667,0.510869565217,92,47
2023,RED,3,3,2,3,2,3,20–29 seconds,0.063829787234,0.666666666667,1,0.666666666667,1,0.510869565217,92,47
2023,RED,4,16,2,20,6,15,30–44 seconds,0.340425531915,0.125,1.25,0.375,0.9375,0.510869565217,92,47
2023,RED,5,7,2,11,1,5,45–59 seconds,0.148936170213,0.285714285714,1.57142857143,0.142857142857,0.714285714286,0.510869565217,92,47
2023,RED,6,3,0,6,0,3,60+ seconds,0.063829787234,0,2,0,1,0.510869565217,92,47
2023,WAT,0,4,2,2,0,2,0 seconds,0.0555555555556,0.5,0.5,0,0.5,0.507042253521,142,72
2023,WAT,1,18,6,12,7,12,1–9 seconds,0.25,0.333333333333,0.666666666667,0.388888888889,0.666666666667,0.507042253521,142,72
2023,WAT,2,8,3,4,4,4,10–19 seconds,0.111111111111,0.375,0.5,0.5,0.5,0.507042253521,142,72
2023,WAT,3,8,6,7,1,7,20–29 seconds,0.111111111111,0.75,0.875,0.125,0.875,0.507042253521,142,72
2023,WAT,4,21,9,26,5,18,30–44 seconds,0.291666666667,0.428571428571,1.2380952381,0.238095238095,0.857142857143,0.507042253521,142,72
2023,WAT,5,8,3,9,3,7,45–59 seconds,0.111111111111,0.375,1.125,0.375,0.875,0.507042253521,142,72
2023,WAT,6,5,2,14,2,5,60+ seconds,0.0694444444444,0.4,2.8,0.4,1,0.507042253521,142,72
2023,WHP,0,4,3,3,0,3,0 seconds,0.166666666667,0.75,0.75,0,0.75,0.521739130435,46,24
2023,WHP,1,1,0,1,0,1,1–9 seconds,0.0416666666667,0,1,0,1,0.521739130435,46,24
2023,WHP,2,4,2,3,0,3,10–19 seconds,0.166666666667,0.5,0.75,0,0.75,0.521739130435,46,24
2023,WHP,3,8,2,6,2,6,20–29 seconds,0.333333333333,0.25,0.75,0.25,0.75,0.521739130435,46,24
2023,WHP,4,3,0,2,0,2,30–44 seconds,0.125,0,0.666666666667,0,0.666666666667,0.521739130435,46,24
2023,WHP,5,4,0,3,3,3,45–59 seconds,0.166666666667,0,0.75,0.75,0.75,0.521739130435,46,24
