rank,player_id,player_name,team_id,canonical_position,position_group,games_played,shots,shots_on_goal,one_point_attempts,two_point_attempts,one_point_goals,two_point_goals,scoring_points,turnovers,touches,shooting_pct,two_point_attempt_share_raw,offensive_EPA_points_raw,offensive_value,value_ci_lo,value_ci_hi,value_boot_sd,rank_ci_lo,rank_ci_hi,top10_inclusion_frequency,role_rate_reliability,qualification_state,publication_caveat
1,2015,Logan Wisnauskas,OUT,attack,attack,13,43.0,34.0,42.0,1.0,25.0,0.0,25.0,14.0,313.0,0.5813953488372093,0.023255813953488372,12.957722445879472,12.95772244587947,6.957722445879471,18.95772244587947,3.137754611182969,1.0,10.0,0.976,0.3779143376593127,DESCRIPTIVE_ONLY,"Season-total value, not ability; year-to-year rank correlation is 0.16-0.25 (CROSS_POSITION_VALUE_RESEARCH.md). Turnover count is not independently bootstrapped (see PLAYER_VALUE_UNCERTAINTY.md). two_point_attempt_share_raw is a SELECTION tendency, not a conversion-ability estimate -- two-point conversion ability remains UNSUPPORTED."
2,216,Marcus Holman,CAN,attack,attack,13,83.0,60.0,60.0,23.0,22.0,6.0,34.0,15.0,506.0,0.3373493975903614,0.27710843373493976,12.631553489987482,12.631553489987482,2.631553489987482,23.631553489987482,5.456004398825209,1.0,22.0,0.882,0.5397236645805273,QUALIFIED,"Season-total value, not ability; year-to-year rank correlation is 0.16-0.25 (CROSS_POSITION_VALUE_RESEARCH.md). Turnover count is not independently bootstrapped (see PLAYER_VALUE_UNCERTAINTY.md). two_point_attempt_share_raw is a SELECTION tendency, not a conversion-ability estimate -- two-point conversion ability remains UNSUPPORTED."
3,3100,Adam Poitras,WHP,midfield,midfield,13,54.0,42.0,53.0,1.0,24.0,0.0,24.0,5.0,299.0,0.4444444444444444,0.018518518518518517,10.389558618890929,10.389558618890927,3.389558618890926,17.389558618890927,3.6651481552592076,1.0,20.024999999999977,0.852,0.4327533400675907,DESCRIPTIVE_ONLY,"Season-total value, not ability; year-to-year rank correlation is 0.16-0.25 (CROSS_POSITION_VALUE_RESEARCH.md). Turnover count is not independently bootstrapped (see PLAYER_VALUE_UNCERTAINTY.md). two_point_attempt_share_raw is a SELECTION tendency, not a conversion-ability estimate -- two-point conversion ability remains UNSUPPORTED."
4,3159,CJ Kirst,WAT,attack,attack,10,84.0,60.0,83.0,1.0,34.0,0.0,34.0,14.0,351.0,0.4047619047619047,0.011904761904761904,10.350174907268748,10.350174907268748,1.3501749072687481,19.350174907268748,4.5957588056816014,1.0,31.0,0.779,0.542697364032416,QUALIFIED,"Season-total value, not ability; year-to-year rank correlation is 0.16-0.25 (CROSS_POSITION_VALUE_RESEARCH.md). Turnover count is not independently bootstrapped (see PLAYER_VALUE_UNCERTAINTY.md). two_point_attempt_share_raw is a SELECTION tendency, not a conversion-ability estimate -- two-point conversion ability remains UNSUPPORTED."
5,3195,Brian Kelly,CAN,attack,attack,12,55.0,39.0,54.0,1.0,24.0,0.0,24.0,25.0,371.0,0.4363636363636363,0.01818181818181818,6.855368929848141,6.855368929848141,-1.1446310701518587,14.855368929848142,3.903514314050868,2.0,52.09999999999991,0.538,0.4372630859772697,DESCRIPTIVE_ONLY,"Season-total value, not ability; year-to-year rank correlation is 0.16-0.25 (CROSS_POSITION_VALUE_RESEARCH.md). Turnover count is not independently bootstrapped (see PLAYER_VALUE_UNCERTAINTY.md). two_point_attempt_share_raw is a SELECTION tendency, not a conversion-ability estimate -- two-point conversion ability remains UNSUPPORTED."
6,3165,Aidan Carroll,WHP,midfield,midfield,13,81.0,50.0,75.0,6.0,29.0,0.0,29.0,15.0,412.0,0.3580246913580246,0.07407407407407407,6.8010824266253955,6.8010824266253955,-2.1989175733746045,14.801082426625396,4.278035062969915,2.0,71.02499999999998,0.501,0.5336587145192048,QUALIFIED,"Season-total value, not ability; year-to-year rank correlation is 0.16-0.25 (CROSS_POSITION_VALUE_RESEARCH.md). Turnover count is not independently bootstrapped (see PLAYER_VALUE_UNCERTAINTY.md). two_point_attempt_share_raw is a SELECTION tendency, not a conversion-ability estimate -- two-point conversion ability remains UNSUPPORTED."
7,1810,Michael Sowers,WAT,attack,attack,12,78.0,62.0,78.0,0.0,29.0,0.0,29.0,22.0,448.0,0.3717948717948718,0.0,6.51481497395996,6.51481497395996,-2.48518502604004,14.51481497395996,4.363961388463467,1.0,77.0,0.523,0.5242555602164436,QUALIFIED,"Season-total value, not ability; year-to-year rank correlation is 0.16-0.25 (CROSS_POSITION_VALUE_RESEARCH.md). Turnover count is not independently bootstrapped (see PLAYER_VALUE_UNCERTAINTY.md). two_point_attempt_share_raw is a SELECTION tendency, not a conversion-ability estimate -- two-point conversion ability remains UNSUPPORTED."
8,1821,Tre Leclaire,ARC,midfield,midfield,10,48.0,29.0,31.0,17.0,13.0,3.0,19.0,7.0,236.0,0.3333333333333333,0.3541666666666667,6.464062371889402,6.464062371889402,-1.535937628110598,14.464062371889401,4.088270905896542,2.0,63.049999999999955,0.495,0.4041002737474631,DESCRIPTIVE_ONLY,"Season-total value, not ability; year-to-year rank correlation is 0.16-0.25 (CROSS_POSITION_VALUE_RESEARCH.md). Turnover count is not independently bootstrapped (see PLAYER_VALUE_UNCERTAINTY.md). two_point_attempt_share_raw is a SELECTION tendency, not a conversion-ability estimate -- two-point conversion ability remains UNSUPPORTED."
9,1814,Mac O'Keefe,ARC,attack,attack,12,69.0,41.0,57.0,12.0,19.0,3.0,25.0,12.0,314.0,0.3188405797101449,0.17391304347826086,6.019127421808066,6.019127421808066,-2.980872578191934,15.019127421808065,4.70368196203782,1.0,82.0,0.446,0.4936243792876141,DESCRIPTIVE_ONLY,"Season-total value, not ability; year-to-year rank correlation is 0.16-0.25 (CROSS_POSITION_VALUE_RESEARCH.md). Turnover count is not independently bootstrapped (see PLAYER_VALUE_UNCERTAINTY.md). two_point_attempt_share_raw is a SELECTION tendency, not a conversion-ability estimate -- two-point conversion ability remains UNSUPPORTED."
10,395,Bryan Costabile,ATL,midfield,midfield,11,62.0,39.0,33.0,29.0,10.0,7.0,24.0,21.0,310.0,0.2741935483870967,0.46774193548387094,5.637088626754829,5.637088626754829,-4.362911373245171,16.637088626754828,5.233419436658962,1.0,89.0,0.425,0.4669293551840481,DESCRIPTIVE_ONLY,"Season-total value, not ability; year-to-year rank correlation is 0.16-0.25 (CROSS_POSITION_VALUE_RESEARCH.md). Turnover count is not independently bootstrapped (see PLAYER_VALUE_UNCERTAINTY.md). two_point_attempt_share_raw is a SELECTION tendency, not a conversion-ability estimate -- two-point conversion ability remains UNSUPPORTED."
11,3298,Finn Thomson,RED,attack,attack,5,17.0,14.0,17.0,0.0,10.0,0.0,10.0,3.0,76.0,0.5882352941176471,0.0,5.228342759402053,5.228342759402053,1.2283427594020526,9.228342759402052,2.048295877064637,5.975000000000001,36.0,0.276,0.1936606901929268,DESCRIPTIVE_ONLY,"Season-total value, not ability; year-to-year rank correlation is 0.16-0.25 (CROSS_POSITION_VALUE_RESEARCH.md). Turnover count is not independently bootstrapped (see PLAYER_VALUE_UNCERTAINTY.md). two_point_attempt_share_raw is a SELECTION tendency, not a conversion-ability estimate -- two-point conversion ability remains UNSUPPORTED."
12,3273,Matt Collison,WAT,midfield,midfield,8,29.0,18.0,22.0,7.0,5.0,4.0,13.0,7.0,167.0,0.3103448275862069,0.2413793103448276,5.051596550560464,5.051596550560464,-0.9484034494395361,11.051596550560465,3.2701584059491693,4.0,61.02499999999998,0.336,0.2906324187062253,DESCRIPTIVE_ONLY,"Season-total value, not ability; year-to-year rank correlation is 0.16-0.25 (CROSS_POSITION_VALUE_RESEARCH.md). Turnover count is not independently bootstrapped (see PLAYER_VALUE_UNCERTAINTY.md). two_point_attempt_share_raw is a SELECTION tendency, not a conversion-ability estimate -- two-point conversion ability remains UNSUPPORTED."
13,3093,Ross Scott,CHA,midfield,midfield,12,40.0,30.0,40.0,0.0,17.0,0.0,17.0,18.0,268.0,0.425,0.0,4.530528368397954,4.530528368397954,-0.46947163160204564,10.530528368397954,3.151196439449626,4.0,57.049999999999955,0.31,0.3610681869902635,DESCRIPTIVE_ONLY,"Season-total value, not ability; year-to-year rank correlation is 0.16-0.25 (CROSS_POSITION_VALUE_RESEARCH.md). Turnover count is not independently bootstrapped (see PLAYER_VALUE_UNCERTAINTY.md). two_point_attempt_share_raw is a SELECTION tendency, not a conversion-ability estimate -- two-point conversion ability remains UNSUPPORTED."
14,3168,Chris Kavanagh,RED,attack,attack,11,77.0,56.0,67.0,10.0,24.0,1.0,26.0,17.0,390.0,0.3246753246753247,0.12987012987012986,4.434843945837885,4.434843945837885,-3.565156054162115,12.434843945837885,4.377110919316527,2.0,86.0,0.292,0.5210363376119749,QUALIFIED,"Season-total value, not ability; year-to-year rank correlation is 0.16-0.25 (CROSS_POSITION_VALUE_RESEARCH.md). Turnover count is not independently bootstrapped (see PLAYER_VALUE_UNCERTAINTY.md). two_point_attempt_share_raw is a SELECTION tendency, not a conversion-ability estimate -- two-point conversion ability remains UNSUPPORTED."
15,3257,Teddy Malone,CHA,midfield,midfield,10,40.0,26.0,40.0,0.0,16.0,0.0,16.0,11.0,216.0,0.4,0.0,4.379076053268658,4.379076053268658,-1.6209239467313414,11.379076053268658,3.0778692304904616,4.0,64.0,0.245,0.3610681869902635,DESCRIPTIVE_ONLY,"Season-total value, not ability; year-to-year rank correlation is 0.16-0.25 (CROSS_POSITION_VALUE_RESEARCH.md). Turnover count is not independently bootstrapped (see PLAYER_VALUE_UNCERTAINTY.md). two_point_attempt_share_raw is a SELECTION tendency, not a conversion-ability estimate -- two-point conversion ability remains UNSUPPORTED."
16,3080,Pat Kavanagh,OUT,attack,attack,7,40.0,27.0,34.0,6.0,13.0,1.0,15.0,10.0,268.0,0.35,0.15,4.280251504627464,4.280251504627464,-1.719748495372536,11.280251504627465,3.423415838019093,4.0,71.0,0.264,0.3610681869902635,DESCRIPTIVE_ONLY,"Season-total value, not ability; year-to-year rank correlation is 0.16-0.25 (CROSS_POSITION_VALUE_RESEARCH.md). Turnover count is not independently bootstrapped (see PLAYER_VALUE_UNCERTAINTY.md). two_point_attempt_share_raw is a SELECTION tendency, not a conversion-ability estimate -- two-point conversion ability remains UNSUPPORTED."
17,3085,Graham Bundy,OUT,midfield,midfield,13,43.0,30.0,24.0,19.0,5.0,5.0,15.0,8.0,267.0,0.2325581395348837,0.4418604651162791,4.1079394610010915,4.1079394610010915,-3.892060538998909,12.132939461001069,4.274341586724201,3.0,87.0,0.301,0.3779143376593127,DESCRIPTIVE_ONLY,"Season-total value, not ability; year-to-year rank correlation is 0.16-0.25 (CROSS_POSITION_VALUE_RESEARCH.md). Turnover count is not independently bootstrapped (see PLAYER_VALUE_UNCERTAINTY.md). two_point_attempt_share_raw is a SELECTION tendency, not a conversion-ability estimate -- two-point conversion ability remains UNSUPPORTED."
18,3211,Josh Balcarcel,RED,midfield,midfield,10,32.0,20.0,30.0,2.0,13.0,0.0,13.0,8.0,132.0,0.40625,0.0625,3.4771052340421527,3.4771052340421527,-1.5228947659578473,8.477105234042153,2.5583492724802084,7.0,64.02499999999998,0.122,0.311337352256534,DESCRIPTIVE_ONLY,"Season-total value, not ability; year-to-year rank correlation is 0.16-0.25 (CROSS_POSITION_VALUE_RESEARCH.md). Turnover count is not independently bootstrapped (see PLAYER_VALUE_UNCERTAINTY.md). two_point_attempt_share_raw is a SELECTION tendency, not a conversion-ability estimate -- two-point conversion ability remains UNSUPPORTED."
19,3288,Josh Yago,WAT,midfield,midfield,10,35.0,20.0,32.0,3.0,9.0,1.0,11.0,4.0,237.0,0.2857142857142857,0.08571428571428572,2.5443060727619393,2.5443060727619393,-2.4556939272380607,8.54430607276194,3.0161351097058082,7.0,82.0,0.103,0.3308678976067493,DESCRIPTIVE_ONLY,"Season-total value, not ability; year-to-year rank correlation is 0.16-0.25 (CROSS_POSITION_VALUE_RESEARCH.md). Turnover count is not independently bootstrapped (see PLAYER_VALUE_UNCERTAINTY.md). two_point_attempt_share_raw is a SELECTION tendency, not a conversion-ability estimate -- two-point conversion ability remains UNSUPPORTED."
20,3121,Brayden Mayea,RED,attack,attack,3,10.0,7.0,10.0,0.0,5.0,0.0,5.0,1.0,59.0,0.5,0.0,2.498907962906321,2.498907962906321,-0.5010920370936789,5.498907962906321,1.573022568178855,11.0,51.0,0.015,0.1237893416037557,DESCRIPTIVE_ONLY,"Season-total value, not ability; year-to-year rank correlation is 0.16-0.25 (CROSS_POSITION_VALUE_RESEARCH.md). Turnover count is not independently bootstrapped (see PLAYER_VALUE_UNCERTAINTY.md). two_point_attempt_share_raw is a SELECTION tendency, not a conversion-ability estimate -- two-point conversion ability remains UNSUPPORTED."
21,1828,Justin Anderson,OUT,midfield,midfield,13,33.0,25.0,30.0,3.0,10.0,1.0,12.0,9.0,163.0,0.3333333333333333,0.09090909090909091,2.3386586474148903,2.3386586474148903,-3.6613413525851097,8.33865864741489,3.004180420680488,7.0,83.02499999999998,0.091,0.3179729923419002,DESCRIPTIVE_ONLY,"Season-total value, not ability; year-to-year rank correlation is 0.16-0.25 (CROSS_POSITION_VALUE_RESEARCH.md). Turnover count is not independently bootstrapped (see PLAYER_VALUE_UNCERTAINTY.md). two_point_attempt_share_raw is a SELECTION tendency, not a conversion-ability estimate -- two-point conversion ability remains UNSUPPORTED."
22,3267,Mikey Weisshaar,CAN,midfield,midfield,13,57.0,36.0,55.0,2.0,19.0,0.0,19.0,18.0,308.0,0.3333333333333333,0.03508771929824561,2.024928126527704,2.0249281265277044,-4.975071873472296,9.049928126527682,3.631737325303141,5.0,90.0,0.114,0.4460708234733028,DESCRIPTIVE_ONLY,"Season-total value, not ability; year-to-year rank correlation is 0.16-0.25 (CROSS_POSITION_VALUE_RESEARCH.md). Turnover count is not independently bootstrapped (see PLAYER_VALUE_UNCERTAINTY.md). two_point_attempt_share_raw is a SELECTION tendency, not a conversion-ability estimate -- two-point conversion ability remains UNSUPPORTED."
23,3167,Jake Taylor,OUT,attack,attack,5,21.0,14.0,21.0,0.0,8.0,0.0,8.0,4.0,67.0,0.3809523809523809,0.0,1.7598929195156472,1.7598929195156472,-2.2401070804843526,5.759892919515647,2.187601426220049,11.0,79.0,0.019,0.2288020383187097,DESCRIPTIVE_ONLY,"Season-total value, not ability; year-to-year rank correlation is 0.16-0.25 (CROSS_POSITION_VALUE_RESEARCH.md). Turnover count is not independently bootstrapped (see PLAYER_VALUE_UNCERTAINTY.md). two_point_attempt_share_raw is a SELECTION tendency, not a conversion-ability estimate -- two-point conversion ability remains UNSUPPORTED."
24,373,Ryder Garnsey,RED,midfield,midfield,11,50.0,35.0,49.0,1.0,18.0,0.0,18.0,26.0,306.0,0.36,0.02,1.4265542360553207,1.4265542360553207,-4.5734457639446795,8.42655423605532,3.31021147360709,7.0,90.0,0.069,0.4139676009508237,DESCRIPTIVE_ONLY,"Season-total value, not ability; year-to-year rank correlation is 0.16-0.25 (CROSS_POSITION_VALUE_RESEARCH.md). Turnover count is not independently bootstrapped (see PLAYER_VALUE_UNCERTAINTY.md). two_point_attempt_share_raw is a SELECTION tendency, not a conversion-ability estimate -- two-point conversion ability remains UNSUPPORTED."
25,2006,Reid Bowering,ATL,attack,attack,11,42.0,33.0,42.0,0.0,15.0,0.0,15.0,14.0,144.0,0.3571428571428571,0.0,1.4236934514762605,1.4236934514762603,-4.57630654852374,8.423693451476261,3.1867222972828992,8.0,90.0,0.062,0.3723985331791355,DESCRIPTIVE_ONLY,"Season-total value, not ability; year-to-year rank correlation is 0.16-0.25 (CROSS_POSITION_VALUE_RESEARCH.md). Turnover count is not independently bootstrapped (see PLAYER_VALUE_UNCERTAINTY.md). two_point_attempt_share_raw is a SELECTION tendency, not a conversion-ability estimate -- two-point conversion ability remains UNSUPPORTED."
26,3232,Casey Wilson,WAT,midfield,midfield,4,2.0,2.0,2.0,0.0,2.0,0.0,2.0,2.0,26.0,1.0,0.0,1.2904218050792309,1.2904218050792307,1.2904218050792307,1.2904218050792307,3.1308289294429414e-14,27.0,39.0,0.0,0.02747917112151,DESCRIPTIVE_ONLY,"Season-total value, not ability; year-to-year rank correlation is 0.16-0.25 (CROSS_POSITION_VALUE_RESEARCH.md). Turnover count is not independently bootstrapped (see PLAYER_VALUE_UNCERTAINTY.md). two_point_attempt_share_raw is a SELECTION tendency, not a conversion-ability estimate -- two-point conversion ability remains UNSUPPORTED."
27,3010,Xander Dickson,ATL,attack,attack,12,65.0,47.0,64.0,1.0,20.0,0.0,20.0,12.0,251.0,0.3076923076923077,0.015384615384615385,1.2513638109480354,1.2513638109480354,-5.748636189051965,8.251363810948035,3.53161209647945,8.0,93.0,0.062,0.4787071109523568,DESCRIPTIVE_ONLY,"Season-total value, not ability; year-to-year rank correlation is 0.16-0.25 (CROSS_POSITION_VALUE_RESEARCH.md). Turnover count is not independently bootstrapped (see PLAYER_VALUE_UNCERTAINTY.md). two_point_attempt_share_raw is a SELECTION tendency, not a conversion-ability estimate -- two-point conversion ability remains UNSUPPORTED."
28,3048,TJ Malone,WHP,attack,attack,13,82.0,61.0,81.0,1.0,24.0,0.0,24.0,15.0,396.0,0.2926829268292683,0.012195121951219513,1.2157143457740969,1.2157143457740969,-6.784285654225903,9.215714345774098,4.06388533302799,6.0,94.0,0.092,0.536711037876952,QUALIFIED,"Season-total value, not ability; year-to-year rank correlation is 0.16-0.25 (CROSS_POSITION_VALUE_RESEARCH.md). Turnover count is not independently bootstrapped (see PLAYER_VALUE_UNCERTAINTY.md). two_point_attempt_share_raw is a SELECTION tendency, not a conversion-ability estimate -- two-point conversion ability remains UNSUPPORTED."
29,3160,Andrew McAdorey,RED,midfield,midfield,13,63.0,32.0,55.0,8.0,16.0,1.0,18.0,14.0,395.0,0.2698412698412698,0.12698412698412698,1.1428377525455606,1.1428377525455606,-5.85716224745444,9.14283775254556,3.8011256227596637,6.0,93.0,0.078,0.4709139648810637,DESCRIPTIVE_ONLY,"Season-total value, not ability; year-to-year rank correlation is 0.16-0.25 (CROSS_POSITION_VALUE_RESEARCH.md). Turnover count is not independently bootstrapped (see PLAYER_VALUE_UNCERTAINTY.md). two_point_attempt_share_raw is a SELECTION tendency, not a conversion-ability estimate -- two-point conversion ability remains UNSUPPORTED."
30,3277,Joey Spallina,WHP,attack,attack,11,63.0,33.0,58.0,5.0,14.0,2.0,18.0,16.0,422.0,0.2539682539682539,0.07936507936507936,0.9568992873529424,0.9568992873529423,-7.043100712647058,8.956899287352943,3.959290845593435,5.975000000000001,94.0,0.086,0.4709139648810637,DESCRIPTIVE_ONLY,"Season-total value, not ability; year-to-year rank correlation is 0.16-0.25 (CROSS_POSITION_VALUE_RESEARCH.md). Turnover count is not independently bootstrapped (see PLAYER_VALUE_UNCERTAINTY.md). two_point_attempt_share_raw is a SELECTION tendency, not a conversion-ability estimate -- two-point conversion ability remains UNSUPPORTED."
31,3300,Ty English,CHA,midfield,midfield,7,10.0,6.0,8.0,2.0,1.0,1.0,3.0,2.0,100.0,0.2,0.2,0.7844668511599628,0.7844668511599628,-2.215533148840037,3.784466851159963,1.684617463995898,16.0,76.0,0.004,0.1237893416037557,DESCRIPTIVE_ONLY,"Season-total value, not ability; year-to-year rank correlation is 0.16-0.25 (CROSS_POSITION_VALUE_RESEARCH.md). Turnover count is not independently bootstrapped (see PLAYER_VALUE_UNCERTAINTY.md). two_point_attempt_share_raw is a SELECTION tendency, not a conversion-ability estimate -- two-point conversion ability remains UNSUPPORTED."
32,3106,Dalton Young,OUT,midfield,midfield,13,48.0,36.0,48.0,0.0,17.0,0.0,17.0,27.0,296.0,0.3541666666666667,0.0,0.6810803276306143,0.6810803276306143,-5.318919672369386,7.681080327630614,3.2770460784065873,8.975000000000001,92.0,0.045,0.4041002737474631,DESCRIPTIVE_ONLY,"Season-total value, not ability; year-to-year rank correlation is 0.16-0.25 (CROSS_POSITION_VALUE_RESEARCH.md). Turnover count is not independently bootstrapped (see PLAYER_VALUE_UNCERTAINTY.md). two_point_attempt_share_raw is a SELECTION tendency, not a conversion-ability estimate -- two-point conversion ability remains UNSUPPORTED."
33,2023,Brendan Nichtern,CHA,attack,attack,6,24.0,16.0,24.0,0.0,8.0,0.0,8.0,10.0,155.0,0.3333333333333333,0.0,0.6168177249317068,0.6168177249317068,-3.383182275068293,5.616817724931707,2.310306473176234,13.0,86.0,0.012,0.2532115690603971,DESCRIPTIVE_ONLY,"Season-total value, not ability; year-to-year rank correlation is 0.16-0.25 (CROSS_POSITION_VALUE_RESEARCH.md). Turnover count is not independently bootstrapped (see PLAYER_VALUE_UNCERTAINTY.md). two_point_attempt_share_raw is a SELECTION tendency, not a conversion-ability estimate -- two-point conversion ability remains UNSUPPORTED."
34,390,Brad Smith,WHP,midfield,midfield,2,5.0,3.0,1.0,4.0,0.0,1.0,2.0,2.0,26.0,0.2,0.8,0.5087921382871408,0.5087921382871408,-1.4912078617128592,4.5087921382871405,1.7248118737995732,15.0,70.02499999999998,0.001,0.0659783809721926,DESCRIPTIVE_ONLY,"Season-total value, not ability; year-to-year rank correlation is 0.16-0.25 (CROSS_POSITION_VALUE_RESEARCH.md). Turnover count is not independently bootstrapped (see PLAYER_VALUE_UNCERTAINTY.md). two_point_attempt_share_raw is a SELECTION tendency, not a conversion-ability estimate -- two-point conversion ability remains UNSUPPORTED."
35,1816,Dox Aitken,WAT,midfield,midfield,1,2.0,2.0,2.0,0.0,1.0,0.0,1.0,0.0,6.0,0.5,0.0,0.4780062783647232,0.4780062783647231,-0.521993721635277,1.478006278364723,0.6964129522057984,27.0,54.0,0.0,0.02747917112151,DESCRIPTIVE_ONLY,"Season-total value, not ability; year-to-year rank correlation is 0.16-0.25 (CROSS_POSITION_VALUE_RESEARCH.md). Turnover count is not independently bootstrapped (see PLAYER_VALUE_UNCERTAINTY.md). two_point_attempt_share_raw is a SELECTION tendency, not a conversion-ability estimate -- two-point conversion ability remains UNSUPPORTED."
36,419,Zed Williams,WAT,midfield,midfield,2,5.0,4.0,3.0,2.0,0.0,1.0,2.0,3.0,43.0,0.2,0.4,0.4409863921989098,0.4409863921989099,-1.55901360780109,2.4409863921989094,1.4239087049386219,22.0,71.0,0.0,0.0659783809721926,DESCRIPTIVE_ONLY,"Season-total value, not ability; year-to-year rank correlation is 0.16-0.25 (CROSS_POSITION_VALUE_RESEARCH.md). Turnover count is not independently bootstrapped (see PLAYER_VALUE_UNCERTAINTY.md). two_point_attempt_share_raw is a SELECTION tendency, not a conversion-ability estimate -- two-point conversion ability remains UNSUPPORTED."
37,3248,Ryan Stines,ARC,attack,attack,12,60.0,39.0,58.0,2.0,18.0,0.0,18.0,18.0,334.0,0.3,0.03333333333333333,0.423272793092298,0.4232727930922981,-5.576727206907702,7.423272793092298,3.5098876050380863,8.975000000000001,93.0,0.046,0.4587773309298574,DESCRIPTIVE_ONLY,"Season-total value, not ability; year-to-year rank correlation is 0.16-0.25 (CROSS_POSITION_VALUE_RESEARCH.md). Turnover count is not independently bootstrapped (see PLAYER_VALUE_UNCERTAINTY.md). two_point_attempt_share_raw is a SELECTION tendency, not a conversion-ability estimate -- two-point conversion ability remains UNSUPPORTED."
38,3261,Truitt Sunderland,WHP,midfield,midfield,6,13.0,10.0,13.0,0.0,4.0,0.0,4.0,3.0,78.0,0.3076923076923077,0.0,0.4216651136282021,0.42166511362820214,-2.578334886371798,4.421665113628202,1.7080562051642234,18.0,81.0,0.003,0.1551638546620863,DESCRIPTIVE_ONLY,"Season-total value, not ability; year-to-year rank correlation is 0.16-0.25 (CROSS_POSITION_VALUE_RESEARCH.md). Turnover count is not independently bootstrapped (see PLAYER_VALUE_UNCERTAINTY.md). two_point_attempt_share_raw is a SELECTION tendency, not a conversion-ability estimate -- two-point conversion ability remains UNSUPPORTED."
39,3281,Kyle Lewis,WAT,midfield,midfield,9,23.0,12.0,23.0,0.0,7.0,0.0,7.0,5.0,109.0,0.3043478260869565,0.0,0.4214432244408741,0.4214432244408741,-3.578556775559126,4.421443224440874,2.1695803741737727,14.0,86.02499999999998,0.006,0.2452485777319362,DESCRIPTIVE_ONLY,"Season-total value, not ability; year-to-year rank correlation is 0.16-0.25 (CROSS_POSITION_VALUE_RESEARCH.md). Turnover count is not independently bootstrapped (see PLAYER_VALUE_UNCERTAINTY.md). two_point_attempt_share_raw is a SELECTION tendency, not a conversion-ability estimate -- two-point conversion ability remains UNSUPPORTED."
40,3186,Hugh Kelleher,ATL,midfield,midfield,10,41.0,30.0,33.0,8.0,10.0,1.0,12.0,8.0,169.0,0.2682926829268293,0.1951219512195122,0.3808441749929677,0.38084417499296774,-5.619155825007033,7.380844174992967,3.227927973174123,9.0,92.0,0.036,0.366784040452442,DESCRIPTIVE_ONLY,"Season-total value, not ability; year-to-year rank correlation is 0.16-0.25 (CROSS_POSITION_VALUE_RESEARCH.md). Turnover count is not independently bootstrapped (see PLAYER_VALUE_UNCERTAINTY.md). two_point_attempt_share_raw is a SELECTION tendency, not a conversion-ability estimate -- two-point conversion ability remains UNSUPPORTED."
41,1729,Chris Aslanian,CHA,midfield,midfield,5,14.0,10.0,8.0,6.0,2.0,1.0,4.0,3.0,83.0,0.2142857142857142,0.42857142857142855,0.3280447062883545,0.3280447062883544,-3.6719552937116458,5.328044706288354,2.2286765130902224,14.0,85.0,0.008,0.1651286133163111,DESCRIPTIVE_ONLY,"Season-total value, not ability; year-to-year rank correlation is 0.16-0.25 (CROSS_POSITION_VALUE_RESEARCH.md). Turnover count is not independently bootstrapped (see PLAYER_VALUE_UNCERTAINTY.md). two_point_attempt_share_raw is a SELECTION tendency, not a conversion-ability estimate -- two-point conversion ability remains UNSUPPORTED."
42,2030,Jonathan Donville,OUT,midfield,midfield,3,3.0,2.0,3.0,0.0,1.0,0.0,1.0,2.0,49.0,0.3333333333333333,0.0,0.2427605313410151,0.242760531341015,-0.757239468658985,2.2427605313410153,0.828825072014592,27.0,60.0,0.0,0.0406601037084536,DESCRIPTIVE_ONLY,"Season-total value, not ability; year-to-year rank correlation is 0.16-0.25 (CROSS_POSITION_VALUE_RESEARCH.md). Turnover count is not independently bootstrapped (see PLAYER_VALUE_UNCERTAINTY.md). two_point_attempt_share_raw is a SELECTION tendency, not a conversion-ability estimate -- two-point conversion ability remains UNSUPPORTED."
43,3027,Thomas McConvey,WAT,midfield,midfield,4,12.0,7.0,12.0,0.0,3.0,0.0,3.0,1.0,86.0,0.25,0.0,0.2009166077044385,0.20091660770443853,-2.7990833922955614,3.2009166077044386,1.5287220152794307,20.0,78.0,0.002,0.1449583501787871,DESCRIPTIVE_ONLY,"Season-total value, not ability; year-to-year rank correlation is 0.16-0.25 (CROSS_POSITION_VALUE_RESEARCH.md). Turnover count is not independently bootstrapped (see PLAYER_VALUE_UNCERTAINTY.md). two_point_attempt_share_raw is a SELECTION tendency, not a conversion-ability estimate -- two-point conversion ability remains UNSUPPORTED."
44,3157,Graydon Hogg,CAN,midfield,midfield,12,42.0,28.0,42.0,0.0,11.0,0.0,11.0,5.0,231.0,0.2619047619047619,0.0,0.1558435269138678,0.15584352691386782,-4.844156473086132,5.155843526913868,2.6640478599304447,14.0,90.0,0.01,0.3723985331791355,DESCRIPTIVE_ONLY,"Season-total value, not ability; year-to-year rank correlation is 0.16-0.25 (CROSS_POSITION_VALUE_RESEARCH.md). Turnover count is not independently bootstrapped (see PLAYER_VALUE_UNCERTAINTY.md). two_point_attempt_share_raw is a SELECTION tendency, not a conversion-ability estimate -- two-point conversion ability remains UNSUPPORTED."
45,3280,Chad Palumbo,CHA,midfield,midfield,10,64.0,39.0,60.0,4.0,19.0,1.0,21.0,22.0,201.0,0.3125,0.0625,0.0794431876893773,0.0794431876893773,-7.920556812310623,9.079443187689378,4.220924543272484,7.0,97.0,0.078,0.4748394480196699,DESCRIPTIVE_ONLY,"Season-total value, not ability; year-to-year rank correlation is 0.16-0.25 (CROSS_POSITION_VALUE_RESEARCH.md). Turnover count is not independently bootstrapped (see PLAYER_VALUE_UNCERTAINTY.md). two_point_attempt_share_raw is a SELECTION tendency, not a conversion-ability estimate -- two-point conversion ability remains UNSUPPORTED."
46,3013,Matt Campbell,CAN,midfield,midfield,5,25.0,14.0,19.0,6.0,4.0,1.0,6.0,2.0,154.0,0.2,0.24,0.062876882927692,0.062876882927692,-3.937123117072308,6.062876882927692,2.5562816746203794,13.0,88.02499999999998,0.015,0.2610082878502334,DESCRIPTIVE_ONLY,"Season-total value, not ability; year-to-year rank correlation is 0.16-0.25 (CROSS_POSITION_VALUE_RESEARCH.md). Turnover count is not independently bootstrapped (see PLAYER_VALUE_UNCERTAINTY.md). two_point_attempt_share_raw is a SELECTION tendency, not a conversion-ability estimate -- two-point conversion ability remains UNSUPPORTED."
47,1815,Connor Kirst,CAN,midfield,midfield,12,18.0,9.0,12.0,6.0,5.0,0.0,5.0,4.0,84.0,0.2777777777777778,0.3333333333333333,-0.0337373400583394,-0.03373734005833949,-3.0337373400583396,2.9662626599416604,1.617845480878807,21.975,82.0,0.0,0.2027428879913279,DESCRIPTIVE_ONLY,"Season-total value, not ability; year-to-year rank correlation is 0.16-0.25 (CROSS_POSITION_VALUE_RESEARCH.md). Turnover count is not independently bootstrapped (see PLAYER_VALUE_UNCERTAINTY.md). two_point_attempt_share_raw is a SELECTION tendency, not a conversion-ability estimate -- two-point conversion ability remains UNSUPPORTED."
48,3076,Connor Shellenberger,ATL,attack,attack,10,32.0,25.0,31.0,1.0,9.0,0.0,9.0,15.0,310.0,0.28125,0.03125,-0.0517687346898271,-0.05176873468982707,-5.051768734689827,4.948231265310173,2.499340713068146,14.0,90.0,0.006,0.311337352256534,DESCRIPTIVE_ONLY,"Season-total value, not ability; year-to-year rank correlation is 0.16-0.25 (CROSS_POSITION_VALUE_RESEARCH.md). Turnover count is not independently bootstrapped (see PLAYER_VALUE_UNCERTAINTY.md). two_point_attempt_share_raw is a SELECTION tendency, not a conversion-ability estimate -- two-point conversion ability remains UNSUPPORTED."
49,3203,CK Giancola,ARC,midfield,midfield,3,16.0,10.0,10.0,6.0,4.0,0.0,4.0,3.0,87.0,0.25,0.375,-0.215282574054865,-0.21528257405486506,-3.215282574054865,2.784717425945135,1.596294459051968,20.0,84.0,0.0,0.1843691827213501,DESCRIPTIVE_ONLY,"Season-total value, not ability; year-to-year rank correlation is 0.16-0.25 (CROSS_POSITION_VALUE_RESEARCH.md). Turnover count is not independently bootstrapped (see PLAYER_VALUE_UNCERTAINTY.md). two_point_attempt_share_raw is a SELECTION tendency, not a conversion-ability estimate -- two-point conversion ability remains UNSUPPORTED."
50,3209,Michael Lampert,WAT,attack,attack,1,1.0,0.0,1.0,0.0,0.0,0.0,0.0,0.0,7.0,0.0,0.0,-0.2183297434017538,-0.21832974340175387,-0.21832974340175387,-0.21832974340175387,5.3013149425851225e-15,40.0,53.02499999999998,0.0,0.0139309916119536,DESCRIPTIVE_ONLY,"Season-total value, not ability; year-to-year rank correlation is 0.16-0.25 (CROSS_POSITION_VALUE_RESEARCH.md). Turnover count is not independently bootstrapped (see PLAYER_VALUE_UNCERTAINTY.md). two_point_attempt_share_raw is a SELECTION tendency, not a conversion-ability estimate -- two-point conversion ability remains UNSUPPORTED."
51,3266,Silas Richmond,WAT,attack,attack,7,27.0,16.0,25.0,2.0,5.0,1.0,7.0,4.0,133.0,0.2222222222222222,0.07407407407407407,-0.2454018714762857,-0.24540187147628578,-4.245401871476286,4.754598128523714,2.465320263170689,16.0,90.0,0.004,0.2761233130248011,DESCRIPTIVE_ONLY,"Season-total value, not ability; year-to-year rank correlation is 0.16-0.25 (CROSS_POSITION_VALUE_RESEARCH.md). Turnover count is not independently bootstrapped (see PLAYER_VALUE_UNCERTAINTY.md). two_point_attempt_share_raw is a SELECTION tendency, not a conversion-ability estimate -- two-point conversion ability remains UNSUPPORTED."
52,1001,Dylan Molloy,RED,attack,attack,13,98.0,60.0,94.0,4.0,31.0,0.0,31.0,31.0,336.0,0.3163265306122449,0.04081632653061224,-0.246586633071399,-0.24658663307139905,-9.246586633071399,7.753413366928601,4.70114613684791,7.0,99.0,0.068,0.580629262956704,QUALIFIED,"Season-total value, not ability; year-to-year rank correlation is 0.16-0.25 (CROSS_POSITION_VALUE_RESEARCH.md). Turnover count is not independently bootstrapped (see PLAYER_VALUE_UNCERTAINTY.md). two_point_attempt_share_raw is a SELECTION tendency, not a conversion-ability estimate -- two-point conversion ability remains UNSUPPORTED."
53,1391,Mikie Schlosser,OUT,midfield,midfield,1,1.0,0.0,1.0,0.0,0.0,0.0,0.0,0.0,4.0,0.0,0.0,-0.2503300814636673,-0.2503300814636673,-0.2503300814636673,-0.2503300814636673,2.886579864025407e-15,41.0,55.0,0.0,0.0139309916119536,DESCRIPTIVE_ONLY,"Season-total value, not ability; year-to-year rank correlation is 0.16-0.25 (CROSS_POSITION_VALUE_RESEARCH.md). Turnover count is not independently bootstrapped (see PLAYER_VALUE_UNCERTAINTY.md). two_point_attempt_share_raw is a SELECTION tendency, not a conversion-ability estimate -- two-point conversion ability remains UNSUPPORTED."
54,3250,Eric Spanos,CHA,midfield,midfield,9,38.0,31.0,36.0,2.0,11.0,0.0,11.0,9.0,152.0,0.2894736842105263,0.05263157894736842,-0.2680024023381925,-0.2680024023381924,-5.268002402338192,5.731997597661808,2.7554598527287597,11.0,91.0,0.019,0.3493212165577372,DESCRIPTIVE_ONLY,"Season-total value, not ability; year-to-year rank correlation is 0.16-0.25 (CROSS_POSITION_VALUE_RESEARCH.md). Turnover count is not independently bootstrapped (see PLAYER_VALUE_UNCERTAINTY.md). two_point_attempt_share_raw is a SELECTION tendency, not a conversion-ability estimate -- two-point conversion ability remains UNSUPPORTED."
55,262,Connor Fields,ARC,attack,attack,12,77.0,51.0,77.0,0.0,24.0,0.0,24.0,28.0,357.0,0.3116883116883117,0.0,-0.3656249294666081,-0.3656249294666081,-8.365624929466609,7.634375070533392,4.11342083915565,7.975000000000001,97.0,0.06,0.5210363376119749,QUALIFIED,"Season-total value, not ability; year-to-year rank correlation is 0.16-0.25 (CROSS_POSITION_VALUE_RESEARCH.md). Turnover count is not independently bootstrapped (see PLAYER_VALUE_UNCERTAINTY.md). two_point_attempt_share_raw is a SELECTION tendency, not a conversion-ability estimate -- two-point conversion ability remains UNSUPPORTED."
56,3174,Sam King,ARC,midfield,midfield,12,78.0,44.0,77.0,1.0,23.0,0.0,23.0,24.0,399.0,0.2948717948717949,0.01282051282051282,-0.3844367922879017,-0.38443679228790184,-8.384436792287902,7.615563207712098,4.08994816593074,8.0,97.0,0.054,0.5242555602164436,QUALIFIED,"Season-total value, not ability; year-to-year rank correlation is 0.16-0.25 (CROSS_POSITION_VALUE_RESEARCH.md). Turnover count is not independently bootstrapped (see PLAYER_VALUE_UNCERTAINTY.md). two_point_attempt_share_raw is a SELECTION tendency, not a conversion-ability estimate -- two-point conversion ability remains UNSUPPORTED."
57,1009,Colin Heacock,WHP,midfield,midfield,13,38.0,24.0,35.0,3.0,10.0,0.0,10.0,6.0,169.0,0.2631578947368421,0.07894736842105263,-0.4609465803116691,-0.46094658031166913,-5.460946580311669,4.539053419688331,2.7648392358327065,13.975000000000001,93.0,0.016,0.3493212165577372,DESCRIPTIVE_ONLY,"Season-total value, not ability; year-to-year rank correlation is 0.16-0.25 (CROSS_POSITION_VALUE_RESEARCH.md). Turnover count is not independently bootstrapped (see PLAYER_VALUE_UNCERTAINTY.md). two_point_attempt_share_raw is a SELECTION tendency, not a conversion-ability estimate -- two-point conversion ability remains UNSUPPORTED."
58,3094,Levi Anderson,ATL,midfield,midfield,9,35.0,19.0,32.0,3.0,6.0,2.0,10.0,8.0,120.0,0.2285714285714285,0.08571428571428572,-0.5055472323825143,-0.5055472323825142,-5.530547232382513,5.494452767617486,2.7834331319433585,14.0,94.0,0.008,0.3308678976067493,DESCRIPTIVE_ONLY,"Season-total value, not ability; year-to-year rank correlation is 0.16-0.25 (CROSS_POSITION_VALUE_RESEARCH.md). Turnover count is not independently bootstrapped (see PLAYER_VALUE_UNCERTAINTY.md). two_point_attempt_share_raw is a SELECTION tendency, not a conversion-ability estimate -- two-point conversion ability remains UNSUPPORTED."
59,978,Kyle Jackson,ATL,midfield,midfield,1,1.0,1.0,1.0,0.0,0.0,0.0,0.0,2.0,10.0,0.0,0.0,-0.5872494657047558,-0.5872494657047557,-0.5872494657047557,-0.5872494657047557,2.3314683517128287e-15,45.0,59.0,0.0,0.0139309916119536,DESCRIPTIVE_ONLY,"Season-total value, not ability; year-to-year rank correlation is 0.16-0.25 (CROSS_POSITION_VALUE_RESEARCH.md). Turnover count is not independently bootstrapped (see PLAYER_VALUE_UNCERTAINTY.md). two_point_attempt_share_raw is a SELECTION tendency, not a conversion-ability estimate -- two-point conversion ability remains UNSUPPORTED."
60,2024,Asher Nolting,CAN,attack,attack,1,0.0,0.0,0.0,0.0,0.0,0.0,0.0,5.0,38.0,,,-0.5969625354613848,-0.5969625354613848,-0.5969625354613848,-0.5969625354613848,6.328271240363392e-15,46.0,60.0,0.0,,INSUFFICIENT_EVIDENCE,"Season-total value, not ability; year-to-year rank correlation is 0.16-0.25 (CROSS_POSITION_VALUE_RESEARCH.md). Turnover count is not independently bootstrapped (see PLAYER_VALUE_UNCERTAINTY.md). two_point_attempt_share_raw is a SELECTION tendency, not a conversion-ability estimate -- two-point conversion ability remains UNSUPPORTED."
61,1827,Jared Bernhardt,OUT,attack,attack,9,54.0,35.0,52.0,2.0,16.0,0.0,16.0,17.0,241.0,0.2962962962962963,0.037037037037037035,-0.6102944633672519,-0.6102944633672519,-6.610294463367252,6.389705536632748,3.3866112856364405,10.975000000000001,95.0,0.025,0.4327533400675907,DESCRIPTIVE_ONLY,"Season-total value, not ability; year-to-year rank correlation is 0.16-0.25 (CROSS_POSITION_VALUE_RESEARCH.md). Turnover count is not independently bootstrapped (see PLAYER_VALUE_UNCERTAINTY.md). two_point_attempt_share_raw is a SELECTION tendency, not a conversion-ability estimate -- two-point conversion ability remains UNSUPPORTED."
62,3302,Vinny Butrico,ATL,attack,attack,2,6.0,5.0,6.0,0.0,1.0,0.0,1.0,2.0,40.0,0.1666666666666666,0.0,-0.7322320794833805,-0.7322320794833806,-1.7322320794833805,1.2677679205166195,0.9412226091632094,32.0,74.0,0.0,0.0781429086472307,DESCRIPTIVE_ONLY,"Season-total value, not ability; year-to-year rank correlation is 0.16-0.25 (CROSS_POSITION_VALUE_RESEARCH.md). Turnover count is not independently bootstrapped (see PLAYER_VALUE_UNCERTAINTY.md). two_point_attempt_share_raw is a SELECTION tendency, not a conversion-ability estimate -- two-point conversion ability remains UNSUPPORTED."
63,339,Connor Kelly,WAT,midfield,midfield,5,27.0,13.0,12.0,15.0,1.0,3.0,7.0,8.0,129.0,0.1481481481481481,0.5555555555555556,-0.7734828376206621,-0.7734828376206621,-6.773482837620662,6.226517162379338,3.407743975124891,11.0,95.0,0.024,0.2761233130248011,DESCRIPTIVE_ONLY,"Season-total value, not ability; year-to-year rank correlation is 0.16-0.25 (CROSS_POSITION_VALUE_RESEARCH.md). Turnover count is not independently bootstrapped (see PLAYER_VALUE_UNCERTAINTY.md). two_point_attempt_share_raw is a SELECTION tendency, not a conversion-ability estimate -- two-point conversion ability remains UNSUPPORTED."
64,3238,Aidan McLane,ATL,midfield,midfield,1,3.0,0.0,3.0,0.0,0.0,0.0,0.0,0.0,8.0,0.0,0.0,-0.7936573618068863,-0.7936573618068863,-0.7936573618068863,-0.7936573618068863,1.354472090042691e-14,49.0,62.0,0.0,0.0406601037084536,DESCRIPTIVE_ONLY,"Season-total value, not ability; year-to-year rank correlation is 0.16-0.25 (CROSS_POSITION_VALUE_RESEARCH.md). Turnover count is not independently bootstrapped (see PLAYER_VALUE_UNCERTAINTY.md). two_point_attempt_share_raw is a SELECTION tendency, not a conversion-ability estimate -- two-point conversion ability remains UNSUPPORTED."
65,3017,Tye Kurtz,CAN,midfield,midfield,2,5.0,2.0,5.0,0.0,1.0,0.0,1.0,3.0,23.0,0.2,0.0,-0.8210301598037959,-0.8210301598037959,-1.821030159803796,1.178969840196204,0.8814300879820256,34.0,76.0,0.0,0.0659783809721926,DESCRIPTIVE_ONLY,"Season-total value, not ability; year-to-year rank correlation is 0.16-0.25 (CROSS_POSITION_VALUE_RESEARCH.md). Turnover count is not independently bootstrapped (see PLAYER_VALUE_UNCERTAINTY.md). two_point_attempt_share_raw is a SELECTION tendency, not a conversion-ability estimate -- two-point conversion ability remains UNSUPPORTED."
66,3268,Jack Taylor,CHA,midfield,midfield,1,6.0,2.0,5.0,1.0,1.0,0.0,1.0,2.0,27.0,0.1666666666666666,0.16666666666666666,-0.846559728623364,-0.8465597286233639,-1.846559728623364,1.153440271376636,0.8922241870740799,35.0,77.0,0.0,0.0781429086472307,DESCRIPTIVE_ONLY,"Season-total value, not ability; year-to-year rank correlation is 0.16-0.25 (CROSS_POSITION_VALUE_RESEARCH.md). Turnover count is not independently bootstrapped (see PLAYER_VALUE_UNCERTAINTY.md). two_point_attempt_share_raw is a SELECTION tendency, not a conversion-ability estimate -- two-point conversion ability remains UNSUPPORTED."
67,3162,Coulter Mackesy,CAN,attack,attack,13,96.0,62.0,84.0,12.0,19.0,3.0,25.0,18.0,524.0,0.2291666666666666,0.125,-0.8545334647006404,-0.8545334647006406,-9.85453346470064,9.170466535299337,4.784404247134642,5.0,99.0,0.071,0.5756003061931505,QUALIFIED,"Season-total value, not ability; year-to-year rank correlation is 0.16-0.25 (CROSS_POSITION_VALUE_RESEARCH.md). Turnover count is not independently bootstrapped (see PLAYER_VALUE_UNCERTAINTY.md). two_point_attempt_share_raw is a SELECTION tendency, not a conversion-ability estimate -- two-point conversion ability remains UNSUPPORTED."
68,3153,Richie Connell,WHP,attack,attack,5,19.0,8.0,19.0,0.0,5.0,0.0,5.0,6.0,84.0,0.2631578947368421,0.0,-0.8736974940726552,-0.8736974940726552,-3.8986974940726538,3.126302505927345,1.9263966362096914,22.975,89.0,0.0,0.2116227700154211,DESCRIPTIVE_ONLY,"Season-total value, not ability; year-to-year rank correlation is 0.16-0.25 (CROSS_POSITION_VALUE_RESEARCH.md). Turnover count is not independently bootstrapped (see PLAYER_VALUE_UNCERTAINTY.md). two_point_attempt_share_raw is a SELECTION tendency, not a conversion-ability estimate -- two-point conversion ability remains UNSUPPORTED."
69,3256,Nolan Byrne,OUT,midfield,midfield,3,11.0,8.0,11.0,0.0,3.0,0.0,3.0,6.0,41.0,0.2727272727272727,0.0,-0.9883914152569993,-0.9883914152569991,-3.988391415256999,2.011608584743001,1.489085289699681,28.975,86.02499999999998,0.0,0.1345032686570701,DESCRIPTIVE_ONLY,"Season-total value, not ability; year-to-year rank correlation is 0.16-0.25 (CROSS_POSITION_VALUE_RESEARCH.md). Turnover count is not independently bootstrapped (see PLAYER_VALUE_UNCERTAINTY.md). two_point_attempt_share_raw is a SELECTION tendency, not a conversion-ability estimate -- two-point conversion ability remains UNSUPPORTED."
70,3090,Dyson Williams,ARC,midfield,midfield,1,4.0,3.0,4.0,0.0,0.0,0.0,0.0,0.0,9.0,0.0,0.0,-1.0759877813324672,-1.075987781332467,-1.075987781332467,-1.075987781332467,2.19824158875781e-14,53.0,67.0,0.0,0.0534885219941074,DESCRIPTIVE_ONLY,"Season-total value, not ability; year-to-year rank correlation is 0.16-0.25 (CROSS_POSITION_VALUE_RESEARCH.md). Turnover count is not independently bootstrapped (see PLAYER_VALUE_UNCERTAINTY.md). two_point_attempt_share_raw is a SELECTION tendency, not a conversion-ability estimate -- two-point conversion ability remains UNSUPPORTED."
71,3188,Bryce Ford,ARC,midfield,midfield,1,3.0,0.0,3.0,0.0,0.0,0.0,0.0,2.0,18.0,0.0,0.0,-1.0879096286320902,-1.0879096286320902,-1.0879096286320902,-1.0879096286320902,1.7541523789077473e-14,54.0,68.0,0.0,0.0406601037084536,DESCRIPTIVE_ONLY,"Season-total value, not ability; year-to-year rank correlation is 0.16-0.25 (CROSS_POSITION_VALUE_RESEARCH.md). Turnover count is not independently bootstrapped (see PLAYER_VALUE_UNCERTAINTY.md). two_point_attempt_share_raw is a SELECTION tendency, not a conversion-ability estimate -- two-point conversion ability remains UNSUPPORTED."
72,3091,Garrett Degnon,WHP,midfield,midfield,1,4.0,2.0,2.0,2.0,0.0,0.0,0.0,1.0,17.0,0.0,0.5,-1.1424326117598729,-1.1424326117598727,-1.1424326117598727,-1.1424326117598727,1.2434497875801753e-14,55.0,69.0,0.0,0.0534885219941074,DESCRIPTIVE_ONLY,"Season-total value, not ability; year-to-year rank correlation is 0.16-0.25 (CROSS_POSITION_VALUE_RESEARCH.md). Turnover count is not independently bootstrapped (see PLAYER_VALUE_UNCERTAINTY.md). two_point_attempt_share_raw is a SELECTION tendency, not a conversion-ability estimate -- two-point conversion ability remains UNSUPPORTED."
73,1846,Adam Charalambides,CHA,attack,attack,1,5.0,5.0,5.0,0.0,0.0,0.0,0.0,1.0,27.0,0.0,0.0,-1.377442982022996,-1.377442982022996,-1.377442982022996,-1.377442982022996,1.2434497875801753e-14,58.0,71.0,0.0,0.0659783809721926,DESCRIPTIVE_ONLY,"Season-total value, not ability; year-to-year rank correlation is 0.16-0.25 (CROSS_POSITION_VALUE_RESEARCH.md). Turnover count is not independently bootstrapped (see PLAYER_VALUE_UNCERTAINTY.md). two_point_attempt_share_raw is a SELECTION tendency, not a conversion-ability estimate -- two-point conversion ability remains UNSUPPORTED."
74,3249,Logan Ip,CAN,midfield,midfield,3,10.0,7.0,10.0,0.0,1.0,0.0,1.0,1.0,41.0,0.1,0.0,-1.6930940654651594,-1.6930940654651594,-2.6930940654651594,0.30690593453484055,0.9449862432861107,39.0,84.0,0.0,0.1237893416037557,DESCRIPTIVE_ONLY,"Season-total value, not ability; year-to-year rank correlation is 0.16-0.25 (CROSS_POSITION_VALUE_RESEARCH.md). Turnover count is not independently bootstrapped (see PLAYER_VALUE_UNCERTAINTY.md). two_point_attempt_share_raw is a SELECTION tendency, not a conversion-ability estimate -- two-point conversion ability remains UNSUPPORTED."
75,1843,Cole Williams,ATL,midfield,midfield,2,7.0,3.0,7.0,0.0,1.0,0.0,1.0,5.0,33.0,0.1428571428571428,0.0,-1.7012768243881036,-1.7012768243881036,-2.7012768243881036,0.29872317561189654,0.959064127157303,40.975,84.0,0.0,0.0899946527667867,DESCRIPTIVE_ONLY,"Season-total value, not ability; year-to-year rank correlation is 0.16-0.25 (CROSS_POSITION_VALUE_RESEARCH.md). Turnover count is not independently bootstrapped (see PLAYER_VALUE_UNCERTAINTY.md). two_point_attempt_share_raw is a SELECTION tendency, not a conversion-ability estimate -- two-point conversion ability remains UNSUPPORTED."
76,305,Romar Dennis,RED,midfield,midfield,2,7.0,3.0,2.0,5.0,0.0,0.0,0.0,0.0,21.0,0.0,0.7142857142857143,-1.705275613415262,-1.705275613415262,-1.705275613415262,-1.705275613415262,1.0880185641326534e-14,63.0,76.0,0.0,0.0899946527667867,DESCRIPTIVE_ONLY,"Season-total value, not ability; year-to-year rank correlation is 0.16-0.25 (CROSS_POSITION_VALUE_RESEARCH.md). Turnover count is not independently bootstrapped (see PLAYER_VALUE_UNCERTAINTY.md). two_point_attempt_share_raw is a SELECTION tendency, not a conversion-ability estimate -- two-point conversion ability remains UNSUPPORTED."
77,3293,Hunter Drouin,ATL,attack,attack,2,4.0,1.0,4.0,0.0,0.0,0.0,0.0,5.0,34.0,0.0,0.0,-1.8116184483954767,-1.8116184483954765,-1.8116184483954765,-1.8116184483954765,3.108624468950438e-14,65.0,77.0,0.0,0.0534885219941074,DESCRIPTIVE_ONLY,"Season-total value, not ability; year-to-year rank correlation is 0.16-0.25 (CROSS_POSITION_VALUE_RESEARCH.md). Turnover count is not independently bootstrapped (see PLAYER_VALUE_UNCERTAINTY.md). two_point_attempt_share_raw is a SELECTION tendency, not a conversion-ability estimate -- two-point conversion ability remains UNSUPPORTED."
78,354,Matt Rambo,ATL,attack,attack,6,16.0,8.0,16.0,0.0,3.0,0.0,3.0,7.0,110.0,0.1875,0.0,-1.9178296644132071,-1.9178296644132073,-4.917829664413207,1.0821703355867927,1.586179056727207,30.975,90.0,0.0,0.1843691827213501,DESCRIPTIVE_ONLY,"Season-total value, not ability; year-to-year rank correlation is 0.16-0.25 (CROSS_POSITION_VALUE_RESEARCH.md). Turnover count is not independently bootstrapped (see PLAYER_VALUE_UNCERTAINTY.md). two_point_attempt_share_raw is a SELECTION tendency, not a conversion-ability estimate -- two-point conversion ability remains UNSUPPORTED."
79,3253,Marcus Wertheim,RED,midfield,midfield,2,7.0,3.0,7.0,0.0,0.0,0.0,0.0,2.0,48.0,0.0,0.0,-1.9398950435311637,-1.9398950435311637,-1.9398950435311637,-1.9398950435311637,2.7977620220553945e-14,68.0,80.0,0.0,0.0899946527667867,DESCRIPTIVE_ONLY,"Season-total value, not ability; year-to-year rank correlation is 0.16-0.25 (CROSS_POSITION_VALUE_RESEARCH.md). Turnover count is not independently bootstrapped (see PLAYER_VALUE_UNCERTAINTY.md). two_point_attempt_share_raw is a SELECTION tendency, not a conversion-ability estimate -- two-point conversion ability remains UNSUPPORTED."
80,3290,John Dunphey,OUT,midfield,midfield,4,6.0,4.0,6.0,0.0,1.0,0.0,1.0,10.0,51.0,0.1666666666666666,0.0,-2.218577748049359,-2.218577748049359,-3.218577748049359,-0.21857774804935892,0.9422016769248516,44.975,87.0,0.0,0.0781429086472307,DESCRIPTIVE_ONLY,"Season-total value, not ability; year-to-year rank correlation is 0.16-0.25 (CROSS_POSITION_VALUE_RESEARCH.md). Turnover count is not independently bootstrapped (see PLAYER_VALUE_UNCERTAINTY.md). two_point_attempt_share_raw is a SELECTION tendency, not a conversion-ability estimate -- two-point conversion ability remains UNSUPPORTED."
81,3279,Luke Rhoa,ATL,midfield,midfield,2,8.0,3.0,7.0,1.0,0.0,0.0,0.0,1.0,28.0,0.0,0.125,-2.221427316846039,-2.221427316846039,-2.221427316846039,-2.221427316846039,2.531308496145357e-14,71.0,82.0,0.0,0.1015455239946252,DESCRIPTIVE_ONLY,"Season-total value, not ability; year-to-year rank correlation is 0.16-0.25 (CROSS_POSITION_VALUE_RESEARCH.md). Turnover count is not independently bootstrapped (see PLAYER_VALUE_UNCERTAINTY.md). two_point_attempt_share_raw is a SELECTION tendency, not a conversion-ability estimate -- two-point conversion ability remains UNSUPPORTED."
82,3166,Owen Hiltz,CHA,attack,attack,10,49.0,25.0,48.0,1.0,12.0,0.0,12.0,13.0,251.0,0.2448979591836734,0.02040816326530612,-2.26114103716159,-2.26114103716159,-8.26114103716159,3.73885896283841,2.9958556373764105,18.0,97.0,0.004,0.4090751259013682,DESCRIPTIVE_ONLY,"Season-total value, not ability; year-to-year rank correlation is 0.16-0.25 (CROSS_POSITION_VALUE_RESEARCH.md). Turnover count is not independently bootstrapped (see PLAYER_VALUE_UNCERTAINTY.md). two_point_attempt_share_raw is a SELECTION tendency, not a conversion-ability estimate -- two-point conversion ability remains UNSUPPORTED."
83,3297,Michael Leo,RED,midfield,midfield,5,18.0,13.0,18.0,0.0,3.0,0.0,3.0,4.0,66.0,0.1666666666666666,0.0,-2.371782263199668,-2.371782263199668,-5.371782263199668,0.6282177368003321,1.5792086625902249,34.975,91.0,0.0,0.2027428879913279,DESCRIPTIVE_ONLY,"Season-total value, not ability; year-to-year rank correlation is 0.16-0.25 (CROSS_POSITION_VALUE_RESEARCH.md). Turnover count is not independently bootstrapped (see PLAYER_VALUE_UNCERTAINTY.md). two_point_attempt_share_raw is a SELECTION tendency, not a conversion-ability estimate -- two-point conversion ability remains UNSUPPORTED."
84,3164,Matt Traynor,ATL,midfield,midfield,11,70.0,50.0,67.0,3.0,20.0,0.0,20.0,24.0,262.0,0.2857142857142857,0.04285714285714286,-2.453127007822249,-2.453127007822249,-9.45312700782225,5.546872992177751,3.834445853053596,13.0,99.0,0.011,0.4972212466793088,DESCRIPTIVE_ONLY,"Season-total value, not ability; year-to-year rank correlation is 0.16-0.25 (CROSS_POSITION_VALUE_RESEARCH.md). Turnover count is not independently bootstrapped (see PLAYER_VALUE_UNCERTAINTY.md). two_point_attempt_share_raw is a SELECTION tendency, not a conversion-ability estimate -- two-point conversion ability remains UNSUPPORTED."
85,3104,Michael Boehm,RED,attack,attack,7,27.0,15.0,25.0,2.0,5.0,0.0,5.0,10.0,226.0,0.1851851851851851,0.07407407407407407,-2.4561515726517156,-2.4561515726517156,-5.456151572651716,1.5438484273482844,1.9325835040173613,29.0,93.0,0.0,0.2761233130248011,DESCRIPTIVE_ONLY,"Season-total value, not ability; year-to-year rank correlation is 0.16-0.25 (CROSS_POSITION_VALUE_RESEARCH.md). Turnover count is not independently bootstrapped (see PLAYER_VALUE_UNCERTAINTY.md). two_point_attempt_share_raw is a SELECTION tendency, not a conversion-ability estimate -- two-point conversion ability remains UNSUPPORTED."
86,3161,Sam English,RED,midfield,midfield,11,43.0,27.0,41.0,2.0,11.0,0.0,11.0,15.0,190.0,0.2558139534883721,0.046511627906976744,-2.530410962379794,-2.5304109623797943,-7.555410962379793,2.4695890376202057,2.8143487701420353,22.0,97.0,0.0,0.3779143376593127,DESCRIPTIVE_ONLY,"Season-total value, not ability; year-to-year rank correlation is 0.16-0.25 (CROSS_POSITION_VALUE_RESEARCH.md). Turnover count is not independently bootstrapped (see PLAYER_VALUE_UNCERTAINTY.md). two_point_attempt_share_raw is a SELECTION tendency, not a conversion-ability estimate -- two-point conversion ability remains UNSUPPORTED."
87,3285,Jack Regnery,CAN,attack,attack,9,50.0,24.0,48.0,2.0,12.0,0.0,12.0,10.0,194.0,0.24,0.04,-2.536424086208484,-2.536424086208484,-7.536424086208484,3.463575913791516,2.8380554962861475,21.975,97.0,0.001,0.4139676009508237,DESCRIPTIVE_ONLY,"Season-total value, not ability; year-to-year rank correlation is 0.16-0.25 (CROSS_POSITION_VALUE_RESEARCH.md). Turnover count is not independently bootstrapped (see PLAYER_VALUE_UNCERTAINTY.md). two_point_attempt_share_raw is a SELECTION tendency, not a conversion-ability estimate -- two-point conversion ability remains UNSUPPORTED."
88,3084,Jake Stevens,ATL,midfield,midfield,7,15.0,9.0,14.0,1.0,1.0,0.0,1.0,3.0,77.0,0.0666666666666666,0.06666666666666667,-3.1506555810232317,-3.150655581023232,-4.150655581023232,-1.150655581023232,1.012311710887511,58.975,91.0,0.0,0.1748610455549385,DESCRIPTIVE_ONLY,"Season-total value, not ability; year-to-year rank correlation is 0.16-0.25 (CROSS_POSITION_VALUE_RESEARCH.md). Turnover count is not independently bootstrapped (see PLAYER_VALUE_UNCERTAINTY.md). two_point_attempt_share_raw is a SELECTION tendency, not a conversion-ability estimate -- two-point conversion ability remains UNSUPPORTED."
89,240,Kieran McArdle,WAT,attack,attack,12,45.0,28.0,45.0,0.0,11.0,0.0,11.0,22.0,284.0,0.2444444444444444,0.0,-3.565629277066097,-3.565629277066097,-8.565629277066098,2.434370722933903,2.9884736906989784,23.975,98.0,0.002,0.3886601101960558,DESCRIPTIVE_ONLY,"Season-total value, not ability; year-to-year rank correlation is 0.16-0.25 (CROSS_POSITION_VALUE_RESEARCH.md). Turnover count is not independently bootstrapped (see PLAYER_VALUE_UNCERTAINTY.md). two_point_attempt_share_raw is a SELECTION tendency, not a conversion-ability estimate -- two-point conversion ability remains UNSUPPORTED."
90,3170,Mic Kelly,CAN,midfield,midfield,11,59.0,40.0,52.0,7.0,10.0,1.0,12.0,9.0,306.0,0.1864406779661017,0.11864406779661017,-3.6565571459890185,-3.6565571459890185,-9.65655714598902,4.3434428540109815,3.4954089889453543,19.0,99.0,0.005,0.4546070992748108,DESCRIPTIVE_ONLY,"Season-total value, not ability; year-to-year rank correlation is 0.16-0.25 (CROSS_POSITION_VALUE_RESEARCH.md). Turnover count is not independently bootstrapped (see PLAYER_VALUE_UNCERTAINTY.md). two_point_attempt_share_raw is a SELECTION tendency, not a conversion-ability estimate -- two-point conversion ability remains UNSUPPORTED."
91,3081,Matt Brandau,WHP,midfield,midfield,12,58.0,43.0,55.0,3.0,12.0,0.0,12.0,13.0,320.0,0.2068965517241379,0.05172413793103448,-4.113427086730265,-4.113427086730265,-9.113427086730265,1.8865729132697342,2.983678266837757,27.975,99.0,0.0,0.4503721036196586,DESCRIPTIVE_ONLY,"Season-total value, not ability; year-to-year rank correlation is 0.16-0.25 (CROSS_POSITION_VALUE_RESEARCH.md). Turnover count is not independently bootstrapped (see PLAYER_VALUE_UNCERTAINTY.md). two_point_attempt_share_raw is a SELECTION tendency, not a conversion-ability estimate -- two-point conversion ability remains UNSUPPORTED."
92,3192,Jackson Eicher,CHA,attack,attack,12,64.0,35.0,51.0,13.0,15.0,0.0,15.0,17.0,250.0,0.234375,0.203125,-4.176520130898972,-4.176520130898972,-11.176520130898972,1.8484798691010056,3.354430503080966,24.0,99.02499999999998,0.001,0.4748394480196699,DESCRIPTIVE_ONLY,"Season-total value, not ability; year-to-year rank correlation is 0.16-0.25 (CROSS_POSITION_VALUE_RESEARCH.md). Turnover count is not independently bootstrapped (see PLAYER_VALUE_UNCERTAINTY.md). two_point_attempt_share_raw is a SELECTION tendency, not a conversion-ability estimate -- two-point conversion ability remains UNSUPPORTED."
93,2028,Jack Hannah,WAT,midfield,midfield,10,57.0,26.0,53.0,4.0,11.0,0.0,11.0,9.0,227.0,0.1929824561403508,0.07017543859649122,-4.986259764578557,-4.986259764578557,-10.011259764578556,0.03874023542141958,2.9072720890897066,40.975,100.0,0.0,0.4460708234733028,DESCRIPTIVE_ONLY,"Season-total value, not ability; year-to-year rank correlation is 0.16-0.25 (CROSS_POSITION_VALUE_RESEARCH.md). Turnover count is not independently bootstrapped (see PLAYER_VALUE_UNCERTAINTY.md). two_point_attempt_share_raw is a SELECTION tendency, not a conversion-ability estimate -- two-point conversion ability remains UNSUPPORTED."
94,221,Ryan Ambler,ARC,midfield,midfield,12,28.0,13.0,27.0,1.0,4.0,0.0,4.0,18.0,216.0,0.1428571428571428,0.03571428571428571,-5.48383728899228,-5.48383728899228,-8.48383728899228,-1.4838372889922804,1.833841596212715,70.975,98.0,0.0,0.2834513055967354,DESCRIPTIVE_ONLY,"Season-total value, not ability; year-to-year rank correlation is 0.16-0.25 (CROSS_POSITION_VALUE_RESEARCH.md). Turnover count is not independently bootstrapped (see PLAYER_VALUE_UNCERTAINTY.md). two_point_attempt_share_raw is a SELECTION tendency, not a conversion-ability estimate -- two-point conversion ability remains UNSUPPORTED."
95,3252,Leo Johnson,ARC,midfield,midfield,9,44.0,22.0,44.0,0.0,8.0,0.0,8.0,12.0,154.0,0.1818181818181818,0.0,-5.654713092378216,-5.654713092378216,-9.654713092378216,-0.6547130923782165,2.478868895282692,53.975,100.0,0.0,0.3833340332495807,DESCRIPTIVE_ONLY,"Season-total value, not ability; year-to-year rank correlation is 0.16-0.25 (CROSS_POSITION_VALUE_RESEARCH.md). Turnover count is not independently bootstrapped (see PLAYER_VALUE_UNCERTAINTY.md). two_point_attempt_share_raw is a SELECTION tendency, not a conversion-ability estimate -- two-point conversion ability remains UNSUPPORTED."
96,414,Rob Pannell,WHP,attack,attack,13,74.0,41.0,73.0,1.0,16.0,0.0,16.0,26.0,378.0,0.2162162162162162,0.013513513513513514,-6.837370423568005,-6.837370423568005,-13.837370423568004,0.1626295764319956,3.591373553391513,43.0,100.0,0.0,0.5111118509622399,QUALIFIED,"Season-total value, not ability; year-to-year rank correlation is 0.16-0.25 (CROSS_POSITION_VALUE_RESEARCH.md). Turnover count is not independently bootstrapped (see PLAYER_VALUE_UNCERTAINTY.md). two_point_attempt_share_raw is a SELECTION tendency, not a conversion-ability estimate -- two-point conversion ability remains UNSUPPORTED."
97,3156,Aidan Danenza,RED,midfield,midfield,13,56.0,37.0,47.0,9.0,8.0,0.0,8.0,13.0,324.0,0.1428571428571428,0.16071428571428573,-7.33872267678543,-7.33872267678543,-12.33872267678543,-2.3387226767854306,2.472388319014633,78.975,100.0,0.0,0.4417016903729681,DESCRIPTIVE_ONLY,"Season-total value, not ability; year-to-year rank correlation is 0.16-0.25 (CROSS_POSITION_VALUE_RESEARCH.md). Turnover count is not independently bootstrapped (see PLAYER_VALUE_UNCERTAINTY.md). two_point_attempt_share_raw is a SELECTION tendency, not a conversion-ability estimate -- two-point conversion ability remains UNSUPPORTED."
98,3078,Shane Knobloch,CHA,midfield,midfield,12,72.0,44.0,63.0,9.0,14.0,0.0,14.0,19.0,301.0,0.1944444444444444,0.125,-7.474773965094343,-7.474773965094343,-13.474773965094343,-0.474773965094343,3.394041690963742,51.0,100.0,0.0,0.5042638339509355,QUALIFIED,"Season-total value, not ability; year-to-year rank correlation is 0.16-0.25 (CROSS_POSITION_VALUE_RESEARCH.md). Turnover count is not independently bootstrapped (see PLAYER_VALUE_UNCERTAINTY.md). two_point_attempt_share_raw is a SELECTION tendency, not a conversion-ability estimate -- two-point conversion ability remains UNSUPPORTED."
99,3270,Evan Plunkett,OUT,midfield,midfield,9,37.0,15.0,36.0,1.0,3.0,0.0,3.0,8.0,168.0,0.081081081081081,0.02702702702702703,-7.628217186074285,-7.628217186074285,-10.628217186074284,-3.6282171860742847,1.6344170214483216,87.0,100.0,0.0,0.3432842495875608,DESCRIPTIVE_ONLY,"Season-total value, not ability; year-to-year rank correlation is 0.16-0.25 (CROSS_POSITION_VALUE_RESEARCH.md). Turnover count is not independently bootstrapped (see PLAYER_VALUE_UNCERTAINTY.md). two_point_attempt_share_raw is a SELECTION tendency, not a conversion-ability estimate -- two-point conversion ability remains UNSUPPORTED."
100,3075,Brennan O'Neill,OUT,attack,attack,12,92.0,48.0,80.0,12.0,13.0,3.0,19.0,29.0,413.0,0.1739130434782608,0.13043478260869565,-9.071617509480264,-9.071617509480264,-17.071617509480262,-0.0716175094802638,4.408677692914277,42.975,100.0,0.001,0.5651716678119464,QUALIFIED,"Season-total value, not ability; year-to-year rank correlation is 0.16-0.25 (CROSS_POSITION_VALUE_RESEARCH.md). Turnover count is not independently bootstrapped (see PLAYER_VALUE_UNCERTAINTY.md). two_point_attempt_share_raw is a SELECTION tendency, not a conversion-ability estimate -- two-point conversion ability remains UNSUPPORTED."
