player_id,games_played,n_teams,recorded_offensive_opportunities,team_recorded_offensive_opportunities,offensive_opportunities_with_assists,team_offensive_opportunities_with_assists,shots,team_shots,touches,team_touches,faceoffs,team_faceoffs_in_games_played,caused_turnovers,team_caused_turnovers,event_log_play_shares,team_event_log_play_shares,offensive_play_share,offensive_play_share_season,offensive_play_share_with_assists,shot_share,touch_share,faceoff_team_share,caused_turnover_team_share,event_log_play_share,offensive_opportunities_per_game
000216,13.0,1,98.0,725.0,106.0,794.0,83.0,561.0,506.0,3626.0,0.0,343.0,4.0,112.0,146.0,2324.0,0.13517241379310344,0.13517241379310344,0.13350125944584382,0.14795008912655971,0.1395477109762824,0.0,0.03571428571428571,0.06282271944922548,7.538461538461538
000221,12.0,1,46.0,663.0,50.0,730.0,28.0,493.0,216.0,3098.0,0.0,288.0,2.0,77.0,55.0,2049.0,0.0693815987933635,0.0693815987933635,0.0684931506849315,0.056795131845841784,0.0697224015493867,0.0,0.025974025974025976,0.026842362127867253,3.8333333333333335
000240,12.0,1,67.0,641.0,80.0,717.0,45.0,500.0,284.0,3226.0,0.0,309.0,1.0,87.0,90.0,2078.0,0.10452418096723869,0.10452418096723869,0.11157601115760112,0.09,0.08803471791692498,0.0,0.011494252873563218,0.04331087584215592,5.583333333333333
000242,3.0,1,3.0,183.0,3.0,199.0,3.0,141.0,24.0,853.0,0.0,86.0,1.0,23.0,8.0,554.0,0.01639344262295082,0.003978779840848806,0.01507537688442211,0.02127659574468085,0.02813599062133646,0.0,0.043478260869565216,0.01444043321299639,1.0
000254,7.0,1,15.0,389.0,15.0,420.0,8.0,288.0,61.0,1677.0,177.0,192.0,0.0,51.0,292.0,1265.0,0.038560411311053984,0.02304147465437788,0.03571428571428571,0.027777777777777776,0.03637447823494335,0.921875,0.0,0.2308300395256917,2.142857142857143
000258,11.0,1,4.0,580.0,4.0,623.0,2.0,420.0,185.0,2644.0,0.0,282.0,6.0,85.0,487.0,1736.0,0.006896551724137931,0.00625,0.006420545746388443,0.004761904761904762,0.06996974281391831,0.0,0.07058823529411765,0.2805299539170507,0.36363636363636365
000262,12.0,1,105.0,663.0,115.0,730.0,77.0,493.0,357.0,3098.0,0.0,288.0,1.0,77.0,137.0,2049.0,0.1583710407239819,0.1583710407239819,0.15753424657534246,0.15618661257606492,0.11523563589412525,0.0,0.012987012987012988,0.06686188384577843,8.75
000269,12.0,1,11.0,640.0,11.0,685.0,6.0,466.0,80.0,2902.0,0.0,311.0,5.0,92.0,28.0,1913.0,0.0171875,0.0171875,0.016058394160583942,0.012875536480686695,0.027567195037904894,0.0,0.05434782608695652,0.014636696288552013,0.9166666666666666
000275,1.0,1,0.0,60.0,0.0,62.0,0.0,46.0,2.0,258.0,3.0,29.0,0.0,7.0,4.0,177.0,0.0,0.0,0.0,0.0,0.007751937984496124,0.10344827586206896,0.0,0.022598870056497175,0.0
000281,12.0,1,3.0,640.0,3.0,685.0,1.0,466.0,95.0,2902.0,0.0,311.0,12.0,92.0,61.0,1913.0,0.0046875,0.0046875,0.004379562043795621,0.002145922746781116,0.03273604410751206,0.0,0.13043478260869565,0.03188708834291688,0.25
000302,11.0,1,10.0,606.0,10.0,679.0,5.0,444.0,76.0,2897.0,0.0,288.0,9.0,70.0,28.0,1825.0,0.0165016501650165,0.014204545454545454,0.014727540500736377,0.01126126126126126,0.02623403520883673,0.0,0.12857142857142856,0.015342465753424657,0.9090909090909091
000305,2.0,1,7.0,109.0,7.0,120.0,7.0,87.0,21.0,581.0,0.0,41.0,0.0,15.0,9.0,354.0,0.06422018348623854,0.009283819628647215,0.058333333333333334,0.08045977011494253,0.03614457831325301,0.0,0.0,0.025423728813559324,3.5
000339,5.0,1,35.0,269.0,35.0,298.0,27.0,212.0,129.0,1330.0,0.0,130.0,1.0,31.0,33.0,872.0,0.13011152416356878,0.054602184087363496,0.1174496644295302,0.12735849056603774,0.09699248120300752,0.0,0.03225806451612903,0.03784403669724771,7.0
000345,2.0,1,3.0,106.0,3.0,116.0,1.0,80.0,12.0,563.0,3.0,50.0,1.0,14.0,6.0,315.0,0.02830188679245283,0.00430416068866571,0.02586206896551724,0.0125,0.021314387211367674,0.06,0.07142857142857142,0.01904761904761905,1.5
000354,6.0,2,23.0,328.0,25.0,362.0,16.0,242.0,110.0,1484.0,0.0,165.0,1.0,58.0,33.0,1014.0,0.0701219512195122,0.03492474881376626,0.06906077348066299,0.06611570247933884,0.07412398921832884,0.0,0.017241379310344827,0.03254437869822485,3.8333333333333335
000355,12.0,1,7.0,641.0,8.0,714.0,4.0,495.0,95.0,3383.0,0.0,311.0,9.0,78.0,21.0,1960.0,0.0109204368174727,0.010043041606886656,0.011204481792717087,0.00808080808080808,0.02808158439255099,0.0,0.11538461538461539,0.010714285714285714,0.5833333333333334
000359,13.0,1,2.0,697.0,2.0,777.0,0.0,538.0,113.0,3658.0,0.0,339.0,13.0,86.0,16.0,2127.0,0.0028694404591104736,0.0028694404591104736,0.002574002574002574,0.0,0.03089119737561509,0.0,0.1511627906976744,0.007522331922896097,0.15384615384615385
000365,6.0,1,5.0,333.0,5.0,352.0,3.0,247.0,34.0,1471.0,0.0,158.0,2.0,44.0,10.0,979.0,0.015015015015015015,0.0078125,0.014204545454545454,0.012145748987854251,0.023113528212100613,0.0,0.045454545454545456,0.010214504596527068,0.8333333333333334
000366,5.0,1,5.0,268.0,5.0,296.0,1.0,217.0,24.0,1387.0,119.0,126.0,0.0,38.0,182.0,893.0,0.018656716417910446,0.0078003120124804995,0.016891891891891893,0.004608294930875576,0.017303532804614274,0.9444444444444444,0.0,0.2038073908174692,1.0
000370,2.0,1,0.0,101.0,0.0,118.0,0.0,75.0,2.0,573.0,0.0,47.0,0.0,17.0,2.0,336.0,0.0,0.0,0.0,0.0,0.0034904013961605585,0.0,0.0,0.005952380952380952,0.0
000373,11.0,1,76.0,645.0,88.0,720.0,50.0,480.0,306.0,2924.0,0.0,324.0,2.0,87.0,103.0,2016.0,0.11782945736434108,0.10079575596816977,0.12222222222222222,0.10416666666666667,0.10465116279069768,0.0,0.022988505747126436,0.05109126984126984,6.909090909090909
000390,2.0,1,7.0,106.0,7.0,116.0,5.0,80.0,26.0,563.0,0.0,50.0,0.0,14.0,9.0,315.0,0.0660377358490566,0.010043041606886656,0.0603448275862069,0.0625,0.046181172291296625,0.0,0.0,0.02857142857142857,3.5
000395,11.0,1,83.0,584.0,87.0,630.0,62.0,424.0,310.0,2601.0,1.0,300.0,2.0,87.0,101.0,1884.0,0.1421232876712329,0.12749615975422426,0.1380952380952381,0.14622641509433962,0.11918492887351019,0.0033333333333333335,0.022988505747126436,0.05360934182590234,7.545454545454546
000408,9.0,1,5.0,479.0,5.0,533.0,2.0,373.0,99.0,2420.0,0.0,239.0,0.0,64.0,265.0,1580.0,0.010438413361169102,0.0078003120124804995,0.009380863039399626,0.005361930294906166,0.04090909090909091,0.0,0.0,0.16772151898734178,0.5555555555555556
000409,11.0,1,15.0,589.0,26.0,657.0,10.0,459.0,186.0,2983.0,13.0,281.0,9.0,80.0,166.0,1885.0,0.025466893039049237,0.0234009360374415,0.0395738203957382,0.02178649237472767,0.06235333556821991,0.046263345195729534,0.1125,0.08806366047745358,1.3636363636363635
000410,10.0,1,8.0,543.0,8.0,588.0,4.0,394.0,39.0,2366.0,2.0,275.0,8.0,84.0,28.0,1747.0,0.014732965009208104,0.01228878648233487,0.013605442176870748,0.01015228426395939,0.016483516483516484,0.007272727272727273,0.09523809523809523,0.01602747567258157,0.8
000414,13.0,1,100.0,697.0,120.0,777.0,74.0,538.0,378.0,3658.0,0.0,339.0,2.0,86.0,144.0,2127.0,0.14347202295552366,0.14347202295552366,0.15444015444015444,0.137546468401487,0.10333515582285402,0.0,0.023255813953488372,0.06770098730606489,7.6923076923076925
000418,13.0,1,4.0,754.0,4.0,840.0,1.0,567.0,143.0,3505.0,0.0,365.0,2.0,102.0,498.0,2370.0,0.005305039787798408,0.005305039787798408,0.004761904761904762,0.001763668430335097,0.04079885877318117,0.0,0.0196078431372549,0.21012658227848102,0.3076923076923077
000419,2.0,1,8.0,107.0,8.0,118.0,5.0,84.0,43.0,535.0,0.0,51.0,0.0,15.0,6.0,370.0,0.07476635514018691,0.0124804992199688,0.06779661016949153,0.05952380952380952,0.08037383177570094,0.0,0.0,0.016216216216216217,4.0
000815,4.0,1,4.0,226.0,4.0,237.0,2.0,172.0,33.0,989.0,0.0,107.0,0.0,28.0,79.0,676.0,0.017699115044247787,0.00625,0.016877637130801686,0.011627906976744186,0.033367037411526794,0.0,0.0,0.11686390532544379,1.0
000925,5.0,1,2.0,258.0,2.0,272.0,0.0,194.0,38.0,1235.0,0.0,128.0,6.0,30.0,11.0,790.0,0.007751937984496124,0.003125,0.007352941176470588,0.0,0.03076923076923077,0.0,0.2,0.013924050632911392,0.4
000978,1.0,1,3.0,53.0,3.0,58.0,1.0,38.0,10.0,255.0,0.0,29.0,0.0,7.0,1.0,166.0,0.05660377358490566,0.004608294930875576,0.05172413793103448,0.02631578947368421,0.0392156862745098,0.0,0.0,0.006024096385542169,3.0
001001,13.0,1,129.0,754.0,139.0,840.0,98.0,567.0,336.0,3505.0,0.0,365.0,5.0,102.0,143.0,2370.0,0.17108753315649866,0.17108753315649866,0.16547619047619047,0.1728395061728395,0.09586305278174037,0.0,0.049019607843137254,0.060337552742616034,9.923076923076923
001009,13.0,1,44.0,697.0,47.0,777.0,38.0,538.0,169.0,3658.0,0.0,339.0,2.0,86.0,56.0,2127.0,0.06312769010043041,0.06312769010043041,0.06048906048906049,0.07063197026022305,0.04620010934937124,0.0,0.023255813953488372,0.026328161730136343,3.3846153846153846
001391,1.0,1,1.0,47.0,1.0,52.0,1.0,29.0,4.0,245.0,0.0,20.0,0.0,11.0,1.0,139.0,0.02127659574468085,0.0014204545454545455,0.019230769230769232,0.034482758620689655,0.0163265306122449,0.0,0.0,0.007194244604316547,1.0
001397,12.0,1,4.0,651.0,4.0,703.0,2.0,474.0,73.0,2837.0,0.0,326.0,16.0,98.0,22.0,2077.0,0.006144393241167435,0.006144393241167435,0.005689900426742532,0.004219409282700422,0.025731406415227354,0.0,0.16326530612244897,0.01059220028887819,0.3333333333333333
001406,11.0,1,7.0,599.0,7.0,667.0,1.0,437.0,65.0,2865.0,0.0,284.0,13.0,73.0,31.0,1806.0,0.011686143572621035,0.009943181818181818,0.010494752623688156,0.002288329519450801,0.02268760907504363,0.0,0.1780821917808219,0.01716500553709856,0.6363636363636364
001415,10.0,1,5.0,547.0,5.0,614.0,4.0,398.0,26.0,2641.0,0.0,248.0,8.0,68.0,24.0,1630.0,0.009140767824497258,0.007102272727272727,0.008143322475570033,0.010050251256281407,0.009844755774327906,0.0,0.11764705882352941,0.014723926380368098,0.5
001661,10.0,1,1.0,564.0,1.0,623.0,0.0,423.0,49.0,2554.0,0.0,250.0,2.0,60.0,19.0,1748.0,0.0017730496453900709,0.0015082956259426848,0.0016051364365971107,0.0,0.01918559122944401,0.0,0.03333333333333333,0.010869565217391304,0.1
001671,13.0,1,3.0,725.0,4.0,794.0,0.0,561.0,42.0,3626.0,0.0,343.0,8.0,112.0,17.0,2324.0,0.004137931034482759,0.004137931034482759,0.005037783375314861,0.0,0.011583011583011582,0.0,0.07142857142857142,0.007314974182444062,0.23076923076923078
001707,11.0,1,12.0,586.0,14.0,659.0,9.0,457.0,82.0,2934.0,1.0,286.0,6.0,79.0,33.0,1901.0,0.020477815699658702,0.0187207488299532,0.021244309559939303,0.019693654266958426,0.02794819359236537,0.0034965034965034965,0.0759493670886076,0.017359284587059442,1.0909090909090908
001729,5.0,1,17.0,252.0,18.0,266.0,14.0,180.0,83.0,1192.0,0.0,124.0,0.0,38.0,19.0,741.0,0.06746031746031746,0.0265625,0.06766917293233082,0.07777777777777778,0.06963087248322147,0.0,0.0,0.02564102564102564,3.4
001733,10.0,1,3.0,533.0,3.0,592.0,0.0,414.0,43.0,2634.0,0.0,260.0,3.0,75.0,12.0,1730.0,0.005628517823639775,0.0046801872074883,0.005067567567567568,0.0,0.016324981017463932,0.0,0.04,0.006936416184971098,0.3
001773,3.0,1,0.0,150.0,0.0,160.0,0.0,112.0,39.0,783.0,0.0,59.0,1.0,23.0,79.0,459.0,0.0,0.0,0.0,0.0,0.04980842911877394,0.0,0.043478260869565216,0.1721132897603486,0.0
001795,11.0,1,8.0,580.0,8.0,623.0,4.0,420.0,58.0,2644.0,12.0,282.0,2.0,85.0,29.0,1736.0,0.013793103448275862,0.0125,0.012841091492776886,0.009523809523809525,0.02193645990922844,0.0425531914893617,0.023529411764705882,0.016705069124423964,0.7272727272727273
001810,12.0,1,100.0,641.0,122.0,717.0,78.0,500.0,448.0,3226.0,0.0,309.0,2.0,87.0,157.0,2078.0,0.15600624024961,0.15600624024961,0.1701534170153417,0.156,0.138871667699938,0.0,0.022988505747126436,0.07555341674687199,8.333333333333334
001811,12.0,1,3.0,653.0,4.0,731.0,1.0,473.0,80.0,3142.0,0.0,308.0,6.0,81.0,24.0,1964.0,0.004594180704441042,0.004261363636363636,0.005471956224350205,0.0021141649048625794,0.025461489497135583,0.0,0.07407407407407407,0.012219959266802444,0.25
001812,13.0,1,17.0,754.0,18.0,840.0,14.0,567.0,126.0,3505.0,353.0,365.0,2.0,102.0,606.0,2370.0,0.022546419098143235,0.022546419098143235,0.02142857142857143,0.024691358024691357,0.035948644793152636,0.9671232876712329,0.0196078431372549,0.25569620253164554,1.3076923076923077
001813,13.0,1,27.0,754.0,28.0,840.0,20.0,567.0,108.0,3505.0,0.0,365.0,11.0,102.0,82.0,2370.0,0.03580901856763926,0.03580901856763926,0.03333333333333333,0.03527336860670194,0.030813124108416547,0.0,0.10784313725490197,0.03459915611814346,2.076923076923077
001814,12.0,1,81.0,663.0,85.0,730.0,69.0,493.0,314.0,3098.0,0.0,288.0,2.0,77.0,114.0,2049.0,0.12217194570135746,0.12217194570135746,0.11643835616438356,0.13995943204868155,0.1013557133634603,0.0,0.025974025974025976,0.055636896046852125,6.75
001815,12.0,1,22.0,669.0,25.0,731.0,18.0,520.0,84.0,3340.0,19.0,318.0,5.0,101.0,79.0,2147.0,0.03288490284005979,0.030344827586206897,0.03419972640218878,0.03461538461538462,0.025149700598802394,0.059748427672955975,0.04950495049504951,0.0367955286446204,1.8333333333333333
001816,1.0,1,2.0,57.0,2.0,61.0,2.0,42.0,6.0,273.0,0.0,24.0,0.0,10.0,2.0,182.0,0.03508771929824561,0.0031201248049922,0.03278688524590164,0.047619047619047616,0.02197802197802198,0.0,0.0,0.01098901098901099,2.0
001817,13.0,1,5.0,725.0,5.0,794.0,0.0,561.0,70.0,3626.0,0.0,343.0,15.0,112.0,28.0,2324.0,0.006896551724137931,0.006896551724137931,0.006297229219143577,0.0,0.019305019305019305,0.0,0.13392857142857142,0.012048192771084338,0.38461538461538464
001819,9.0,1,9.0,486.0,9.0,524.0,5.0,346.0,78.0,2093.0,14.0,243.0,5.0,76.0,48.0,1571.0,0.018518518518518517,0.013824884792626729,0.01717557251908397,0.014450867052023121,0.037267080745341616,0.05761316872427984,0.06578947368421052,0.030553787396562698,1.0
001820,11.0,1,22.0,597.0,26.0,671.0,15.0,429.0,146.0,2885.0,1.0,294.0,2.0,73.0,65.0,1823.0,0.03685092127303183,0.03125,0.038748137108792845,0.03496503496503497,0.050606585788561524,0.003401360544217687,0.0273972602739726,0.03565551289083928,2.0
001821,10.0,1,55.0,564.0,65.0,623.0,48.0,423.0,236.0,2554.0,0.0,250.0,0.0,60.0,74.0,1748.0,0.0975177304964539,0.08295625942684766,0.1043338683788122,0.11347517730496454,0.09240407204385279,0.0,0.0,0.04233409610983982,5.5
001826,11.0,1,14.0,603.0,16.0,662.0,11.0,463.0,73.0,3048.0,0.0,286.0,4.0,88.0,44.0,1967.0,0.02321724709784411,0.019310344827586208,0.02416918429003021,0.023758099352051837,0.023950131233595802,0.0,0.045454545454545456,0.022369089984748347,1.2727272727272727
001827,9.0,1,71.0,482.0,76.0,539.0,54.0,352.0,241.0,2296.0,0.0,229.0,4.0,59.0,81.0,1445.0,0.14730290456431536,0.10085227272727272,0.14100185528756956,0.1534090909090909,0.10496515679442509,0.0,0.06779661016949153,0.056055363321799306,7.888888888888889
001828,13.0,1,42.0,704.0,43.0,789.0,33.0,507.0,163.0,3376.0,0.0,337.0,2.0,87.0,52.0,2125.0,0.05965909090909091,0.05965909090909091,0.05449936628643853,0.0650887573964497,0.04828199052132701,0.0,0.022988505747126436,0.02447058823529412,3.230769230769231
001839,1.0,1,0.0,51.0,0.0,58.0,0.0,34.0,4.0,234.0,0.0,29.0,0.0,6.0,0.0,161.0,0.0,0.0,0.0,0.0,0.017094017094017096,0.0,0.0,0.0,0.0
001843,2.0,2,12.0,107.0,13.0,111.0,7.0,77.0,33.0,446.0,0.0,54.0,0.0,11.0,14.0,317.0,0.11214953271028037,0.018512384792626728,0.11711711711711711,0.09090909090909091,0.07399103139013453,0.0,0.0,0.04416403785488959,6.0
001846,1.0,1,6.0,60.0,7.0,62.0,5.0,46.0,27.0,258.0,0.0,29.0,1.0,7.0,9.0,177.0,0.1,0.009375,0.11290322580645161,0.10869565217391304,0.10465116279069768,0.0,0.14285714285714285,0.05084745762711865,6.0
002006,11.0,1,56.0,604.0,57.0,654.0,42.0,443.0,144.0,2609.0,1.0,301.0,3.0,85.0,70.0,1927.0,0.09271523178807947,0.08602150537634409,0.0871559633027523,0.09480812641083522,0.055193560751245686,0.0033222591362126247,0.03529411764705882,0.03632589517384536,5.090909090909091
002015,13.0,1,57.0,704.0,66.0,789.0,43.0,507.0,313.0,3376.0,0.0,337.0,0.0,87.0,80.0,2125.0,0.08096590909090909,0.08096590909090909,0.08365019011406843,0.08481262327416174,0.0927132701421801,0.0,0.0,0.03764705882352941,4.384615384615385
002017,1.0,1,0.0,57.0,0.0,62.0,0.0,45.0,2.0,267.0,0.0,23.0,0.0,9.0,3.0,189.0,0.0,0.0,0.0,0.0,0.00749063670411985,0.0,0.0,0.015873015873015872,0.0
002022,13.0,1,18.0,704.0,21.0,789.0,15.0,507.0,111.0,3376.0,6.0,337.0,5.0,87.0,42.0,2125.0,0.02556818181818182,0.02556818181818182,0.026615969581749048,0.029585798816568046,0.03287914691943128,0.017804154302670624,0.05747126436781609,0.01976470588235294,1.3846153846153846
002023,6.0,1,34.0,322.0,39.0,340.0,24.0,237.0,155.0,1448.0,0.0,158.0,1.0,38.0,53.0,970.0,0.10559006211180125,0.053125,0.11470588235294117,0.10126582278481013,0.10704419889502763,0.0,0.02631578947368421,0.05463917525773196,5.666666666666667
002024,1.0,1,5.0,56.0,7.0,63.0,0.0,41.0,38.0,286.0,0.0,25.0,0.0,11.0,10.0,177.0,0.08928571428571429,0.006896551724137931,0.1111111111111111,0.0,0.13286713286713286,0.0,0.0,0.05649717514124294,5.0
002026,10.0,1,8.0,564.0,8.0,623.0,5.0,423.0,171.0,2554.0,0.0,250.0,4.0,60.0,415.0,1748.0,0.014184397163120567,0.012066365007541479,0.012841091492776886,0.01182033096926714,0.06695379796397807,0.0,0.06666666666666667,0.2374141876430206,0.8
002028,10.0,1,66.0,539.0,70.0,604.0,57.0,425.0,227.0,2700.0,0.0,256.0,0.0,67.0,87.0,1731.0,0.12244897959183673,0.1029641185647426,0.11589403973509933,0.13411764705882354,0.08407407407407408,0.0,0.0,0.05025996533795494,6.6
002030,3.0,1,5.0,162.0,6.0,178.0,3.0,119.0,49.0,770.0,0.0,69.0,1.0,22.0,7.0,473.0,0.030864197530864196,0.007102272727272727,0.033707865168539325,0.025210084033613446,0.06363636363636363,0.0,0.045454545454545456,0.014799154334038054,1.6666666666666667
002032,9.0,1,14.0,496.0,14.0,529.0,6.0,368.0,51.0,2187.0,194.0,239.0,2.0,63.0,292.0,1503.0,0.028225806451612902,0.021875,0.026465028355387523,0.016304347826086956,0.023319615912208505,0.8117154811715481,0.031746031746031744,0.19427811044577512,1.5555555555555556
002033,1.0,1,1.0,55.0,1.0,58.0,1.0,43.0,11.0,292.0,0.0,23.0,0.0,8.0,4.0,177.0,0.01818181818181818,0.0015600624024961,0.017241379310344827,0.023255813953488372,0.03767123287671233,0.0,0.0,0.022598870056497175,1.0
002038,11.0,1,6.0,625.0,6.0,687.0,1.0,488.0,105.0,3055.0,0.0,302.0,3.0,94.0,362.0,2005.0,0.0096,0.008275862068965517,0.008733624454148471,0.0020491803278688526,0.03436988543371522,0.0,0.031914893617021274,0.1805486284289277,0.5454545454545454
002039,4.0,1,2.0,212.0,2.0,239.0,0.0,144.0,40.0,1013.0,0.0,109.0,0.0,25.0,101.0,657.0,0.009433962264150943,0.002840909090909091,0.008368200836820083,0.0,0.039486673247778874,0.0,0.0,0.1537290715372907,0.5
002042,10.0,1,5.0,549.0,5.0,594.0,2.0,401.0,20.0,2389.0,0.0,268.0,9.0,86.0,16.0,1724.0,0.009107468123861567,0.007680491551459293,0.008417508417508417,0.004987531172069825,0.008371703641691083,0.0,0.10465116279069768,0.009280742459396751,0.5
002054,10.0,1,6.0,585.0,6.0,644.0,5.0,443.0,35.0,2643.0,1.0,281.0,5.0,72.0,25.0,1842.0,0.010256410256410256,0.007957559681697613,0.009316770186335404,0.011286681715575621,0.01324252743094968,0.0035587188612099642,0.06944444444444445,0.013572204125950055,0.6
002067,4.0,2,6.0,208.0,6.0,228.0,2.0,148.0,17.0,1040.0,91.0,103.0,0.0,36.0,127.0,661.0,0.028846153846153848,0.008275862068965517,0.02631578947368421,0.013513513513513514,0.016346153846153847,0.883495145631068,0.0,0.19213313161875945,1.5
002074,6.0,1,0.0,332.0,0.0,371.0,0.0,250.0,23.0,1553.0,3.0,155.0,3.0,39.0,14.0,971.0,0.0,0.0,0.0,0.0,0.014810045074050225,0.01935483870967742,0.07692307692307693,0.014418125643666324,0.0
003004,12.0,1,22.0,663.0,24.0,730.0,9.0,493.0,97.0,3098.0,268.0,288.0,0.0,77.0,497.0,2049.0,0.033182503770739065,0.033182503770739065,0.03287671232876712,0.018255578093306288,0.03131052291801162,0.9305555555555556,0.0,0.2425573450463641,1.8333333333333333
003005,12.0,1,8.0,663.0,10.0,730.0,6.0,493.0,64.0,3098.0,4.0,288.0,5.0,77.0,26.0,2049.0,0.012066365007541479,0.012066365007541479,0.0136986301369863,0.012170385395537525,0.02065848934796643,0.013888888888888888,0.06493506493506493,0.01268911664226452,0.6666666666666666
003006,12.0,1,11.0,663.0,13.0,730.0,8.0,493.0,95.0,3098.0,2.0,288.0,7.0,77.0,43.0,2049.0,0.016591251885369532,0.016591251885369532,0.01780821917808219,0.016227180527383367,0.03066494512588767,0.006944444444444444,0.09090909090909091,0.020985846754514398,0.9166666666666666
003007,11.0,1,5.0,597.0,6.0,655.0,1.0,440.0,35.0,2805.0,0.0,262.0,4.0,73.0,27.0,1865.0,0.008375209380234505,0.007541478129713424,0.00916030534351145,0.0022727272727272726,0.012477718360071301,0.0,0.0547945205479452,0.014477211796246649,0.45454545454545453
003008,11.0,1,3.0,586.0,3.0,656.0,1.0,454.0,42.0,2971.0,0.0,280.0,10.0,78.0,9.0,1896.0,0.005119453924914676,0.0046801872074883,0.004573170731707317,0.0022026431718061676,0.01413665432514305,0.0,0.1282051282051282,0.004746835443037975,0.2727272727272727
003009,12.0,1,20.0,651.0,25.0,703.0,8.0,474.0,157.0,2837.0,0.0,326.0,24.0,98.0,69.0,2077.0,0.030721966205837174,0.030721966205837174,0.03556187766714083,0.016877637130801686,0.05534014804370814,0.0,0.24489795918367346,0.03322099181511796,1.6666666666666667
003010,12.0,1,77.0,651.0,81.0,703.0,65.0,474.0,251.0,2837.0,0.0,326.0,1.0,98.0,107.0,2077.0,0.11827956989247312,0.11827956989247312,0.11522048364153627,0.1371308016877637,0.0884737398660557,0.0,0.01020408163265306,0.05151661049590756,6.416666666666667
003013,5.0,1,27.0,267.0,28.0,293.0,25.0,196.0,154.0,1360.0,0.0,127.0,0.0,43.0,32.0,854.0,0.10112359550561797,0.037241379310344824,0.09556313993174062,0.12755102040816327,0.11323529411764706,0.0,0.0,0.03747072599531616,5.4
003017,2.0,1,8.0,122.0,8.0,132.0,5.0,93.0,23.0,585.0,0.0,51.0,1.0,25.0,8.0,355.0,0.06557377049180328,0.011034482758620689,0.06060606060606061,0.053763440860215055,0.039316239316239315,0.0,0.04,0.022535211267605635,4.0
003018,1.0,1,0.0,50.0,0.0,54.0,0.0,36.0,4.0,260.0,27.0,28.0,1.0,13.0,32.0,145.0,0.0,0.0,0.0,0.0,0.015384615384615385,0.9642857142857143,0.07692307692307693,0.2206896551724138,0.0
003023,13.0,1,16.0,725.0,17.0,794.0,11.0,561.0,113.0,3626.0,0.0,343.0,12.0,112.0,37.0,2324.0,0.022068965517241378,0.022068965517241378,0.021410579345088162,0.0196078431372549,0.03116381687810259,0.0,0.10714285714285714,0.015920826161790018,1.2307692307692308
003024,13.0,1,24.0,754.0,30.0,840.0,18.0,567.0,125.0,3505.0,3.0,365.0,10.0,102.0,74.0,2370.0,0.03183023872679045,0.03183023872679045,0.03571428571428571,0.031746031746031744,0.03566333808844508,0.00821917808219178,0.09803921568627451,0.031223628691983123,1.8461538461538463
003027,4.0,1,13.0,217.0,15.0,240.0,12.0,175.0,86.0,1073.0,0.0,102.0,2.0,29.0,21.0,719.0,0.059907834101382486,0.0202808112324493,0.0625,0.06857142857142857,0.08014911463187326,0.0,0.06896551724137931,0.02920723226703755,3.25
003029,9.0,1,6.0,520.0,6.0,587.0,1.0,383.0,71.0,2444.0,0.0,240.0,7.0,71.0,12.0,1615.0,0.011538461538461539,0.007957559681697613,0.010221465076660987,0.0026109660574412533,0.02905073649754501,0.0,0.09859154929577464,0.007430340557275541,0.6666666666666666
003032,10.0,1,20.0,539.0,21.0,602.0,9.0,420.0,62.0,2844.0,239.0,266.0,2.0,61.0,369.0,1660.0,0.03710575139146568,0.028694404591104734,0.03488372093023256,0.02142857142857143,0.02180028129395218,0.8984962406015038,0.03278688524590164,0.22228915662650603,2.0
003039,1.0,1,0.0,53.0,0.0,58.0,0.0,38.0,7.0,255.0,1.0,29.0,0.0,7.0,2.0,166.0,0.0,0.0,0.0,0.0,0.027450980392156862,0.034482758620689655,0.0,0.012048192771084338,0.0
003041,13.0,1,12.0,725.0,12.0,794.0,7.0,561.0,74.0,3626.0,0.0,343.0,16.0,112.0,84.0,2324.0,0.016551724137931035,0.016551724137931035,0.015113350125944584,0.012477718360071301,0.02040816326530612,0.0,0.14285714285714285,0.03614457831325301,0.9230769230769231
003044,1.0,1,0.0,55.0,0.0,58.0,0.0,43.0,7.0,292.0,0.0,23.0,1.0,8.0,1.0,177.0,0.0,0.0,0.0,0.0,0.023972602739726026,0.0,0.125,0.005649717514124294,0.0
003048,13.0,1,97.0,697.0,105.0,777.0,82.0,538.0,396.0,3658.0,0.0,339.0,2.0,86.0,132.0,2127.0,0.13916786226685796,0.13916786226685796,0.13513513513513514,0.1524163568773234,0.1082558775287042,0.0,0.023255813953488372,0.06205923836389281,7.461538461538462
003059,12.0,1,1.0,686.0,1.0,765.0,0.0,518.0,49.0,3188.0,0.0,341.0,8.0,97.0,23.0,2181.0,0.0014577259475218659,0.001326259946949602,0.00130718954248366,0.0,0.015370138017565873,0.0,0.08247422680412371,0.01054562127464466,0.08333333333333333
003075,12.0,1,121.0,659.0,140.0,740.0,92.0,477.0,413.0,3164.0,0.0,310.0,0.0,82.0,150.0,1977.0,0.18361153262518967,0.171875,0.1891891891891892,0.1928721174004193,0.13053097345132744,0.0,0.0,0.07587253414264036,10.083333333333334
003076,10.0,1,47.0,530.0,63.0,572.0,32.0,385.0,310.0,2327.0,0.0,267.0,1.0,77.0,97.0,1683.0,0.08867924528301886,0.07219662058371736,0.11013986013986014,0.08311688311688312,0.1332187365706919,0.0,0.012987012987012988,0.05763517528223411,4.7
003077,13.0,1,13.0,697.0,13.0,777.0,7.0,538.0,130.0,3658.0,0.0,339.0,21.0,86.0,36.0,2127.0,0.018651362984218076,0.018651362984218076,0.01673101673101673,0.013011152416356878,0.035538545653362494,0.0,0.2441860465116279,0.01692524682651622,1.0
003078,12.0,1,91.0,640.0,94.0,685.0,72.0,466.0,301.0,2902.0,1.0,311.0,2.0,92.0,101.0,1913.0,0.1421875,0.1421875,0.13722627737226278,0.15450643776824036,0.10372157133011715,0.003215434083601286,0.021739130434782608,0.05279665446941976,7.583333333333333
003079,12.0,1,6.0,651.0,6.0,703.0,1.0,474.0,203.0,2837.0,0.0,326.0,0.0,98.0,531.0,2077.0,0.009216589861751152,0.009216589861751152,0.008534850640113799,0.002109704641350211,0.07155445893549524,0.0,0.0,0.25565719788155994,0.5
003080,7.0,1,50.0,363.0,61.0,405.0,40.0,256.0,268.0,1817.0,0.0,185.0,1.0,46.0,81.0,1141.0,0.13774104683195593,0.07102272727272728,0.1506172839506173,0.15625,0.14749587231700606,0.0,0.021739130434782608,0.07099035933391762,7.142857142857143
003081,12.0,1,71.0,656.0,77.0,727.0,58.0,504.0,320.0,3375.0,0.0,310.0,0.0,74.0,91.0,1975.0,0.10823170731707317,0.10186513629842181,0.10591471801925723,0.11507936507936507,0.09481481481481481,0.0,0.0,0.04607594936708861,5.916666666666667
003082,12.0,1,19.0,663.0,19.0,730.0,15.0,493.0,129.0,3098.0,0.0,288.0,10.0,77.0,47.0,2049.0,0.02865761689291101,0.02865761689291101,0.026027397260273973,0.030425963488843813,0.041639767591994836,0.0,0.12987012987012986,0.022938018545632016,1.5833333333333333
003083,13.0,1,23.0,704.0,27.0,789.0,18.0,507.0,116.0,3376.0,0.0,337.0,16.0,87.0,89.0,2125.0,0.032670454545454544,0.032670454545454544,0.034220532319391636,0.03550295857988166,0.034360189573459717,0.0,0.1839080459770115,0.04188235294117647,1.7692307692307692
003084,7.0,1,18.0,394.0,19.0,424.0,15.0,293.0,77.0,1679.0,0.0,198.0,1.0,53.0,26.0,1259.0,0.04568527918781726,0.027649769585253458,0.04481132075471698,0.051194539249146756,0.04586063132817153,0.0,0.018867924528301886,0.020651310563939634,2.5714285714285716
003085,13.0,1,51.0,704.0,55.0,789.0,43.0,507.0,267.0,3376.0,0.0,337.0,0.0,87.0,63.0,2125.0,0.07244318181818182,0.07244318181818182,0.0697084917617237,0.08481262327416174,0.07908767772511849,0.0,0.0,0.029647058823529412,3.923076923076923
003087,12.0,1,13.0,663.0,15.0,730.0,6.0,493.0,76.0,3098.0,14.0,288.0,7.0,77.0,48.0,2049.0,0.0196078431372549,0.0196078431372549,0.02054794520547945,0.012170385395537525,0.024531956100710135,0.04861111111111111,0.09090909090909091,0.02342606149341142,1.0833333333333333
003089,12.0,1,4.0,641.0,4.0,717.0,2.0,500.0,64.0,3226.0,0.0,309.0,13.0,87.0,26.0,2078.0,0.0062402496099844,0.0062402496099844,0.005578800557880056,0.004,0.019838809671419714,0.0,0.14942528735632185,0.012512030798845043,0.3333333333333333
003090,1.0,1,4.0,47.0,4.0,49.0,4.0,33.0,9.0,221.0,0.0,18.0,0.0,6.0,5.0,151.0,0.0851063829787234,0.006033182503770739,0.08163265306122448,0.12121212121212122,0.04072398190045249,0.0,0.0,0.033112582781456956,4.0
003091,1.0,1,5.0,53.0,5.0,58.0,4.0,42.0,17.0,268.0,0.0,29.0,0.0,2.0,6.0,163.0,0.09433962264150944,0.007173601147776184,0.08620689655172414,0.09523809523809523,0.06343283582089553,0.0,0.0,0.03680981595092025,5.0
003093,12.0,1,58.0,640.0,66.0,685.0,40.0,466.0,268.0,2902.0,0.0,311.0,1.0,92.0,79.0,1913.0,0.090625,0.090625,0.09635036496350365,0.08583690987124463,0.0923501033769814,0.0,0.010869565217391304,0.041296393099843176,4.833333333333333
003094,9.0,1,43.0,482.0,45.0,519.0,35.0,342.0,120.0,2058.0,0.0,245.0,0.0,75.0,57.0,1541.0,0.08921161825726141,0.06605222734254992,0.08670520231213873,0.1023391812865497,0.05830903790087463,0.0,0.0,0.03698896820246593,4.777777777777778
003096,12.0,1,5.0,641.0,6.0,717.0,1.0,500.0,49.0,3226.0,0.0,309.0,11.0,87.0,30.0,2078.0,0.0078003120124804995,0.0078003120124804995,0.008368200836820083,0.002,0.01518908865468072,0.0,0.12643678160919541,0.014436958614051972,0.4166666666666667
003098,13.0,1,31.0,704.0,35.0,789.0,19.0,507.0,108.0,3376.0,319.0,337.0,3.0,87.0,513.0,2125.0,0.04403409090909091,0.04403409090909091,0.044359949302915085,0.03747534516765286,0.031990521327014215,0.9465875370919882,0.034482758620689655,0.24141176470588235,2.3846153846153846
003099,12.0,1,7.0,651.0,7.0,703.0,4.0,474.0,63.0,2837.0,0.0,326.0,7.0,98.0,49.0,2077.0,0.010752688172043012,0.010752688172043012,0.00995732574679943,0.008438818565400843,0.022206556221360592,0.0,0.07142857142857142,0.023591718825228696,0.5833333333333334
003100,13.0,1,59.0,697.0,61.0,777.0,54.0,538.0,299.0,3658.0,0.0,339.0,2.0,86.0,114.0,2127.0,0.08464849354375897,0.08464849354375897,0.07850707850707851,0.10037174721189591,0.08173865500273374,0.0,0.023255813953488372,0.0535966149506347,4.538461538461538
003101,1.0,1,1.0,52.0,1.0,60.0,1.0,41.0,9.0,243.0,0.0,28.0,0.0,7.0,7.0,193.0,0.019230769230769232,0.0015600624024961,0.016666666666666666,0.024390243902439025,0.037037037037037035,0.0,0.0,0.03626943005181347,1.0
003103,12.0,1,11.0,640.0,13.0,685.0,6.0,466.0,66.0,2902.0,0.0,311.0,11.0,92.0,47.0,1913.0,0.0171875,0.0171875,0.01897810218978102,0.012875536480686695,0.022742935906271536,0.0,0.11956521739130435,0.024568740198640877,0.9166666666666666
003104,7.0,2,37.0,404.0,47.0,441.0,27.0,300.0,226.0,1855.0,0.0,174.0,1.0,47.0,59.0,1228.0,0.09158415841584158,0.04961391945016345,0.10657596371882086,0.09,0.12183288409703504,0.0,0.02127659574468085,0.04804560260586319,5.285714285714286
003105,5.0,1,1.0,284.0,1.0,328.0,0.0,215.0,31.0,1413.0,0.0,137.0,5.0,46.0,5.0,892.0,0.0035211267605633804,0.001326259946949602,0.003048780487804878,0.0,0.021939136588818117,0.0,0.10869565217391304,0.005605381165919282,0.2
003106,13.0,1,75.0,704.0,87.0,789.0,48.0,507.0,296.0,3376.0,0.0,337.0,1.0,87.0,82.0,2125.0,0.10653409090909091,0.10653409090909091,0.11026615969581749,0.09467455621301775,0.08767772511848342,0.0,0.011494252873563218,0.038588235294117645,5.769230769230769
003108,2.0,1,0.0,121.0,0.0,131.0,0.0,89.0,5.0,510.0,0.0,59.0,1.0,21.0,21.0,394.0,0.0,0.0,0.0,0.0,0.00980392156862745,0.0,0.047619047619047616,0.0532994923857868,0.0
003109,13.0,1,5.0,754.0,6.0,840.0,0.0,567.0,95.0,3505.0,0.0,365.0,14.0,102.0,29.0,2370.0,0.006631299734748011,0.006631299734748011,0.007142857142857143,0.0,0.02710413694721826,0.0,0.13725490196078433,0.012236286919831224,0.38461538461538464
003111,1.0,1,1.0,56.0,1.0,63.0,0.0,43.0,4.0,275.0,0.0,28.0,1.0,8.0,1.0,167.0,0.017857142857142856,0.0014347202295552368,0.015873015873015872,0.0,0.014545454545454545,0.0,0.125,0.005988023952095809,1.0
003119,7.0,1,14.0,373.0,14.0,421.0,9.0,283.0,57.0,1839.0,176.0,183.0,0.0,49.0,273.0,1185.0,0.03753351206434316,0.0218408736349454,0.0332541567695962,0.03180212014134275,0.03099510603588907,0.9617486338797814,0.0,0.23037974683544304,2.0
003121,3.0,1,11.0,157.0,11.0,174.0,10.0,129.0,59.0,789.0,0.0,73.0,1.0,21.0,24.0,529.0,0.07006369426751592,0.014588859416445624,0.06321839080459771,0.07751937984496124,0.07477820025348543,0.0,0.047619047619047616,0.045368620037807186,3.6666666666666665
003125,1.0,1,0.0,55.0,0.0,59.0,0.0,41.0,1.0,305.0,0.0,23.0,0.0,8.0,0.0,164.0,0.0,0.0,0.0,0.0,0.003278688524590164,0.0,0.0,0.0,0.0
003128,8.0,1,6.0,447.0,6.0,489.0,2.0,340.0,20.0,2279.0,0.0,202.0,7.0,57.0,20.0,1313.0,0.013422818791946308,0.00860832137733142,0.012269938650306749,0.0058823529411764705,0.008775778850372971,0.0,0.12280701754385964,0.015232292460015232,0.75
003145,7.0,1,3.0,395.0,3.0,430.0,1.0,306.0,52.0,1977.0,0.0,181.0,0.0,64.0,182.0,1279.0,0.007594936708860759,0.004137931034482759,0.0069767441860465115,0.0032679738562091504,0.026302478502781994,0.0,0.0,0.1422986708365911,0.42857142857142855
003151,4.0,1,12.0,215.0,13.0,234.0,7.0,155.0,21.0,932.0,105.0,109.0,2.0,34.0,157.0,662.0,0.05581395348837209,0.018433179723502304,0.05555555555555555,0.04516129032258064,0.022532188841201718,0.963302752293578,0.058823529411764705,0.23716012084592145,3.0
003152,2.0,1,2.0,113.0,3.0,130.0,0.0,89.0,21.0,582.0,2.0,59.0,1.0,15.0,9.0,356.0,0.017699115044247787,0.0028694404591104736,0.023076923076923078,0.0,0.03608247422680412,0.03389830508474576,0.06666666666666667,0.025280898876404494,1.0
003153,5.0,1,25.0,263.0,25.0,297.0,19.0,211.0,84.0,1431.0,0.0,143.0,0.0,36.0,27.0,834.0,0.09505703422053231,0.035868005738880916,0.08417508417508418,0.09004739336492891,0.05870020964360587,0.0,0.0,0.03237410071942446,5.0
003156,13.0,1,69.0,754.0,80.0,840.0,56.0,567.0,324.0,3505.0,0.0,365.0,5.0,102.0,92.0,2370.0,0.09151193633952255,0.09151193633952255,0.09523809523809523,0.09876543209876543,0.09243937232524964,0.0,0.049019607843137254,0.038818565400843885,5.3076923076923075
003157,12.0,1,47.0,668.0,51.0,731.0,42.0,517.0,231.0,3352.0,0.0,314.0,0.0,105.0,65.0,2129.0,0.07035928143712575,0.06482758620689655,0.06976744186046512,0.08123791102514506,0.06891408114558473,0.0,0.0,0.030530765617660875,3.9166666666666665
003159,10.0,1,98.0,534.0,103.0,599.0,84.0,416.0,351.0,2691.0,0.0,258.0,4.0,72.0,143.0,1708.0,0.18352059925093633,0.15288611544461778,0.17195325542570952,0.20192307692307693,0.13043478260869565,0.0,0.05555555555555555,0.08372365339578454,9.8
003160,13.0,1,77.0,754.0,87.0,840.0,63.0,567.0,395.0,3505.0,6.0,365.0,0.0,102.0,122.0,2370.0,0.10212201591511937,0.10212201591511937,0.10357142857142858,0.1111111111111111,0.11269614835948645,0.01643835616438356,0.0,0.05147679324894515,5.923076923076923
003161,11.0,1,58.0,645.0,63.0,720.0,43.0,480.0,190.0,2924.0,2.0,324.0,2.0,87.0,109.0,2016.0,0.08992248062015504,0.07692307692307693,0.0875,0.08958333333333333,0.06497948016415869,0.006172839506172839,0.022988505747126436,0.05406746031746032,5.2727272727272725
003162,13.0,1,114.0,725.0,129.0,794.0,96.0,561.0,524.0,3626.0,0.0,343.0,3.0,112.0,172.0,2324.0,0.15724137931034482,0.15724137931034482,0.1624685138539043,0.1711229946524064,0.14451185879757308,0.0,0.026785714285714284,0.07401032702237521,8.76923076923077
003163,12.0,1,6.0,663.0,6.0,730.0,2.0,493.0,73.0,3098.0,0.0,288.0,15.0,77.0,38.0,2049.0,0.00904977375565611,0.00904977375565611,0.00821917808219178,0.004056795131845842,0.02356358941252421,0.0,0.19480519480519481,0.018545632015617375,0.5
003164,11.0,1,94.0,584.0,100.0,630.0,70.0,424.0,262.0,2601.0,0.0,300.0,1.0,87.0,111.0,1884.0,0.16095890410958905,0.1443932411674347,0.15873015873015872,0.1650943396226415,0.10073048827374087,0.0,0.011494252873563218,0.0589171974522293,8.545454545454545
003165,13.0,1,96.0,697.0,103.0,777.0,81.0,538.0,412.0,3658.0,0.0,339.0,1.0,86.0,111.0,2127.0,0.13773314203730272,0.13773314203730272,0.13256113256113256,0.15055762081784388,0.11262985237834883,0.0,0.011627906976744186,0.05218617771509168,7.384615384615385
003166,10.0,1,62.0,530.0,68.0,572.0,49.0,386.0,251.0,2409.0,0.0,257.0,2.0,79.0,80.0,1595.0,0.1169811320754717,0.096875,0.11888111888111888,0.12694300518134716,0.1041926110419261,0.0,0.02531645569620253,0.050156739811912224,6.2
003167,5.0,2,25.0,272.0,27.0,307.0,21.0,195.0,67.0,1287.0,0.0,136.0,1.0,39.0,32.0,872.0,0.09191176470588236,0.03662822649269607,0.08794788273615635,0.1076923076923077,0.052059052059052056,0.0,0.02564102564102564,0.03669724770642202,5.0
003168,11.0,1,94.0,645.0,104.0,720.0,77.0,480.0,390.0,2924.0,0.0,324.0,2.0,87.0,133.0,2016.0,0.14573643410852713,0.1246684350132626,0.14444444444444443,0.16041666666666668,0.13337893296853626,0.0,0.022988505747126436,0.06597222222222222,8.545454545454545
003169,12.0,1,8.0,650.0,8.0,725.0,2.0,471.0,199.0,3099.0,0.0,313.0,6.0,79.0,458.0,1967.0,0.012307692307692308,0.011363636363636364,0.011034482758620689,0.004246284501061571,0.06421426266537593,0.0,0.0759493670886076,0.23284189120488052,0.6666666666666666
003170,11.0,1,68.0,600.0,75.0,663.0,59.0,471.0,306.0,3033.0,0.0,295.0,3.0,86.0,98.0,1959.0,0.11333333333333333,0.09379310344827586,0.11312217194570136,0.12526539278131635,0.10089020771513353,0.0,0.03488372093023256,0.050025523226135786,6.181818181818182
003172,9.0,1,18.0,493.0,20.0,530.0,14.0,366.0,73.0,2162.0,9.0,241.0,8.0,73.0,52.0,1562.0,0.036511156186612576,0.027649769585253458,0.03773584905660377,0.03825136612021858,0.033765032377428304,0.03734439834024896,0.1095890410958904,0.03329065300896287,2.0
003173,10.0,1,3.0,520.0,3.0,581.0,2.0,400.0,34.0,2760.0,0.0,261.0,5.0,65.0,22.0,1594.0,0.0057692307692307696,0.00430416068866571,0.0051635111876075735,0.005,0.012318840579710146,0.0,0.07692307692307693,0.013801756587202008,0.3
003174,12.0,1,102.0,663.0,112.0,730.0,78.0,493.0,399.0,3098.0,0.0,288.0,1.0,77.0,140.0,2049.0,0.15384615384615385,0.15384615384615385,0.15342465753424658,0.15821501014198783,0.1287927695287282,0.0,0.012987012987012988,0.06832601268911664,8.5
003176,13.0,1,7.0,697.0,7.0,777.0,2.0,538.0,251.0,3658.0,0.0,339.0,2.0,86.0,551.0,2127.0,0.010043041606886656,0.010043041606886656,0.009009009009009009,0.0037174721189591076,0.06861673045379989,0.0,0.023255813953488372,0.25905030559473435,0.5384615384615384
003177,12.0,1,2.0,663.0,3.0,730.0,1.0,493.0,53.0,3098.0,0.0,288.0,12.0,77.0,42.0,2049.0,0.0030165912518853697,0.0030165912518853697,0.00410958904109589,0.002028397565922921,0.0171078114912847,0.0,0.15584415584415584,0.020497803806734993,0.16666666666666666
003179,3.0,1,6.0,162.0,6.0,179.0,5.0,130.0,23.0,790.0,0.0,80.0,2.0,24.0,13.0,552.0,0.037037037037037035,0.0093603744149766,0.0335195530726257,0.038461538461538464,0.02911392405063291,0.0,0.08333333333333333,0.02355072463768116,2.0
003180,2.0,1,3.0,117.0,3.0,125.0,3.0,84.0,18.0,531.0,1.0,44.0,0.0,13.0,6.0,315.0,0.02564102564102564,0.00430416068866571,0.024,0.03571428571428571,0.03389830508474576,0.022727272727272728,0.0,0.01904761904761905,1.5
003181,12.0,1,16.0,641.0,17.0,717.0,12.0,500.0,56.0,3226.0,0.0,309.0,6.0,87.0,34.0,2078.0,0.0249609984399376,0.0249609984399376,0.023709902370990237,0.024,0.01735895846249225,0.0,0.06896551724137931,0.016361886429258902,1.3333333333333333
003182,4.0,1,1.0,197.0,1.0,223.0,1.0,129.0,37.0,968.0,0.0,100.0,3.0,30.0,7.0,606.0,0.005076142131979695,0.0014204545454545455,0.004484304932735426,0.007751937984496124,0.038223140495867766,0.0,0.1,0.01155115511551155,0.25
003183,11.0,1,6.0,597.0,6.0,670.0,2.0,428.0,30.0,2815.0,7.0,281.0,3.0,75.0,29.0,1790.0,0.010050251256281407,0.008522727272727272,0.008955223880597015,0.004672897196261682,0.010657193605683837,0.02491103202846975,0.04,0.016201117318435754,0.5454545454545454
003184,13.0,1,12.0,725.0,12.0,794.0,6.0,561.0,107.0,3626.0,0.0,343.0,4.0,112.0,45.0,2324.0,0.016551724137931035,0.016551724137931035,0.015113350125944584,0.0106951871657754,0.029509100937672367,0.0,0.03571428571428571,0.0193631669535284,0.9230769230769231
003185,11.0,1,3.0,643.0,3.0,709.0,0.0,483.0,56.0,2912.0,0.0,304.0,2.0,78.0,7.0,2016.0,0.004665629860031105,0.003978779840848806,0.004231311706629055,0.0,0.019230769230769232,0.0,0.02564102564102564,0.003472222222222222,0.2727272727272727
003186,10.0,1,49.0,543.0,52.0,588.0,41.0,394.0,169.0,2366.0,0.0,275.0,1.0,84.0,71.0,1747.0,0.09023941068139964,0.07526881720430108,0.08843537414965986,0.10406091370558376,0.07142857142857142,0.0,0.011904761904761904,0.040641099026903264,4.9
003188,1.0,1,5.0,52.0,5.0,58.0,3.0,37.0,18.0,323.0,0.0,20.0,0.0,11.0,4.0,150.0,0.09615384615384616,0.007541478129713424,0.08620689655172414,0.08108108108108109,0.05572755417956656,0.0,0.0,0.02666666666666667,5.0
003192,12.0,1,81.0,640.0,85.0,685.0,64.0,466.0,250.0,2902.0,0.0,311.0,2.0,92.0,96.0,1913.0,0.1265625,0.1265625,0.12408759124087591,0.13733905579399142,0.08614748449345279,0.0,0.021739130434782608,0.0501829587036069,6.75
003194,2.0,1,1.0,99.0,1.0,107.0,1.0,70.0,8.0,544.0,0.0,38.0,0.0,17.0,3.0,301.0,0.010101010101010102,0.0015082956259426848,0.009345794392523364,0.014285714285714285,0.014705882352941176,0.0,0.0,0.009966777408637873,0.5
003195,12.0,1,80.0,669.0,88.0,731.0,55.0,520.0,371.0,3340.0,0.0,318.0,1.0,101.0,99.0,2147.0,0.11958146487294469,0.1103448275862069,0.12038303693570451,0.10576923076923077,0.11107784431137725,0.0,0.009900990099009901,0.04611085235211924,6.666666666666667
003203,3.0,1,19.0,147.0,19.0,158.0,16.0,101.0,87.0,779.0,0.0,55.0,0.0,23.0,27.0,458.0,0.1292517006802721,0.02865761689291101,0.12025316455696203,0.15841584158415842,0.1116816431322208,0.0,0.0,0.05895196506550218,6.333333333333333
003206,2.0,1,2.0,94.0,2.0,102.0,0.0,62.0,9.0,455.0,0.0,44.0,0.0,16.0,9.0,265.0,0.02127659574468085,0.003125,0.0196078431372549,0.0,0.01978021978021978,0.0,0.0,0.033962264150943396,1.0
003209,1.0,1,1.0,52.0,1.0,60.0,1.0,41.0,7.0,243.0,0.0,28.0,0.0,7.0,1.0,193.0,0.019230769230769232,0.0015600624024961,0.016666666666666666,0.024390243902439025,0.02880658436213992,0.0,0.0,0.0051813471502590676,1.0
003211,10.0,1,40.0,576.0,46.0,644.0,32.0,438.0,132.0,2762.0,0.0,276.0,0.0,83.0,48.0,1811.0,0.06944444444444445,0.05305039787798409,0.07142857142857142,0.0730593607305936,0.04779145546705286,0.0,0.0,0.02650469353948095,4.0
003212,12.0,1,4.0,640.0,4.0,685.0,3.0,466.0,67.0,2902.0,37.0,311.0,7.0,92.0,57.0,1913.0,0.00625,0.00625,0.00583941605839416,0.006437768240343348,0.02308752584424535,0.1189710610932476,0.07608695652173914,0.029796131730266597,0.3333333333333333
003215,2.0,1,0.0,113.0,0.0,124.0,0.0,86.0,6.0,514.0,0.0,44.0,1.0,10.0,5.0,335.0,0.0,0.0,0.0,0.0,0.011673151750972763,0.0,0.1,0.014925373134328358,0.0
003228,4.0,1,2.0,217.0,2.0,242.0,1.0,163.0,18.0,1091.0,0.0,109.0,2.0,33.0,14.0,690.0,0.009216589861751152,0.002758620689655172,0.008264462809917356,0.006134969325153374,0.016498625114573784,0.0,0.06060606060606061,0.020289855072463767,0.5
003229,2.0,1,0.0,119.0,0.0,129.0,0.0,92.0,11.0,525.0,0.0,63.0,0.0,13.0,3.0,390.0,0.0,0.0,0.0,0.0,0.02095238095238095,0.0,0.0,0.007692307692307693,0.0
003232,4.0,1,4.0,210.0,4.0,238.0,2.0,161.0,26.0,1118.0,0.0,102.0,0.0,32.0,9.0,695.0,0.01904761904761905,0.0062402496099844,0.01680672268907563,0.012422360248447204,0.023255813953488372,0.0,0.0,0.012949640287769784,1.0
003233,2.0,1,2.0,110.0,2.0,124.0,0.0,81.0,3.0,558.0,0.0,48.0,0.0,18.0,3.0,334.0,0.01818181818181818,0.002758620689655172,0.016129032258064516,0.0,0.005376344086021506,0.0,0.0,0.008982035928143712,1.0
003238,1.0,1,3.0,55.0,3.0,57.0,3.0,42.0,8.0,216.0,0.0,22.0,0.0,7.0,3.0,164.0,0.05454545454545454,0.004608294930875576,0.05263157894736842,0.07142857142857142,0.037037037037037035,0.0,0.0,0.018292682926829267,3.0
003242,1.0,1,1.0,55.0,1.0,57.0,1.0,42.0,4.0,216.0,0.0,22.0,0.0,7.0,4.0,164.0,0.01818181818181818,0.0015360983102918587,0.017543859649122806,0.023809523809523808,0.018518518518518517,0.0,0.0,0.024390243902439025,1.0
003246,2.0,1,2.0,117.0,2.0,125.0,0.0,84.0,11.0,531.0,43.0,44.0,0.0,13.0,65.0,315.0,0.017094017094017096,0.0028694404591104736,0.016,0.0,0.02071563088512241,0.9772727272727273,0.0,0.20634920634920634,1.0
003248,12.0,1,78.0,663.0,90.0,730.0,60.0,493.0,334.0,3098.0,0.0,288.0,1.0,77.0,101.0,2049.0,0.11764705882352941,0.11764705882352941,0.1232876712328767,0.12170385395537525,0.1078114912846998,0.0,0.012987012987012988,0.049292337725719865,6.5
003249,3.0,1,11.0,189.0,11.0,206.0,10.0,145.0,41.0,872.0,0.0,88.0,0.0,30.0,14.0,591.0,0.0582010582010582,0.015172413793103448,0.05339805825242718,0.06896551724137931,0.047018348623853214,0.0,0.0,0.023688663282571912,3.6666666666666665
003250,9.0,1,47.0,496.0,48.0,529.0,38.0,368.0,152.0,2187.0,0.0,239.0,0.0,63.0,54.0,1503.0,0.09475806451612903,0.0734375,0.09073724007561437,0.10326086956521739,0.0695016003657979,0.0,0.0,0.03592814371257485,5.222222222222222
003251,2.0,1,1.0,108.0,1.0,115.0,1.0,80.0,15.0,471.0,0.0,51.0,1.0,14.0,10.0,330.0,0.009259259259259259,0.0015360983102918587,0.008695652173913044,0.0125,0.03184713375796178,0.0,0.07142857142857142,0.030303030303030304,0.5
003252,9.0,1,56.0,516.0,62.0,572.0,44.0,392.0,154.0,2319.0,0.0,233.0,0.0,54.0,66.0,1591.0,0.10852713178294573,0.08446455505279035,0.10839160839160839,0.11224489795918367,0.06640793445450625,0.0,0.0,0.041483343808925204,6.222222222222222
003253,2.0,1,9.0,109.0,10.0,120.0,7.0,87.0,48.0,581.0,0.0,41.0,0.0,15.0,11.0,354.0,0.08256880733944955,0.011936339522546418,0.08333333333333333,0.08045977011494253,0.08261617900172118,0.0,0.0,0.031073446327683617,4.5
003254,12.0,1,8.0,640.0,8.0,685.0,5.0,466.0,88.0,2902.0,8.0,311.0,2.0,92.0,44.0,1913.0,0.0125,0.0125,0.01167883211678832,0.01072961373390558,0.030323914541695383,0.02572347266881029,0.021739130434782608,0.02300052273915316,0.6666666666666666
003255,8.0,1,3.0,421.0,5.0,474.0,1.0,329.0,51.0,2228.0,19.0,211.0,1.0,49.0,30.0,1309.0,0.007125890736342043,0.00430416068866571,0.010548523206751054,0.00303951367781155,0.02289048473967684,0.09004739336492891,0.02040816326530612,0.02291825821237586,0.375
003256,3.0,1,17.0,161.0,18.0,181.0,11.0,110.0,41.0,779.0,0.0,80.0,0.0,19.0,14.0,496.0,0.10559006211180125,0.024147727272727272,0.09944751381215469,0.1,0.05263157894736842,0.0,0.0,0.028225806451612902,5.666666666666667
003257,10.0,1,51.0,528.0,59.0,566.0,40.0,385.0,216.0,2445.0,0.0,255.0,1.0,75.0,57.0,1575.0,0.09659090909090909,0.0796875,0.10424028268551237,0.1038961038961039,0.08834355828220859,0.0,0.013333333333333334,0.03619047619047619,5.1
003259,6.0,1,1.0,327.0,1.0,354.0,1.0,234.0,25.0,1430.0,0.0,160.0,1.0,51.0,6.0,1033.0,0.0030581039755351682,0.0015360983102918587,0.002824858757062147,0.004273504273504274,0.017482517482517484,0.0,0.0196078431372549,0.005808325266214908,0.16666666666666666
003260,7.0,1,2.0,367.0,3.0,409.0,1.0,292.0,50.0,2005.0,8.0,187.0,4.0,50.0,30.0,1141.0,0.005449591280653951,0.0028694404591104736,0.007334963325183374,0.003424657534246575,0.02493765586034913,0.0427807486631016,0.08,0.026292725679228746,0.2857142857142857
003261,6.0,1,16.0,302.0,21.0,342.0,13.0,234.0,78.0,1704.0,0.0,153.0,0.0,41.0,25.0,963.0,0.052980132450331126,0.02295552367288379,0.06140350877192982,0.05555555555555555,0.045774647887323945,0.0,0.0,0.02596053997923157,2.6666666666666665
003264,7.0,1,3.0,371.0,3.0,413.0,0.0,282.0,111.0,1881.0,0.0,174.0,2.0,53.0,229.0,1175.0,0.008086253369272238,0.0046801872074883,0.007263922518159807,0.0,0.05901116427432217,0.0,0.03773584905660377,0.19489361702127658,0.42857142857142855
003266,7.0,1,31.0,372.0,32.0,419.0,27.0,288.0,133.0,1896.0,0.0,179.0,3.0,56.0,44.0,1206.0,0.08333333333333333,0.0483619344773791,0.07637231503579953,0.09375,0.07014767932489452,0.0,0.05357142857142857,0.03648424543946932,4.428571428571429
003267,13.0,1,75.0,725.0,78.0,794.0,57.0,561.0,308.0,3626.0,0.0,343.0,4.0,112.0,94.0,2324.0,0.10344827586206896,0.10344827586206896,0.0982367758186398,0.10160427807486631,0.08494208494208494,0.0,0.03571428571428571,0.04044750430292599,5.769230769230769
003268,1.0,1,8.0,50.0,8.0,54.0,6.0,36.0,27.0,260.0,0.0,28.0,0.0,13.0,7.0,145.0,0.16,0.0125,0.14814814814814814,0.16666666666666666,0.10384615384615385,0.0,0.0,0.04827586206896552,8.0
003269,10.0,1,12.0,534.0,12.0,599.0,11.0,416.0,77.0,2691.0,0.0,258.0,6.0,72.0,32.0,1708.0,0.02247191011235955,0.0187207488299532,0.02003338898163606,0.026442307692307692,0.028613898179115572,0.0,0.08333333333333333,0.01873536299765808,1.2
003270,9.0,1,45.0,501.0,51.0,563.0,37.0,373.0,168.0,2442.0,0.0,233.0,1.0,57.0,61.0,1499.0,0.08982035928143713,0.06392045454545454,0.0905861456483126,0.09919571045576407,0.0687960687960688,0.0,0.017543859649122806,0.040693795863909275,5.0
003271,10.0,1,2.0,559.0,2.0,607.0,1.0,434.0,37.0,2789.0,0.0,264.0,10.0,84.0,28.0,1811.0,0.0035778175313059034,0.002758620689655172,0.0032948929159802307,0.002304147465437788,0.013266403728935103,0.0,0.11904761904761904,0.015461071231363888,0.2
003273,8.0,1,36.0,424.0,38.0,477.0,29.0,325.0,167.0,2153.0,0.0,207.0,1.0,58.0,41.0,1359.0,0.08490566037735849,0.056162246489859596,0.07966457023060797,0.08923076923076922,0.07756618671620993,0.0,0.017241379310344827,0.03016924208977189,4.5
003274,1.0,1,0.0,55.0,0.0,61.0,0.0,45.0,5.0,283.0,0.0,22.0,1.0,5.0,2.0,167.0,0.0,0.0,0.0,0.0,0.0176678445229682,0.0,0.2,0.011976047904191617,0.0
003275,10.0,1,24.0,564.0,31.0,615.0,19.0,444.0,89.0,2814.0,249.0,265.0,4.0,89.0,444.0,1813.0,0.0425531914893617,0.03310344827586207,0.05040650406504065,0.04279279279279279,0.031627576403695803,0.939622641509434,0.0449438202247191,0.24489795918367346,2.4
003276,6.0,1,4.0,307.0,4.0,333.0,0.0,219.0,16.0,1431.0,0.0,153.0,8.0,48.0,2.0,934.0,0.013029315960912053,0.00625,0.012012012012012012,0.0,0.011180992313067784,0.0,0.16666666666666666,0.0021413276231263384,0.6666666666666666
003277,11.0,1,79.0,591.0,97.0,661.0,63.0,458.0,422.0,3095.0,0.0,289.0,1.0,72.0,132.0,1812.0,0.13367174280879865,0.1133428981348637,0.14674735249621784,0.13755458515283842,0.13634894991922455,0.0,0.013888888888888888,0.0728476821192053,7.181818181818182
003278,10.0,1,16.0,564.0,17.0,623.0,12.0,423.0,79.0,2554.0,0.0,250.0,2.0,60.0,37.0,1748.0,0.028368794326241134,0.024132730015082957,0.027287319422150885,0.028368794326241134,0.030931871574001565,0.0,0.03333333333333333,0.02116704805491991,1.6
003279,2.0,1,9.0,118.0,9.0,131.0,8.0,93.0,28.0,520.0,0.0,54.0,1.0,17.0,10.0,365.0,0.07627118644067797,0.013824884792626729,0.06870229007633588,0.08602150537634409,0.05384615384615385,0.0,0.058823529411764705,0.0273972602739726,4.5
003280,10.0,1,86.0,530.0,92.0,572.0,64.0,386.0,201.0,2409.0,0.0,257.0,4.0,79.0,91.0,1595.0,0.16226415094339622,0.134375,0.16083916083916083,0.16580310880829016,0.08343711083437111,0.0,0.05063291139240506,0.057053291536050155,8.6
003281,9.0,1,28.0,479.0,30.0,538.0,23.0,371.0,109.0,2408.0,0.0,236.0,2.0,67.0,40.0,1541.0,0.05845511482254697,0.0436817472698908,0.055762081784386616,0.06199460916442048,0.04526578073089701,0.0,0.029850746268656716,0.025957170668397145,3.111111111111111
003282,9.0,1,6.0,479.0,8.0,539.0,4.0,369.0,32.0,2522.0,0.0,235.0,3.0,57.0,24.0,1482.0,0.012526096033402923,0.00860832137733142,0.014842300556586271,0.01084010840108401,0.012688342585249802,0.0,0.05263157894736842,0.016194331983805668,0.6666666666666666
003283,10.0,1,6.0,538.0,7.0,603.0,3.0,416.0,48.0,2827.0,20.0,260.0,3.0,70.0,43.0,1649.0,0.011152416356877323,0.00860832137733142,0.011608623548922056,0.007211538461538462,0.016979129819596747,0.07692307692307693,0.04285714285714286,0.02607640994542147,0.6
003284,7.0,1,3.0,365.0,3.0,411.0,2.0,283.0,44.0,2008.0,4.0,186.0,2.0,50.0,16.0,1150.0,0.00821917808219178,0.00430416068866571,0.0072992700729927005,0.007067137809187279,0.021912350597609563,0.021505376344086023,0.04,0.01391304347826087,0.42857142857142855
003285,9.0,1,60.0,507.0,67.0,552.0,50.0,400.0,194.0,2540.0,0.0,236.0,1.0,82.0,77.0,1618.0,0.11834319526627218,0.08275862068965517,0.1213768115942029,0.125,0.07637795275590552,0.0,0.012195121951219513,0.04758961681087762,6.666666666666667
003286,10.0,1,3.0,564.0,3.0,615.0,1.0,444.0,47.0,2814.0,0.0,265.0,12.0,89.0,33.0,1813.0,0.005319148936170213,0.004137931034482759,0.004878048780487805,0.0022522522522522522,0.016702203269367447,0.0,0.1348314606741573,0.01820187534473249,0.3
003287,2.0,1,2.0,111.0,2.0,131.0,1.0,84.0,7.0,593.0,0.0,61.0,2.0,24.0,3.0,354.0,0.018018018018018018,0.002652519893899204,0.015267175572519083,0.011904761904761904,0.011804384485666104,0.0,0.08333333333333333,0.00847457627118644,1.0
003288,10.0,1,39.0,534.0,47.0,599.0,35.0,416.0,237.0,2691.0,0.0,258.0,0.0,72.0,69.0,1708.0,0.07303370786516854,0.060842433697347896,0.07846410684474124,0.08413461538461539,0.08807134894091416,0.0,0.0,0.04039812646370024,3.9
003289,10.0,1,17.0,543.0,19.0,588.0,11.0,394.0,106.0,2366.0,0.0,275.0,4.0,84.0,38.0,1747.0,0.03130755064456722,0.026113671274961597,0.03231292517006803,0.027918781725888325,0.044801352493660185,0.0,0.047619047619047616,0.021751574127074985,1.7
003290,4.0,1,16.0,209.0,16.0,233.0,6.0,142.0,51.0,972.0,1.0,110.0,0.0,21.0,11.0,655.0,0.07655502392344497,0.022727272727272728,0.06866952789699571,0.04225352112676056,0.05246913580246913,0.00909090909090909,0.0,0.016793893129770993,4.0
003291,5.0,1,4.0,284.0,4.0,325.0,0.0,210.0,35.0,1328.0,0.0,149.0,1.0,45.0,68.0,903.0,0.014084507042253521,0.005305039787798408,0.012307692307692308,0.0,0.02635542168674699,0.0,0.022222222222222223,0.0753045404208195,0.8
003292,5.0,1,3.0,280.0,3.0,304.0,1.0,201.0,30.0,1194.0,0.0,135.0,3.0,43.0,9.0,849.0,0.010714285714285714,0.0046875,0.009868421052631578,0.004975124378109453,0.02512562814070352,0.0,0.06976744186046512,0.01060070671378092,0.6
003293,2.0,1,9.0,109.0,10.0,117.0,4.0,80.0,34.0,458.0,0.0,49.0,0.0,14.0,9.0,340.0,0.08256880733944955,0.013824884792626729,0.08547008547008547,0.05,0.07423580786026202,0.0,0.0,0.026470588235294117,4.5
003296,11.0,1,7.0,645.0,7.0,720.0,4.0,480.0,65.0,2924.0,0.0,324.0,13.0,87.0,31.0,2016.0,0.010852713178294573,0.009283819628647215,0.009722222222222222,0.008333333333333333,0.02222982216142271,0.0,0.14942528735632185,0.015376984126984126,0.6363636363636364
003297,5.0,1,22.0,297.0,24.0,321.0,18.0,216.0,66.0,1300.0,0.0,149.0,0.0,36.0,26.0,925.0,0.07407407407407407,0.029177718832891247,0.07476635514018691,0.08333333333333333,0.05076923076923077,0.0,0.0,0.02810810810810811,4.4
003298,5.0,1,20.0,300.0,22.0,345.0,17.0,222.0,76.0,1416.0,0.0,143.0,2.0,45.0,26.0,916.0,0.06666666666666667,0.026525198938992044,0.06376811594202898,0.07657657657657657,0.05367231638418079,0.0,0.044444444444444446,0.028384279475982533,4.0
003300,7.0,1,12.0,382.0,12.0,413.0,10.0,272.0,100.0,1667.0,29.0,183.0,10.0,62.0,63.0,1123.0,0.031413612565445025,0.01875,0.029055690072639227,0.03676470588235294,0.059988002399520096,0.15846994535519127,0.16129032258064516,0.05609973285841496,1.7142857142857142
003301,2.0,1,0.0,102.0,0.0,109.0,0.0,73.0,3.0,448.0,0.0,58.0,0.0,12.0,0.0,353.0,0.0,0.0,0.0,0.0,0.006696428571428571,0.0,0.0,0.0,0.0
003302,2.0,1,8.0,121.0,9.0,131.0,6.0,89.0,40.0,510.0,0.0,59.0,0.0,21.0,9.0,394.0,0.06611570247933884,0.01228878648233487,0.06870229007633588,0.06741573033707865,0.0784313725490196,0.0,0.0,0.02284263959390863,4.0
003303,2.0,1,1.0,102.0,1.0,109.0,0.0,71.0,5.0,473.0,0.0,48.0,1.0,19.0,1.0,274.0,0.00980392156862745,0.0015625,0.009174311926605505,0.0,0.010570824524312896,0.0,0.05263157894736842,0.0036496350364963502,0.5
