flag_code,classification,severity,entity_level,entity_id,entity_name,metric_name,metric_value,denominator_value,flag_description,detail
DEGENERATE_RATE_EXTREME,B,warn,player_season,211,Ian MacKay,faceoff_win_pct,0.0,1.0,"A rate of exactly 0 or exactly 1. At these denominators that is a small-sample boundary, not a skill level.",exactly 0 on 1 faceoffs
DEGENERATE_RATE_EXTREME,B,warn,player_season,242,Kyle Hartzell,faceoff_win_pct,0.0,1.0,"A rate of exactly 0 or exactly 1. At these denominators that is a small-sample boundary, not a skill level.",exactly 0 on 1 faceoffs
DEGENERATE_RATE_EXTREME,B,warn,player_season,267,Jake Froccaro,faceoff_win_pct,0.0,3.0,"A rate of exactly 0 or exactly 1. At these denominators that is a small-sample boundary, not a skill level.",exactly 0 on 3 faceoffs
DEGENERATE_RATE_EXTREME,B,warn,player_season,281,Troy Reh,faceoff_win_pct,0.0,2.0,"A rate of exactly 0 or exactly 1. At these denominators that is a small-sample boundary, not a skill level.",exactly 0 on 2 faceoffs
DEGENERATE_RATE_EXTREME,B,warn,player_season,322,John Sexton,faceoff_win_pct,0.0,1.0,"A rate of exactly 0 or exactly 1. At these denominators that is a small-sample boundary, not a skill level.",exactly 0 on 1 faceoffs
DEGENERATE_RATE_EXTREME,B,warn,player_season,406,Craig Chick,faceoff_win_pct,0.0,3.0,"A rate of exactly 0 or exactly 1. At these denominators that is a small-sample boundary, not a skill level.",exactly 0 on 3 faceoffs
DEGENERATE_RATE_EXTREME,B,warn,player_season,424,Jake Pulver,faceoff_win_pct,0.0,8.0,"A rate of exactly 0 or exactly 1. At these denominators that is a small-sample boundary, not a skill level.",exactly 0 on 8 faceoffs
DEGENERATE_RATE_EXTREME,B,warn,player_season,929,Matthew Hossack,faceoff_win_pct,0.0,3.0,"A rate of exactly 0 or exactly 1. At these denominators that is a small-sample boundary, not a skill level.",exactly 0 on 3 faceoffs
DEGENERATE_RATE_EXTREME,B,warn,player_season,1740,Andrew Newbold,faceoff_win_pct,0.0,3.0,"A rate of exactly 0 or exactly 1. At these denominators that is a small-sample boundary, not a skill level.",exactly 0 on 3 faceoffs
DEGENERATE_RATE_EXTREME,B,warn,player_season,1813,Jared Conners,faceoff_win_pct,0.0,2.0,"A rate of exactly 0 or exactly 1. At these denominators that is a small-sample boundary, not a skill level.",exactly 0 on 2 faceoffs
DEGENERATE_RATE_EXTREME,B,warn,player_season,2040,Jackson Reid,faceoff_win_pct,0.0,1.0,"A rate of exactly 0 or exactly 1. At these denominators that is a small-sample boundary, not a skill level.",exactly 0 on 1 faceoffs
DEGENERATE_RATE_EXTREME,B,warn,player_season,207,Dominique Alexander,one_point_conversion_pct,1.0,1.0,"A rate of exactly 0 or exactly 1. At these denominators that is a small-sample boundary, not a skill level.",exactly 1 on 1 one_point_attempts
DEGENERATE_RATE_EXTREME,B,warn,player_season,211,Ian MacKay,one_point_conversion_pct,0.0,1.0,"A rate of exactly 0 or exactly 1. At these denominators that is a small-sample boundary, not a skill level.",exactly 0 on 1 one_point_attempts
DEGENERATE_RATE_EXTREME,B,warn,player_season,213,Jerry Ragonese,one_point_conversion_pct,1.0,1.0,"A rate of exactly 0 or exactly 1. At these denominators that is a small-sample boundary, not a skill level.",exactly 1 on 1 one_point_attempts
DEGENERATE_RATE_EXTREME,B,warn,player_season,242,Kyle Hartzell,one_point_conversion_pct,1.0,1.0,"A rate of exactly 0 or exactly 1. At these denominators that is a small-sample boundary, not a skill level.",exactly 1 on 1 one_point_attempts
DEGENERATE_RATE_EXTREME,B,warn,player_season,267,Jake Froccaro,one_point_conversion_pct,0.0,12.0,"A rate of exactly 0 or exactly 1. At these denominators that is a small-sample boundary, not a skill level.",exactly 0 on 12 one_point_attempts
DEGENERATE_RATE_EXTREME,B,warn,player_season,268,James Barclay,one_point_conversion_pct,0.0,1.0,"A rate of exactly 0 or exactly 1. At these denominators that is a small-sample boundary, not a skill level.",exactly 0 on 1 one_point_attempts
DEGENERATE_RATE_EXTREME,B,warn,player_season,275,Mark Glicini,one_point_conversion_pct,1.0,1.0,"A rate of exactly 0 or exactly 1. At these denominators that is a small-sample boundary, not a skill level.",exactly 1 on 1 one_point_attempts
DEGENERATE_RATE_EXTREME,B,warn,player_season,280,Thomas Kelly,one_point_conversion_pct,1.0,1.0,"A rate of exactly 0 or exactly 1. At these denominators that is a small-sample boundary, not a skill level.",exactly 1 on 1 one_point_attempts
DEGENERATE_RATE_EXTREME,B,warn,player_season,310,Brent Adams,one_point_conversion_pct,0.0,2.0,"A rate of exactly 0 or exactly 1. At these denominators that is a small-sample boundary, not a skill level.",exactly 0 on 2 one_point_attempts
DEGENERATE_RATE_EXTREME,B,warn,player_season,314,Eddy Glazener,one_point_conversion_pct,0.0,1.0,"A rate of exactly 0 or exactly 1. At these denominators that is a small-sample boundary, not a skill level.",exactly 0 on 1 one_point_attempts
DEGENERATE_RATE_EXTREME,B,warn,player_season,331,Patrick Harbeson,one_point_conversion_pct,0.0,1.0,"A rate of exactly 0 or exactly 1. At these denominators that is a small-sample boundary, not a skill level.",exactly 0 on 1 one_point_attempts
DEGENERATE_RATE_EXTREME,B,warn,player_season,355,Matthew Dunn,one_point_conversion_pct,0.0,1.0,"A rate of exactly 0 or exactly 1. At these denominators that is a small-sample boundary, not a skill level.",exactly 0 on 1 one_point_attempts
DEGENERATE_RATE_EXTREME,B,warn,player_season,356,Michael Ehrhardt,one_point_conversion_pct,0.0,3.0,"A rate of exactly 0 or exactly 1. At these denominators that is a small-sample boundary, not a skill level.",exactly 0 on 3 one_point_attempts
DEGENERATE_RATE_EXTREME,B,warn,player_season,361,Tyler Warner,one_point_conversion_pct,1.0,1.0,"A rate of exactly 0 or exactly 1. At these denominators that is a small-sample boundary, not a skill level.",exactly 1 on 1 one_point_attempts
DEGENERATE_RATE_EXTREME,B,warn,player_season,365,Jack Rowlett,one_point_conversion_pct,1.0,1.0,"A rate of exactly 0 or exactly 1. At these denominators that is a small-sample boundary, not a skill level.",exactly 1 on 1 one_point_attempts
DEGENERATE_RATE_EXTREME,B,warn,player_season,368,Chris Sabia,one_point_conversion_pct,0.0,2.0,"A rate of exactly 0 or exactly 1. At these denominators that is a small-sample boundary, not a skill level.",exactly 0 on 2 one_point_attempts
DEGENERATE_RATE_EXTREME,B,warn,player_season,376,Cade van Raaphorst,one_point_conversion_pct,0.0,2.0,"A rate of exactly 0 or exactly 1. At these denominators that is a small-sample boundary, not a skill level.",exactly 0 on 2 one_point_attempts
DEGENERATE_RATE_EXTREME,B,warn,player_season,407,TJ Comizio,one_point_conversion_pct,1.0,1.0,"A rate of exactly 0 or exactly 1. At these denominators that is a small-sample boundary, not a skill level.",exactly 1 on 1 one_point_attempts
DEGENERATE_RATE_EXTREME,B,warn,player_season,434,Matt Abbott,one_point_conversion_pct,0.0,2.0,"A rate of exactly 0 or exactly 1. At these denominators that is a small-sample boundary, not a skill level.",exactly 0 on 2 one_point_attempts
DEGENERATE_RATE_EXTREME,B,warn,player_season,700,Tommy Palasek,one_point_conversion_pct,0.0,3.0,"A rate of exactly 0 or exactly 1. At these denominators that is a small-sample boundary, not a skill level.",exactly 0 on 3 one_point_attempts
DEGENERATE_RATE_EXTREME,B,warn,player_season,922,Graeme Hossack,one_point_conversion_pct,0.0,1.0,"A rate of exactly 0 or exactly 1. At these denominators that is a small-sample boundary, not a skill level.",exactly 0 on 1 one_point_attempts
DEGENERATE_RATE_EXTREME,B,warn,player_season,925,Liam Byrnes,one_point_conversion_pct,0.0,3.0,"A rate of exactly 0 or exactly 1. At these denominators that is a small-sample boundary, not a skill level.",exactly 0 on 3 one_point_attempts
DEGENERATE_RATE_EXTREME,B,warn,player_season,1010,Isaiah Davis-Allen,one_point_conversion_pct,0.0,1.0,"A rate of exactly 0 or exactly 1. At these denominators that is a small-sample boundary, not a skill level.",exactly 0 on 1 one_point_attempts
DEGENERATE_RATE_EXTREME,B,warn,player_season,1402,Max Adler,one_point_conversion_pct,0.0,3.0,"A rate of exactly 0 or exactly 1. At these denominators that is a small-sample boundary, not a skill level.",exactly 0 on 3 one_point_attempts
DEGENERATE_RATE_EXTREME,B,warn,player_season,1417,Bryce Wasserman,one_point_conversion_pct,0.0,2.0,"A rate of exactly 0 or exactly 1. At these denominators that is a small-sample boundary, not a skill level.",exactly 0 on 2 one_point_attempts
DEGENERATE_RATE_EXTREME,B,warn,player_season,1662,Andrew Kew,one_point_conversion_pct,0.0,3.0,"A rate of exactly 0 or exactly 1. At these denominators that is a small-sample boundary, not a skill level.",exactly 0 on 3 one_point_attempts
DEGENERATE_RATE_EXTREME,B,warn,player_season,1760,Pat Aslanian,one_point_conversion_pct,0.0,1.0,"A rate of exactly 0 or exactly 1. At these denominators that is a small-sample boundary, not a skill level.",exactly 0 on 1 one_point_attempts
DEGENERATE_RATE_EXTREME,B,warn,player_season,1811,JT Giles-Harris,one_point_conversion_pct,0.0,1.0,"A rate of exactly 0 or exactly 1. At these denominators that is a small-sample boundary, not a skill level.",exactly 0 on 1 one_point_attempts
DEGENERATE_RATE_EXTREME,B,warn,player_season,1813,Jared Conners,one_point_conversion_pct,0.0,3.0,"A rate of exactly 0 or exactly 1. At these denominators that is a small-sample boundary, not a skill level.",exactly 0 on 3 one_point_attempts
DEGENERATE_RATE_EXTREME,B,warn,player_season,2022,Zach Geddes,one_point_conversion_pct,0.0,1.0,"A rate of exactly 0 or exactly 1. At these denominators that is a small-sample boundary, not a skill level.",exactly 0 on 1 one_point_attempts
DEGENERATE_RATE_EXTREME,B,warn,player_season,2036,Jake Higgins,one_point_conversion_pct,0.0,1.0,"A rate of exactly 0 or exactly 1. At these denominators that is a small-sample boundary, not a skill level.",exactly 0 on 1 one_point_attempts
DEGENERATE_RATE_EXTREME,B,warn,player_season,2043,Ryan Aughavin,one_point_conversion_pct,0.0,3.0,"A rate of exactly 0 or exactly 1. At these denominators that is a small-sample boundary, not a skill level.",exactly 0 on 3 one_point_attempts
DEGENERATE_RATE_EXTREME,B,warn,player_season,2062,Ryan Hallenbeck,one_point_conversion_pct,0.0,1.0,"A rate of exactly 0 or exactly 1. At these denominators that is a small-sample boundary, not a skill level.",exactly 0 on 1 one_point_attempts
DEGENERATE_RATE_EXTREME,B,warn,player_season,2067,Zac Tucci,one_point_conversion_pct,0.0,4.0,"A rate of exactly 0 or exactly 1. At these denominators that is a small-sample boundary, not a skill level.",exactly 0 on 4 one_point_attempts
DEGENERATE_RATE_EXTREME,B,warn,player_season,2072,Brennan Kamish,one_point_conversion_pct,0.0,1.0,"A rate of exactly 0 or exactly 1. At these denominators that is a small-sample boundary, not a skill level.",exactly 0 on 1 one_point_attempts
DEGENERATE_RATE_EXTREME,B,warn,player_season,1773,Nick Washuta,save_pct,0.0,1.0,"A rate of exactly 0 or exactly 1. At these denominators that is a small-sample boundary, not a skill level.",exactly 0 on 1 saves+goals_allowed
DEGENERATE_RATE_EXTREME,B,warn,player_season,201,Adam Ghitelman,shooting_pct,0.0,2.0,"A rate of exactly 0 or exactly 1. At these denominators that is a small-sample boundary, not a skill level.",exactly 0 on 2 shots
DEGENERATE_RATE_EXTREME,B,warn,player_season,207,Dominique Alexander,shooting_pct,1.0,1.0,"A rate of exactly 0 or exactly 1. At these denominators that is a small-sample boundary, not a skill level.",exactly 1 on 1 shots
DEGENERATE_RATE_EXTREME,B,warn,player_season,211,Ian MacKay,shooting_pct,0.0,5.0,"A rate of exactly 0 or exactly 1. At these denominators that is a small-sample boundary, not a skill level.",exactly 0 on 5 shots
DEGENERATE_RATE_EXTREME,B,warn,player_season,213,Jerry Ragonese,shooting_pct,1.0,1.0,"A rate of exactly 0 or exactly 1. At these denominators that is a small-sample boundary, not a skill level.",exactly 1 on 1 shots
DEGENERATE_RATE_EXTREME,B,warn,player_season,258,Blaze Riorden,shooting_pct,0.0,3.0,"A rate of exactly 0 or exactly 1. At these denominators that is a small-sample boundary, not a skill level.",exactly 0 on 3 shots
DEGENERATE_RATE_EXTREME,B,warn,player_season,268,James Barclay,shooting_pct,0.0,1.0,"A rate of exactly 0 or exactly 1. At these denominators that is a small-sample boundary, not a skill level.",exactly 0 on 1 shots
DEGENERATE_RATE_EXTREME,B,warn,player_season,269,Jarrod Neumann,shooting_pct,0.0,7.0,"A rate of exactly 0 or exactly 1. At these denominators that is a small-sample boundary, not a skill level.",exactly 0 on 7 shots
DEGENERATE_RATE_EXTREME,B,warn,player_season,280,Thomas Kelly,shooting_pct,1.0,1.0,"A rate of exactly 0 or exactly 1. At these denominators that is a small-sample boundary, not a skill level.",exactly 1 on 1 shots
DEGENERATE_RATE_EXTREME,B,warn,player_season,310,Brent Adams,shooting_pct,0.0,2.0,"A rate of exactly 0 or exactly 1. At these denominators that is a small-sample boundary, not a skill level.",exactly 0 on 2 shots
DEGENERATE_RATE_EXTREME,B,warn,player_season,315,Garrett Epple,shooting_pct,0.0,1.0,"A rate of exactly 0 or exactly 1. At these denominators that is a small-sample boundary, not a skill level.",exactly 0 on 1 shots
DEGENERATE_RATE_EXTREME,B,warn,player_season,318,Jack Kelly,shooting_pct,0.0,1.0,"A rate of exactly 0 or exactly 1. At these denominators that is a small-sample boundary, not a skill level.",exactly 0 on 1 shots
DEGENERATE_RATE_EXTREME,B,warn,player_season,322,John Sexton,shooting_pct,0.0,3.0,"A rate of exactly 0 or exactly 1. At these denominators that is a small-sample boundary, not a skill level.",exactly 0 on 3 shots
DEGENERATE_RATE_EXTREME,B,warn,player_season,331,Patrick Harbeson,shooting_pct,0.0,1.0,"A rate of exactly 0 or exactly 1. At these denominators that is a small-sample boundary, not a skill level.",exactly 0 on 1 shots
DEGENERATE_RATE_EXTREME,B,warn,player_season,353,Kyle Bernlohr,shooting_pct,0.0,2.0,"A rate of exactly 0 or exactly 1. At these denominators that is a small-sample boundary, not a skill level.",exactly 0 on 2 shots
DEGENERATE_RATE_EXTREME,B,warn,player_season,355,Matthew Dunn,shooting_pct,0.0,1.0,"A rate of exactly 0 or exactly 1. At these denominators that is a small-sample boundary, not a skill level.",exactly 0 on 1 shots
DEGENERATE_RATE_EXTREME,B,warn,player_season,361,Tyler Warner,shooting_pct,1.0,1.0,"A rate of exactly 0 or exactly 1. At these denominators that is a small-sample boundary, not a skill level.",exactly 1 on 1 shots
DEGENERATE_RATE_EXTREME,B,warn,player_season,368,Chris Sabia,shooting_pct,0.0,3.0,"A rate of exactly 0 or exactly 1. At these denominators that is a small-sample boundary, not a skill level.",exactly 0 on 3 shots
DEGENERATE_RATE_EXTREME,B,warn,player_season,405,Jesse Bernhardt,shooting_pct,0.0,1.0,"A rate of exactly 0 or exactly 1. At these denominators that is a small-sample boundary, not a skill level.",exactly 0 on 1 shots
DEGENERATE_RATE_EXTREME,B,warn,player_season,407,TJ Comizio,shooting_pct,1.0,1.0,"A rate of exactly 0 or exactly 1. At these denominators that is a small-sample boundary, not a skill level.",exactly 1 on 1 shots
DEGENERATE_RATE_EXTREME,B,warn,player_season,434,Matt Abbott,shooting_pct,0.0,3.0,"A rate of exactly 0 or exactly 1. At these denominators that is a small-sample boundary, not a skill level.",exactly 0 on 3 shots
DEGENERATE_RATE_EXTREME,B,warn,player_season,700,Tommy Palasek,shooting_pct,0.0,3.0,"A rate of exactly 0 or exactly 1. At these denominators that is a small-sample boundary, not a skill level.",exactly 0 on 3 shots
DEGENERATE_RATE_EXTREME,B,warn,player_season,922,Graeme Hossack,shooting_pct,0.0,3.0,"A rate of exactly 0 or exactly 1. At these denominators that is a small-sample boundary, not a skill level.",exactly 0 on 3 shots
DEGENERATE_RATE_EXTREME,B,warn,player_season,925,Liam Byrnes,shooting_pct,0.0,5.0,"A rate of exactly 0 or exactly 1. At these denominators that is a small-sample boundary, not a skill level.",exactly 0 on 5 shots
DEGENERATE_RATE_EXTREME,B,warn,player_season,929,Matthew Hossack,shooting_pct,0.0,1.0,"A rate of exactly 0 or exactly 1. At these denominators that is a small-sample boundary, not a skill level.",exactly 0 on 1 shots
DEGENERATE_RATE_EXTREME,B,warn,player_season,1010,Isaiah Davis-Allen,shooting_pct,0.0,1.0,"A rate of exactly 0 or exactly 1. At these denominators that is a small-sample boundary, not a skill level.",exactly 0 on 1 shots
DEGENERATE_RATE_EXTREME,B,warn,player_season,1402,Max Adler,shooting_pct,0.0,3.0,"A rate of exactly 0 or exactly 1. At these denominators that is a small-sample boundary, not a skill level.",exactly 0 on 3 shots
DEGENERATE_RATE_EXTREME,B,warn,player_season,1417,Bryce Wasserman,shooting_pct,0.0,2.0,"A rate of exactly 0 or exactly 1. At these denominators that is a small-sample boundary, not a skill level.",exactly 0 on 2 shots
DEGENERATE_RATE_EXTREME,B,warn,player_season,1427,Nick Marrocco,shooting_pct,0.0,2.0,"A rate of exactly 0 or exactly 1. At these denominators that is a small-sample boundary, not a skill level.",exactly 0 on 2 shots
DEGENERATE_RATE_EXTREME,B,warn,player_season,1662,Andrew Kew,shooting_pct,0.0,4.0,"A rate of exactly 0 or exactly 1. At these denominators that is a small-sample boundary, not a skill level.",exactly 0 on 4 shots
DEGENERATE_RATE_EXTREME,B,warn,player_season,1760,Pat Aslanian,shooting_pct,0.0,1.0,"A rate of exactly 0 or exactly 1. At these denominators that is a small-sample boundary, not a skill level.",exactly 0 on 1 shots
DEGENERATE_RATE_EXTREME,B,warn,player_season,1811,JT Giles-Harris,shooting_pct,0.0,1.0,"A rate of exactly 0 or exactly 1. At these denominators that is a small-sample boundary, not a skill level.",exactly 0 on 1 shots
DEGENERATE_RATE_EXTREME,B,warn,player_season,1813,Jared Conners,shooting_pct,0.0,6.0,"A rate of exactly 0 or exactly 1. At these denominators that is a small-sample boundary, not a skill level.",exactly 0 on 6 shots
DEGENERATE_RATE_EXTREME,B,warn,player_season,2022,Zach Geddes,shooting_pct,0.0,2.0,"A rate of exactly 0 or exactly 1. At these denominators that is a small-sample boundary, not a skill level.",exactly 0 on 2 shots
DEGENERATE_RATE_EXTREME,B,warn,player_season,2036,Jake Higgins,shooting_pct,0.0,1.0,"A rate of exactly 0 or exactly 1. At these denominators that is a small-sample boundary, not a skill level.",exactly 0 on 1 shots
DEGENERATE_RATE_EXTREME,B,warn,player_season,2056,Matt Rahill,shooting_pct,0.0,1.0,"A rate of exactly 0 or exactly 1. At these denominators that is a small-sample boundary, not a skill level.",exactly 0 on 1 shots
DEGENERATE_RATE_EXTREME,B,warn,player_season,2062,Ryan Hallenbeck,shooting_pct,0.0,2.0,"A rate of exactly 0 or exactly 1. At these denominators that is a small-sample boundary, not a skill level.",exactly 0 on 2 shots
DEGENERATE_RATE_EXTREME,B,warn,player_season,2067,Zac Tucci,shooting_pct,0.0,5.0,"A rate of exactly 0 or exactly 1. At these denominators that is a small-sample boundary, not a skill level.",exactly 0 on 5 shots
DEGENERATE_RATE_EXTREME,B,warn,player_season,2072,Brennan Kamish,shooting_pct,0.0,1.0,"A rate of exactly 0 or exactly 1. At these denominators that is a small-sample boundary, not a skill level.",exactly 0 on 1 shots
DEGENERATE_RATE_EXTREME,B,warn,player_season,204,Christian Cuccinello,turnovers_per_touch,0.0,16.0,"A rate of exactly 0 or exactly 1. At these denominators that is a small-sample boundary, not a skill level.",exactly 0 on 16 touches
DEGENERATE_RATE_EXTREME,B,warn,player_season,213,Jerry Ragonese,turnovers_per_touch,0.0,2.0,"A rate of exactly 0 or exactly 1. At these denominators that is a small-sample boundary, not a skill level.",exactly 0 on 2 touches
DEGENERATE_RATE_EXTREME,B,warn,player_season,268,James Barclay,turnovers_per_touch,0.0,4.0,"A rate of exactly 0 or exactly 1. At these denominators that is a small-sample boundary, not a skill level.",exactly 0 on 4 touches
DEGENERATE_RATE_EXTREME,B,warn,player_season,310,Brent Adams,turnovers_per_touch,0.0,7.0,"A rate of exactly 0 or exactly 1. At these denominators that is a small-sample boundary, not a skill level.",exactly 0 on 7 touches
DEGENERATE_RATE_EXTREME,B,warn,player_season,331,Patrick Harbeson,turnovers_per_touch,0.0,23.0,"A rate of exactly 0 or exactly 1. At these denominators that is a small-sample boundary, not a skill level.",exactly 0 on 23 touches
DEGENERATE_RATE_EXTREME,B,warn,player_season,345,Jake Bernhardt,turnovers_per_touch,0.0,57.0,"A rate of exactly 0 or exactly 1. At these denominators that is a small-sample boundary, not a skill level.",exactly 0 on 57 touches
DEGENERATE_RATE_EXTREME,B,warn,player_season,407,TJ Comizio,turnovers_per_touch,0.0,6.0,"A rate of exactly 0 or exactly 1. At these denominators that is a small-sample boundary, not a skill level.",exactly 0 on 6 touches
DEGENERATE_RATE_EXTREME,B,warn,player_season,411,Christian Mazzone,turnovers_per_touch,0.0,6.0,"A rate of exactly 0 or exactly 1. At these denominators that is a small-sample boundary, not a skill level.",exactly 0 on 6 touches
DEGENERATE_RATE_EXTREME,B,warn,player_season,929,Matthew Hossack,turnovers_per_touch,0.0,6.0,"A rate of exactly 0 or exactly 1. At these denominators that is a small-sample boundary, not a skill level.",exactly 0 on 6 touches
DEGENERATE_RATE_EXTREME,B,warn,player_season,1414,Scott Hooper,turnovers_per_touch,0.0,2.0,"A rate of exactly 0 or exactly 1. At these denominators that is a small-sample boundary, not a skill level.",exactly 0 on 2 touches
DEGENERATE_RATE_EXTREME,B,warn,player_season,1427,Nick Marrocco,turnovers_per_touch,0.0,151.0,"A rate of exactly 0 or exactly 1. At these denominators that is a small-sample boundary, not a skill level.",exactly 0 on 151 touches
DEGENERATE_RATE_EXTREME,B,warn,player_season,1740,Andrew Newbold,turnovers_per_touch,0.0,9.0,"A rate of exactly 0 or exactly 1. At these denominators that is a small-sample boundary, not a skill level.",exactly 0 on 9 touches
DEGENERATE_RATE_EXTREME,B,warn,player_season,1818,Jake Carraway,turnovers_per_touch,0.0,33.0,"A rate of exactly 0 or exactly 1. At these denominators that is a small-sample boundary, not a skill level.",exactly 0 on 33 touches
DEGENERATE_RATE_EXTREME,B,warn,player_season,1826,Jeff Trainor,turnovers_per_touch,0.0,48.0,"A rate of exactly 0 or exactly 1. At these denominators that is a small-sample boundary, not a skill level.",exactly 0 on 48 touches
DEGENERATE_RATE_EXTREME,B,warn,player_season,2007,Charlie Kitchen,turnovers_per_touch,0.0,8.0,"A rate of exactly 0 or exactly 1. At these denominators that is a small-sample boundary, not a skill level.",exactly 0 on 8 touches
DEGENERATE_RATE_EXTREME,B,warn,player_season,2026,Brett Dobson,turnovers_per_touch,0.0,12.0,"A rate of exactly 0 or exactly 1. At these denominators that is a small-sample boundary, not a skill level.",exactly 0 on 12 touches
DEGENERATE_RATE_EXTREME,B,warn,player_season,2037,Bryan McIntosh,turnovers_per_touch,0.0,13.0,"A rate of exactly 0 or exactly 1. At these denominators that is a small-sample boundary, not a skill level.",exactly 0 on 13 touches
DEGENERATE_RATE_EXTREME,B,warn,player_season,2038,Colin Kirst,turnovers_per_touch,0.0,13.0,"A rate of exactly 0 or exactly 1. At these denominators that is a small-sample boundary, not a skill level.",exactly 0 on 13 touches
DEGENERATE_RATE_EXTREME,B,warn,player_season,2043,Ryan Aughavin,turnovers_per_touch,0.0,14.0,"A rate of exactly 0 or exactly 1. At these denominators that is a small-sample boundary, not a skill level.",exactly 0 on 14 touches
DEGENERATE_RATE_EXTREME,B,warn,player_season,2062,Ryan Hallenbeck,turnovers_per_touch,0.0,20.0,"A rate of exactly 0 or exactly 1. At these denominators that is a small-sample boundary, not a skill level.",exactly 0 on 20 touches
DEGENERATE_RATE_EXTREME,B,warn,player_season,2065,Anthony DeMaio,turnovers_per_touch,0.0,5.0,"A rate of exactly 0 or exactly 1. At these denominators that is a small-sample boundary, not a skill level.",exactly 0 on 5 touches
DEGENERATE_RATE_EXTREME,B,warn,player_season,2072,Brennan Kamish,turnovers_per_touch,0.0,32.0,"A rate of exactly 0 or exactly 1. At these denominators that is a small-sample boundary, not a skill level.",exactly 0 on 32 touches
DEGENERATE_RATE_EXTREME,B,warn,player_season,201,Adam Ghitelman,two_point_conversion_pct,0.0,2.0,"A rate of exactly 0 or exactly 1. At these denominators that is a small-sample boundary, not a skill level.",exactly 0 on 2 two_point_attempts
DEGENERATE_RATE_EXTREME,B,warn,player_season,211,Ian MacKay,two_point_conversion_pct,0.0,4.0,"A rate of exactly 0 or exactly 1. At these denominators that is a small-sample boundary, not a skill level.",exactly 0 on 4 two_point_attempts
DEGENERATE_RATE_EXTREME,B,warn,player_season,221,Ryan Ambler,two_point_conversion_pct,0.0,1.0,"A rate of exactly 0 or exactly 1. At these denominators that is a small-sample boundary, not a skill level.",exactly 0 on 1 two_point_attempts
DEGENERATE_RATE_EXTREME,B,warn,player_season,223,Scott Ratliff,two_point_conversion_pct,0.0,8.0,"A rate of exactly 0 or exactly 1. At these denominators that is a small-sample boundary, not a skill level.",exactly 0 on 8 two_point_attempts
DEGENERATE_RATE_EXTREME,B,warn,player_season,227,Will Manny,two_point_conversion_pct,0.0,3.0,"A rate of exactly 0 or exactly 1. At these denominators that is a small-sample boundary, not a skill level.",exactly 0 on 3 two_point_attempts
DEGENERATE_RATE_EXTREME,B,warn,player_season,231,Chris Cloutier,two_point_conversion_pct,0.0,1.0,"A rate of exactly 0 or exactly 1. At these denominators that is a small-sample boundary, not a skill level.",exactly 0 on 1 two_point_attempts
DEGENERATE_RATE_EXTREME,B,warn,player_season,235,Jake Richard,two_point_conversion_pct,0.0,3.0,"A rate of exactly 0 or exactly 1. At these denominators that is a small-sample boundary, not a skill level.",exactly 0 on 3 two_point_attempts
DEGENERATE_RATE_EXTREME,B,warn,player_season,238,John Crawley,two_point_conversion_pct,0.0,1.0,"A rate of exactly 0 or exactly 1. At these denominators that is a small-sample boundary, not a skill level.",exactly 0 on 1 two_point_attempts
DEGENERATE_RATE_EXTREME,B,warn,player_season,240,Kieran McArdle,two_point_conversion_pct,0.0,2.0,"A rate of exactly 0 or exactly 1. At these denominators that is a small-sample boundary, not a skill level.",exactly 0 on 2 two_point_attempts
DEGENERATE_RATE_EXTREME,B,warn,player_season,258,Blaze Riorden,two_point_conversion_pct,0.0,3.0,"A rate of exactly 0 or exactly 1. At these denominators that is a small-sample boundary, not a skill level.",exactly 0 on 3 two_point_attempts
DEGENERATE_RATE_EXTREME,B,warn,player_season,262,Connor Fields,two_point_conversion_pct,0.0,1.0,"A rate of exactly 0 or exactly 1. At these denominators that is a small-sample boundary, not a skill level.",exactly 0 on 1 two_point_attempts
DEGENERATE_RATE_EXTREME,B,warn,player_season,266,Dhane Smith,two_point_conversion_pct,0.0,1.0,"A rate of exactly 0 or exactly 1. At these denominators that is a small-sample boundary, not a skill level.",exactly 0 on 1 two_point_attempts
DEGENERATE_RATE_EXTREME,B,warn,player_season,269,Jarrod Neumann,two_point_conversion_pct,0.0,7.0,"A rate of exactly 0 or exactly 1. At these denominators that is a small-sample boundary, not a skill level.",exactly 0 on 7 two_point_attempts
DEGENERATE_RATE_EXTREME,B,warn,player_season,272,Josh Byrne,two_point_conversion_pct,0.0,1.0,"A rate of exactly 0 or exactly 1. At these denominators that is a small-sample boundary, not a skill level.",exactly 0 on 1 two_point_attempts
DEGENERATE_RATE_EXTREME,B,warn,player_season,275,Mark Glicini,two_point_conversion_pct,0.0,1.0,"A rate of exactly 0 or exactly 1. At these denominators that is a small-sample boundary, not a skill level.",exactly 0 on 1 two_point_attempts
DEGENERATE_RATE_EXTREME,B,warn,player_season,279,Patrick Resch,two_point_conversion_pct,0.0,2.0,"A rate of exactly 0 or exactly 1. At these denominators that is a small-sample boundary, not a skill level.",exactly 0 on 2 two_point_attempts
DEGENERATE_RATE_EXTREME,B,warn,player_season,281,Troy Reh,two_point_conversion_pct,0.0,2.0,"A rate of exactly 0 or exactly 1. At these denominators that is a small-sample boundary, not a skill level.",exactly 0 on 2 two_point_attempts
DEGENERATE_RATE_EXTREME,B,warn,player_season,295,Jordan MacIntosh,two_point_conversion_pct,1.0,1.0,"A rate of exactly 0 or exactly 1. At these denominators that is a small-sample boundary, not a skill level.",exactly 1 on 1 two_point_attempts
DEGENERATE_RATE_EXTREME,B,warn,player_season,302,Michael Manley,two_point_conversion_pct,0.0,4.0,"A rate of exactly 0 or exactly 1. At these denominators that is a small-sample boundary, not a skill level.",exactly 0 on 4 two_point_attempts
DEGENERATE_RATE_EXTREME,B,warn,player_season,308,Will Haus,two_point_conversion_pct,0.0,1.0,"A rate of exactly 0 or exactly 1. At these denominators that is a small-sample boundary, not a skill level.",exactly 0 on 1 two_point_attempts
DEGENERATE_RATE_EXTREME,B,warn,player_season,315,Garrett Epple,two_point_conversion_pct,0.0,1.0,"A rate of exactly 0 or exactly 1. At these denominators that is a small-sample boundary, not a skill level.",exactly 0 on 1 two_point_attempts
DEGENERATE_RATE_EXTREME,B,warn,player_season,318,Jack Kelly,two_point_conversion_pct,0.0,1.0,"A rate of exactly 0 or exactly 1. At these denominators that is a small-sample boundary, not a skill level.",exactly 0 on 1 two_point_attempts
DEGENERATE_RATE_EXTREME,B,warn,player_season,322,John Sexton,two_point_conversion_pct,0.0,3.0,"A rate of exactly 0 or exactly 1. At these denominators that is a small-sample boundary, not a skill level.",exactly 0 on 3 two_point_attempts
DEGENERATE_RATE_EXTREME,B,warn,player_season,353,Kyle Bernlohr,two_point_conversion_pct,0.0,2.0,"A rate of exactly 0 or exactly 1. At these denominators that is a small-sample boundary, not a skill level.",exactly 0 on 2 two_point_attempts
DEGENERATE_RATE_EXTREME,B,warn,player_season,358,Ryan Drenner,two_point_conversion_pct,0.0,3.0,"A rate of exactly 0 or exactly 1. At these denominators that is a small-sample boundary, not a skill level.",exactly 0 on 3 two_point_attempts
DEGENERATE_RATE_EXTREME,B,warn,player_season,365,Jack Rowlett,two_point_conversion_pct,0.0,2.0,"A rate of exactly 0 or exactly 1. At these denominators that is a small-sample boundary, not a skill level.",exactly 0 on 2 two_point_attempts
DEGENERATE_RATE_EXTREME,B,warn,player_season,366,Connor Farrell,two_point_conversion_pct,0.0,2.0,"A rate of exactly 0 or exactly 1. At these denominators that is a small-sample boundary, not a skill level.",exactly 0 on 2 two_point_attempts
DEGENERATE_RATE_EXTREME,B,warn,player_season,368,Chris Sabia,two_point_conversion_pct,0.0,1.0,"A rate of exactly 0 or exactly 1. At these denominators that is a small-sample boundary, not a skill level.",exactly 0 on 1 two_point_attempts
DEGENERATE_RATE_EXTREME,B,warn,player_season,373,Ryder Garnsey,two_point_conversion_pct,0.0,1.0,"A rate of exactly 0 or exactly 1. At these denominators that is a small-sample boundary, not a skill level.",exactly 0 on 1 two_point_attempts
DEGENERATE_RATE_EXTREME,B,warn,player_season,405,Jesse Bernhardt,two_point_conversion_pct,0.0,1.0,"A rate of exactly 0 or exactly 1. At these denominators that is a small-sample boundary, not a skill level.",exactly 0 on 1 two_point_attempts
DEGENERATE_RATE_EXTREME,B,warn,player_season,409,Zach Currier,two_point_conversion_pct,0.0,2.0,"A rate of exactly 0 or exactly 1. At these denominators that is a small-sample boundary, not a skill level.",exactly 0 on 2 two_point_attempts
DEGENERATE_RATE_EXTREME,B,warn,player_season,410,Eli Gobrecht,two_point_conversion_pct,0.0,1.0,"A rate of exactly 0 or exactly 1. At these denominators that is a small-sample boundary, not a skill level.",exactly 0 on 1 two_point_attempts
DEGENERATE_RATE_EXTREME,B,warn,player_season,414,Rob Pannell,two_point_conversion_pct,0.0,3.0,"A rate of exactly 0 or exactly 1. At these denominators that is a small-sample boundary, not a skill level.",exactly 0 on 3 two_point_attempts
DEGENERATE_RATE_EXTREME,B,warn,player_season,419,Zed Williams,two_point_conversion_pct,0.0,1.0,"A rate of exactly 0 or exactly 1. At these denominators that is a small-sample boundary, not a skill level.",exactly 0 on 1 two_point_attempts
DEGENERATE_RATE_EXTREME,B,warn,player_season,424,Jake Pulver,two_point_conversion_pct,0.0,3.0,"A rate of exactly 0 or exactly 1. At these denominators that is a small-sample boundary, not a skill level.",exactly 0 on 3 two_point_attempts
DEGENERATE_RATE_EXTREME,B,warn,player_season,434,Matt Abbott,two_point_conversion_pct,0.0,1.0,"A rate of exactly 0 or exactly 1. At these denominators that is a small-sample boundary, not a skill level.",exactly 0 on 1 two_point_attempts
DEGENERATE_RATE_EXTREME,B,warn,player_season,922,Graeme Hossack,two_point_conversion_pct,0.0,2.0,"A rate of exactly 0 or exactly 1. At these denominators that is a small-sample boundary, not a skill level.",exactly 0 on 2 two_point_attempts
DEGENERATE_RATE_EXTREME,B,warn,player_season,925,Liam Byrnes,two_point_conversion_pct,0.0,2.0,"A rate of exactly 0 or exactly 1. At these denominators that is a small-sample boundary, not a skill level.",exactly 0 on 2 two_point_attempts
DEGENERATE_RATE_EXTREME,B,warn,player_season,929,Matthew Hossack,two_point_conversion_pct,0.0,1.0,"A rate of exactly 0 or exactly 1. At these denominators that is a small-sample boundary, not a skill level.",exactly 0 on 1 two_point_attempts
DEGENERATE_RATE_EXTREME,B,warn,player_season,1001,Dylan Molloy,two_point_conversion_pct,0.0,1.0,"A rate of exactly 0 or exactly 1. At these denominators that is a small-sample boundary, not a skill level.",exactly 0 on 1 two_point_attempts
DEGENERATE_RATE_EXTREME,B,warn,player_season,1009,Colin Heacock,two_point_conversion_pct,0.0,1.0,"A rate of exactly 0 or exactly 1. At these denominators that is a small-sample boundary, not a skill level.",exactly 0 on 1 two_point_attempts
DEGENERATE_RATE_EXTREME,B,warn,player_season,1020,Mike Messenger,two_point_conversion_pct,0.0,1.0,"A rate of exactly 0 or exactly 1. At these denominators that is a small-sample boundary, not a skill level.",exactly 0 on 1 two_point_attempts
DEGENERATE_RATE_EXTREME,B,warn,player_season,1406,Ben Randall,two_point_conversion_pct,0.0,1.0,"A rate of exactly 0 or exactly 1. At these denominators that is a small-sample boundary, not a skill level.",exactly 0 on 1 two_point_attempts
DEGENERATE_RATE_EXTREME,B,warn,player_season,1427,Nick Marrocco,two_point_conversion_pct,0.0,2.0,"A rate of exactly 0 or exactly 1. At these denominators that is a small-sample boundary, not a skill level.",exactly 0 on 2 two_point_attempts
DEGENERATE_RATE_EXTREME,B,warn,player_season,1662,Andrew Kew,two_point_conversion_pct,0.0,1.0,"A rate of exactly 0 or exactly 1. At these denominators that is a small-sample boundary, not a skill level.",exactly 0 on 1 two_point_attempts
DEGENERATE_RATE_EXTREME,B,warn,player_season,1671,Zach Goodrich,two_point_conversion_pct,0.0,1.0,"A rate of exactly 0 or exactly 1. At these denominators that is a small-sample boundary, not a skill level.",exactly 0 on 1 two_point_attempts
DEGENERATE_RATE_EXTREME,B,warn,player_season,1707,Matt Whitcher,two_point_conversion_pct,0.0,1.0,"A rate of exactly 0 or exactly 1. At these denominators that is a small-sample boundary, not a skill level.",exactly 0 on 1 two_point_attempts
DEGENERATE_RATE_EXTREME,B,warn,player_season,1729,Chris Aslanian,two_point_conversion_pct,0.0,4.0,"A rate of exactly 0 or exactly 1. At these denominators that is a small-sample boundary, not a skill level.",exactly 0 on 4 two_point_attempts
DEGENERATE_RATE_EXTREME,B,warn,player_season,1740,Andrew Newbold,two_point_conversion_pct,0.0,1.0,"A rate of exactly 0 or exactly 1. At these denominators that is a small-sample boundary, not a skill level.",exactly 0 on 1 two_point_attempts
DEGENERATE_RATE_EXTREME,B,warn,player_season,1809,Jeff Teat,two_point_conversion_pct,1.0,1.0,"A rate of exactly 0 or exactly 1. At these denominators that is a small-sample boundary, not a skill level.",exactly 1 on 1 two_point_attempts
DEGENERATE_RATE_EXTREME,B,warn,player_season,1810,Michael Sowers,two_point_conversion_pct,0.0,2.0,"A rate of exactly 0 or exactly 1. At these denominators that is a small-sample boundary, not a skill level.",exactly 0 on 2 two_point_attempts
DEGENERATE_RATE_EXTREME,B,warn,player_season,1813,Jared Conners,two_point_conversion_pct,0.0,3.0,"A rate of exactly 0 or exactly 1. At these denominators that is a small-sample boundary, not a skill level.",exactly 0 on 3 two_point_attempts
DEGENERATE_RATE_EXTREME,B,warn,player_season,1816,Dox Aitken,two_point_conversion_pct,0.0,1.0,"A rate of exactly 0 or exactly 1. At these denominators that is a small-sample boundary, not a skill level.",exactly 0 on 1 two_point_attempts
DEGENERATE_RATE_EXTREME,B,warn,player_season,1818,Jake Carraway,two_point_conversion_pct,0.0,2.0,"A rate of exactly 0 or exactly 1. At these denominators that is a small-sample boundary, not a skill level.",exactly 0 on 2 two_point_attempts
DEGENERATE_RATE_EXTREME,B,warn,player_season,1821,Tre Leclaire,two_point_conversion_pct,0.0,1.0,"A rate of exactly 0 or exactly 1. At these denominators that is a small-sample boundary, not a skill level.",exactly 0 on 1 two_point_attempts
DEGENERATE_RATE_EXTREME,B,warn,player_season,1824,Ryan Tierney,two_point_conversion_pct,0.0,1.0,"A rate of exactly 0 or exactly 1. At these denominators that is a small-sample boundary, not a skill level.",exactly 0 on 1 two_point_attempts
DEGENERATE_RATE_EXTREME,B,warn,player_season,1832,Charlie Bertrand,two_point_conversion_pct,0.0,2.0,"A rate of exactly 0 or exactly 1. At these denominators that is a small-sample boundary, not a skill level.",exactly 0 on 2 two_point_attempts
DEGENERATE_RATE_EXTREME,B,warn,player_season,2001,Kevin Rogers,two_point_conversion_pct,0.0,1.0,"A rate of exactly 0 or exactly 1. At these denominators that is a small-sample boundary, not a skill level.",exactly 0 on 1 two_point_attempts
DEGENERATE_RATE_EXTREME,B,warn,player_season,2015,Logan Wisnauskas,two_point_conversion_pct,0.0,1.0,"A rate of exactly 0 or exactly 1. At these denominators that is a small-sample boundary, not a skill level.",exactly 0 on 1 two_point_attempts
DEGENERATE_RATE_EXTREME,B,warn,player_season,2018,Matt Moore,two_point_conversion_pct,0.0,5.0,"A rate of exactly 0 or exactly 1. At these denominators that is a small-sample boundary, not a skill level.",exactly 0 on 5 two_point_attempts
DEGENERATE_RATE_EXTREME,B,warn,player_season,2022,Zach Geddes,two_point_conversion_pct,0.0,1.0,"A rate of exactly 0 or exactly 1. At these denominators that is a small-sample boundary, not a skill level.",exactly 0 on 1 two_point_attempts
DEGENERATE_RATE_EXTREME,B,warn,player_season,2023,Brendan Nichtern,two_point_conversion_pct,0.0,2.0,"A rate of exactly 0 or exactly 1. At these denominators that is a small-sample boundary, not a skill level.",exactly 0 on 2 two_point_attempts
DEGENERATE_RATE_EXTREME,B,warn,player_season,2025,Bubba Fairman,two_point_conversion_pct,0.0,1.0,"A rate of exactly 0 or exactly 1. At these denominators that is a small-sample boundary, not a skill level.",exactly 0 on 1 two_point_attempts
DEGENERATE_RATE_EXTREME,B,warn,player_season,2028,Jack Hannah,two_point_conversion_pct,0.0,3.0,"A rate of exactly 0 or exactly 1. At these denominators that is a small-sample boundary, not a skill level.",exactly 0 on 3 two_point_attempts
DEGENERATE_RATE_EXTREME,B,warn,player_season,2029,Wheaton Jackoboice,two_point_conversion_pct,0.0,1.0,"A rate of exactly 0 or exactly 1. At these denominators that is a small-sample boundary, not a skill level.",exactly 0 on 1 two_point_attempts
DEGENERATE_RATE_EXTREME,B,warn,player_season,2043,Ryan Aughavin,two_point_conversion_pct,1.0,1.0,"A rate of exactly 0 or exactly 1. At these denominators that is a small-sample boundary, not a skill level.",exactly 1 on 1 two_point_attempts
DEGENERATE_RATE_EXTREME,B,warn,player_season,2051,Connor DeSimone,two_point_conversion_pct,0.0,1.0,"A rate of exactly 0 or exactly 1. At these denominators that is a small-sample boundary, not a skill level.",exactly 0 on 1 two_point_attempts
DEGENERATE_RATE_EXTREME,B,warn,player_season,2056,Matt Rahill,two_point_conversion_pct,0.0,1.0,"A rate of exactly 0 or exactly 1. At these denominators that is a small-sample boundary, not a skill level.",exactly 0 on 1 two_point_attempts
DEGENERATE_RATE_EXTREME,B,warn,player_season,2062,Ryan Hallenbeck,two_point_conversion_pct,0.0,1.0,"A rate of exactly 0 or exactly 1. At these denominators that is a small-sample boundary, not a skill level.",exactly 0 on 1 two_point_attempts
DEGENERATE_RATE_EXTREME,B,warn,player_season,2067,Zac Tucci,two_point_conversion_pct,0.0,1.0,"A rate of exactly 0 or exactly 1. At these denominators that is a small-sample boundary, not a skill level.",exactly 0 on 1 two_point_attempts
OFFICIAL_SOURCE_DISAGREEMENT,D,warn,player_season,350,Joseph Nardella,faceoff_wins + faceoff_losses = faceoffs,1.0,253.0,"The official box score does not internally reconcile. Reported, never corrected: the official figure is the published figure.",official box score records 1 more faceoffs than wins plus losses; faceoff_win_pct divides by the larger denominator and is therefore slightly conservative
OFFICIAL_SOURCE_DISAGREEMENT,D,warn,player_season,366,Connor Farrell,faceoff_wins + faceoff_losses = faceoffs,1.0,250.0,"The official box score does not internally reconcile. Reported, never corrected: the official figure is the published figure.",official box score records 1 more faceoffs than wins plus losses; faceoff_win_pct divides by the larger denominator and is therefore slightly conservative
OFFICIAL_SOURCE_DISAGREEMENT,D,warn,player_season,427,Jake Withers,faceoff_wins + faceoff_losses = faceoffs,2.0,226.0,"The official box score does not internally reconcile. Reported, never corrected: the official figure is the published figure.",official box score records 2 more faceoffs than wins plus losses; faceoff_win_pct divides by the larger denominator and is therefore slightly conservative
OFFICIAL_SOURCE_DISAGREEMENT,D,warn,player_season,922,Graeme Hossack,faceoff_wins + faceoff_losses = faceoffs,1.0,33.0,"The official box score does not internally reconcile. Reported, never corrected: the official figure is the published figure.",official box score records 1 more faceoffs than wins plus losses; faceoff_win_pct divides by the larger denominator and is therefore slightly conservative
OFFICIAL_SOURCE_DISAGREEMENT,D,warn,player_season,1402,Max Adler,faceoff_wins + faceoff_losses = faceoffs,1.0,151.0,"The official box score does not internally reconcile. Reported, never corrected: the official figure is the published figure.",official box score records 1 more faceoffs than wins plus losses; faceoff_win_pct divides by the larger denominator and is therefore slightly conservative
OFFICIAL_SOURCE_DISAGREEMENT,D,warn,player_season,1812,TD Ierlan,faceoff_wins + faceoff_losses = faceoffs,3.0,276.0,"The official box score does not internally reconcile. Reported, never corrected: the official figure is the published figure.",official box score records 3 more faceoffs than wins plus losses; faceoff_win_pct divides by the larger denominator and is therefore slightly conservative
OFFICIAL_SOURCE_DISAGREEMENT,D,warn,player_season,2032,Justin Inacio,faceoff_wins + faceoff_losses = faceoffs,1.0,225.0,"The official box score does not internally reconcile. Reported, never corrected: the official figure is the published figure.",official box score records 1 more faceoffs than wins plus losses; faceoff_win_pct divides by the larger denominator and is therefore slightly conservative
OFFICIAL_SOURCE_DISAGREEMENT,D,warn,player_season,2067,Zac Tucci,faceoff_wins + faceoff_losses = faceoffs,2.0,109.0,"The official box score does not internally reconcile. Reported, never corrected: the official figure is the published figure.",official box score records 2 more faceoffs than wins plus losses; faceoff_win_pct divides by the larger denominator and is therefore slightly conservative
OFFICIAL_SOURCE_DISAGREEMENT,D,warn,team_season,ARC,Archers,faceoff_wins + faceoff_losses = faceoffs,2.0,311.0,"The official box score does not internally reconcile. Reported, never corrected: the official figure is the published figure.",official box score records 2 more faceoffs than wins plus losses; faceoff_win_pct divides by the larger denominator and is therefore slightly conservative
OFFICIAL_SOURCE_DISAGREEMENT,D,warn,team_season,CHA,Chaos,faceoff_wins + faceoff_losses = faceoffs,1.0,315.0,"The official box score does not internally reconcile. Reported, never corrected: the official figure is the published figure.",official box score records 1 more faceoffs than wins plus losses; faceoff_win_pct divides by the larger denominator and is therefore slightly conservative
OFFICIAL_SOURCE_DISAGREEMENT,D,warn,team_season,CHR,Chrome,faceoff_wins + faceoff_losses = faceoffs,1.0,270.0,"The official box score does not internally reconcile. Reported, never corrected: the official figure is the published figure.",official box score records 1 more faceoffs than wins plus losses; faceoff_win_pct divides by the larger denominator and is therefore slightly conservative
OFFICIAL_SOURCE_DISAGREEMENT,D,warn,team_season,RED,Redwoods,faceoff_wins + faceoff_losses = faceoffs,3.0,288.0,"The official box score does not internally reconcile. Reported, never corrected: the official figure is the published figure.",official box score records 3 more faceoffs than wins plus losses; faceoff_win_pct divides by the larger denominator and is therefore slightly conservative
OFFICIAL_SOURCE_DISAGREEMENT,D,warn,team_season,WAT,Waterdogs,faceoff_wins + faceoff_losses = faceoffs,4.0,371.0,"The official box score does not internally reconcile. Reported, never corrected: the official figure is the published figure.",official box score records 4 more faceoffs than wins plus losses; faceoff_win_pct divides by the larger denominator and is therefore slightly conservative
OFFICIAL_SOURCE_DISAGREEMENT,D,warn,team_season,WHP,Whipsnakes,faceoff_wins + faceoff_losses = faceoffs,1.0,266.0,"The official box score does not internally reconcile. Reported, never corrected: the official figure is the published figure.",official box score records 1 more faceoffs than wins plus losses; faceoff_win_pct divides by the larger denominator and is therefore slightly conservative
RAW_SHRUNK_ORDER_FLIP,B,warn,player_season,353,Kyle Bernlohr,save_pct,0.5683760683760684,234.0,The raw leader is not the shrunk leader. Both are correct answers to different questions; the gap is the small-sample premium.,raw leader Kyle Bernlohr (0.568 on 234); shrunk leader Blaze Riorden (0.541 on 321)
RAW_SHRUNK_ORDER_FLIP,B,warn,player_season,207,Dominique Alexander,shooting_pct,1.0,1.0,The raw leader is not the shrunk leader. Both are correct answers to different questions; the gap is the small-sample premium.,raw leader Dominique Alexander (1.000 on 1); shrunk leader Eric Law (0.327 on 36)
SMALL_SAMPLE_LEADER,B,warn,player_season,207,Dominique Alexander,one_point_conversion_pct,1.0,1.0,Leads an unqualified (scope=ALL) rate leaderboard on a denominator below the metric's own reliability-0.5 trial count. The rank is real; the implied ability claim is not.,rank 1 of 156 on 1 one_point_attempts; reliability 0.5 for one_point_pct needs 163.2
SMALL_SAMPLE_LEADER,B,warn,player_season,213,Jerry Ragonese,one_point_conversion_pct,1.0,1.0,Leads an unqualified (scope=ALL) rate leaderboard on a denominator below the metric's own reliability-0.5 trial count. The rank is real; the implied ability claim is not.,rank 1 of 156 on 1 one_point_attempts; reliability 0.5 for one_point_pct needs 163.2
SMALL_SAMPLE_LEADER,B,warn,player_season,242,Kyle Hartzell,one_point_conversion_pct,1.0,1.0,Leads an unqualified (scope=ALL) rate leaderboard on a denominator below the metric's own reliability-0.5 trial count. The rank is real; the implied ability claim is not.,rank 1 of 156 on 1 one_point_attempts; reliability 0.5 for one_point_pct needs 163.2
SMALL_SAMPLE_LEADER,B,warn,player_season,275,Mark Glicini,one_point_conversion_pct,1.0,1.0,Leads an unqualified (scope=ALL) rate leaderboard on a denominator below the metric's own reliability-0.5 trial count. The rank is real; the implied ability claim is not.,rank 1 of 156 on 1 one_point_attempts; reliability 0.5 for one_point_pct needs 163.2
SMALL_SAMPLE_LEADER,B,warn,player_season,280,Thomas Kelly,one_point_conversion_pct,1.0,1.0,Leads an unqualified (scope=ALL) rate leaderboard on a denominator below the metric's own reliability-0.5 trial count. The rank is real; the implied ability claim is not.,rank 1 of 156 on 1 one_point_attempts; reliability 0.5 for one_point_pct needs 163.2
SMALL_SAMPLE_LEADER,B,warn,player_season,361,Tyler Warner,one_point_conversion_pct,1.0,1.0,Leads an unqualified (scope=ALL) rate leaderboard on a denominator below the metric's own reliability-0.5 trial count. The rank is real; the implied ability claim is not.,rank 1 of 156 on 1 one_point_attempts; reliability 0.5 for one_point_pct needs 163.2
SMALL_SAMPLE_LEADER,B,warn,player_season,365,Jack Rowlett,one_point_conversion_pct,1.0,1.0,Leads an unqualified (scope=ALL) rate leaderboard on a denominator below the metric's own reliability-0.5 trial count. The rank is real; the implied ability claim is not.,rank 1 of 156 on 1 one_point_attempts; reliability 0.5 for one_point_pct needs 163.2
SMALL_SAMPLE_LEADER,B,warn,player_season,407,TJ Comizio,one_point_conversion_pct,1.0,1.0,Leads an unqualified (scope=ALL) rate leaderboard on a denominator below the metric's own reliability-0.5 trial count. The rank is real; the implied ability claim is not.,rank 1 of 156 on 1 one_point_attempts; reliability 0.5 for one_point_pct needs 163.2
SMALL_SAMPLE_LEADER,B,warn,player_season,207,Dominique Alexander,points_per_shot,1.0,1.0,Leads an unqualified (scope=ALL) rate leaderboard on a denominator below the metric's own reliability-0.5 trial count. The rank is real; the implied ability claim is not.,rank 1 of 168 on 1 shots; reliability 0.5 for shooting_pct needs 154.9
SMALL_SAMPLE_LEADER,B,warn,player_season,213,Jerry Ragonese,points_per_shot,1.0,1.0,Leads an unqualified (scope=ALL) rate leaderboard on a denominator below the metric's own reliability-0.5 trial count. The rank is real; the implied ability claim is not.,rank 1 of 168 on 1 shots; reliability 0.5 for shooting_pct needs 154.9
SMALL_SAMPLE_LEADER,B,warn,player_season,280,Thomas Kelly,points_per_shot,1.0,1.0,Leads an unqualified (scope=ALL) rate leaderboard on a denominator below the metric's own reliability-0.5 trial count. The rank is real; the implied ability claim is not.,rank 1 of 168 on 1 shots; reliability 0.5 for shooting_pct needs 154.9
SMALL_SAMPLE_LEADER,B,warn,player_season,361,Tyler Warner,points_per_shot,1.0,1.0,Leads an unqualified (scope=ALL) rate leaderboard on a denominator below the metric's own reliability-0.5 trial count. The rank is real; the implied ability claim is not.,rank 1 of 168 on 1 shots; reliability 0.5 for shooting_pct needs 154.9
SMALL_SAMPLE_LEADER,B,warn,player_season,407,TJ Comizio,points_per_shot,1.0,1.0,Leads an unqualified (scope=ALL) rate leaderboard on a denominator below the metric's own reliability-0.5 trial count. The rank is real; the implied ability claim is not.,rank 1 of 168 on 1 shots; reliability 0.5 for shooting_pct needs 154.9
SMALL_SAMPLE_LEADER,B,warn,player_season,2019,Koby Smith,points_per_shot,1.0,5.0,Leads an unqualified (scope=ALL) rate leaderboard on a denominator below the metric's own reliability-0.5 trial count. The rank is real; the implied ability claim is not.,rank 1 of 168 on 5 shots; reliability 0.5 for shooting_pct needs 154.9
SMALL_SAMPLE_LEADER,B,warn,player_season,258,Blaze Riorden,save_pct,0.5669781931464174,321.0,Leads an unqualified (scope=ALL) rate leaderboard on a denominator below the metric's own reliability-0.5 trial count. The rank is real; the implied ability claim is not.,rank 2 of 14 on 321 saves+goals_allowed; reliability 0.5 for save_pct needs 412.1
SMALL_SAMPLE_LEADER,B,warn,player_season,353,Kyle Bernlohr,save_pct,0.5683760683760684,234.0,Leads an unqualified (scope=ALL) rate leaderboard on a denominator below the metric's own reliability-0.5 trial count. The rank is real; the implied ability claim is not.,rank 1 of 14 on 234 saves+goals_allowed; reliability 0.5 for save_pct needs 412.1
SMALL_SAMPLE_LEADER,B,warn,player_season,1724,Sean Sconone,save_pct,0.5427350427350427,234.0,Leads an unqualified (scope=ALL) rate leaderboard on a denominator below the metric's own reliability-0.5 trial count. The rank is real; the implied ability claim is not.,rank 3 of 14 on 234 saves+goals_allowed; reliability 0.5 for save_pct needs 412.1
SMALL_SAMPLE_LEADER,B,warn,player_season,207,Dominique Alexander,shooting_pct,1.0,1.0,Leads an unqualified (scope=ALL) rate leaderboard on a denominator below the metric's own reliability-0.5 trial count. The rank is real; the implied ability claim is not.,rank 1 of 168 on 1 shots; reliability 0.5 for shooting_pct needs 154.9
SMALL_SAMPLE_LEADER,B,warn,player_season,213,Jerry Ragonese,shooting_pct,1.0,1.0,Leads an unqualified (scope=ALL) rate leaderboard on a denominator below the metric's own reliability-0.5 trial count. The rank is real; the implied ability claim is not.,rank 1 of 168 on 1 shots; reliability 0.5 for shooting_pct needs 154.9
SMALL_SAMPLE_LEADER,B,warn,player_season,280,Thomas Kelly,shooting_pct,1.0,1.0,Leads an unqualified (scope=ALL) rate leaderboard on a denominator below the metric's own reliability-0.5 trial count. The rank is real; the implied ability claim is not.,rank 1 of 168 on 1 shots; reliability 0.5 for shooting_pct needs 154.9
SMALL_SAMPLE_LEADER,B,warn,player_season,361,Tyler Warner,shooting_pct,1.0,1.0,Leads an unqualified (scope=ALL) rate leaderboard on a denominator below the metric's own reliability-0.5 trial count. The rank is real; the implied ability claim is not.,rank 1 of 168 on 1 shots; reliability 0.5 for shooting_pct needs 154.9
SMALL_SAMPLE_LEADER,B,warn,player_season,407,TJ Comizio,shooting_pct,1.0,1.0,Leads an unqualified (scope=ALL) rate leaderboard on a denominator below the metric's own reliability-0.5 trial count. The rank is real; the implied ability claim is not.,rank 1 of 168 on 1 shots; reliability 0.5 for shooting_pct needs 154.9
SMALL_SAMPLE_LEADER,B,warn,player_season,207,Dominique Alexander,shots_on_goal_pct,1.0,1.0,Leads an unqualified (scope=ALL) rate leaderboard on a denominator below the metric's own reliability-0.5 trial count. The rank is real; the implied ability claim is not.,rank 1 of 168 on 1 shots; reliability 0.5 for shooting_pct needs 154.9
SMALL_SAMPLE_LEADER,B,warn,player_season,213,Jerry Ragonese,shots_on_goal_pct,1.0,1.0,Leads an unqualified (scope=ALL) rate leaderboard on a denominator below the metric's own reliability-0.5 trial count. The rank is real; the implied ability claim is not.,rank 1 of 168 on 1 shots; reliability 0.5 for shooting_pct needs 154.9
SMALL_SAMPLE_LEADER,B,warn,player_season,251,Steven DeNapoli,shots_on_goal_pct,1.0,4.0,Leads an unqualified (scope=ALL) rate leaderboard on a denominator below the metric's own reliability-0.5 trial count. The rank is real; the implied ability claim is not.,rank 1 of 168 on 4 shots; reliability 0.5 for shooting_pct needs 154.9
SMALL_SAMPLE_LEADER,B,warn,player_season,268,James Barclay,shots_on_goal_pct,1.0,1.0,Leads an unqualified (scope=ALL) rate leaderboard on a denominator below the metric's own reliability-0.5 trial count. The rank is real; the implied ability claim is not.,rank 1 of 168 on 1 shots; reliability 0.5 for shooting_pct needs 154.9
SMALL_SAMPLE_LEADER,B,warn,player_season,275,Mark Glicini,shots_on_goal_pct,1.0,2.0,Leads an unqualified (scope=ALL) rate leaderboard on a denominator below the metric's own reliability-0.5 trial count. The rank is real; the implied ability claim is not.,rank 1 of 168 on 2 shots; reliability 0.5 for shooting_pct needs 154.9
SMALL_SAMPLE_LEADER,B,warn,player_season,280,Thomas Kelly,shots_on_goal_pct,1.0,1.0,Leads an unqualified (scope=ALL) rate leaderboard on a denominator below the metric's own reliability-0.5 trial count. The rank is real; the implied ability claim is not.,rank 1 of 168 on 1 shots; reliability 0.5 for shooting_pct needs 154.9
SMALL_SAMPLE_LEADER,B,warn,player_season,281,Troy Reh,shots_on_goal_pct,1.0,4.0,Leads an unqualified (scope=ALL) rate leaderboard on a denominator below the metric's own reliability-0.5 trial count. The rank is real; the implied ability claim is not.,rank 1 of 168 on 4 shots; reliability 0.5 for shooting_pct needs 154.9
SMALL_SAMPLE_LEADER,B,warn,player_season,314,Eddy Glazener,shots_on_goal_pct,1.0,6.0,Leads an unqualified (scope=ALL) rate leaderboard on a denominator below the metric's own reliability-0.5 trial count. The rank is real; the implied ability claim is not.,rank 1 of 168 on 6 shots; reliability 0.5 for shooting_pct needs 154.9
SMALL_SAMPLE_LEADER,B,warn,player_season,318,Jack Kelly,shots_on_goal_pct,1.0,1.0,Leads an unqualified (scope=ALL) rate leaderboard on a denominator below the metric's own reliability-0.5 trial count. The rank is real; the implied ability claim is not.,rank 1 of 168 on 1 shots; reliability 0.5 for shooting_pct needs 154.9
SMALL_SAMPLE_LEADER,B,warn,player_season,331,Patrick Harbeson,shots_on_goal_pct,1.0,1.0,Leads an unqualified (scope=ALL) rate leaderboard on a denominator below the metric's own reliability-0.5 trial count. The rank is real; the implied ability claim is not.,rank 1 of 168 on 1 shots; reliability 0.5 for shooting_pct needs 154.9
SMALL_SAMPLE_LEADER,B,warn,player_season,345,Jake Bernhardt,shots_on_goal_pct,1.0,3.0,Leads an unqualified (scope=ALL) rate leaderboard on a denominator below the metric's own reliability-0.5 trial count. The rank is real; the implied ability claim is not.,rank 1 of 168 on 3 shots; reliability 0.5 for shooting_pct needs 154.9
SMALL_SAMPLE_LEADER,B,warn,player_season,355,Matthew Dunn,shots_on_goal_pct,1.0,1.0,Leads an unqualified (scope=ALL) rate leaderboard on a denominator below the metric's own reliability-0.5 trial count. The rank is real; the implied ability claim is not.,rank 1 of 168 on 1 shots; reliability 0.5 for shooting_pct needs 154.9
SMALL_SAMPLE_LEADER,B,warn,player_season,361,Tyler Warner,shots_on_goal_pct,1.0,1.0,Leads an unqualified (scope=ALL) rate leaderboard on a denominator below the metric's own reliability-0.5 trial count. The rank is real; the implied ability claim is not.,rank 1 of 168 on 1 shots; reliability 0.5 for shooting_pct needs 154.9
SMALL_SAMPLE_LEADER,B,warn,player_season,368,Chris Sabia,shots_on_goal_pct,1.0,3.0,Leads an unqualified (scope=ALL) rate leaderboard on a denominator below the metric's own reliability-0.5 trial count. The rank is real; the implied ability claim is not.,rank 1 of 168 on 3 shots; reliability 0.5 for shooting_pct needs 154.9
SMALL_SAMPLE_LEADER,B,warn,player_season,405,Jesse Bernhardt,shots_on_goal_pct,1.0,1.0,Leads an unqualified (scope=ALL) rate leaderboard on a denominator below the metric's own reliability-0.5 trial count. The rank is real; the implied ability claim is not.,rank 1 of 168 on 1 shots; reliability 0.5 for shooting_pct needs 154.9
SMALL_SAMPLE_LEADER,B,warn,player_season,407,TJ Comizio,shots_on_goal_pct,1.0,1.0,Leads an unqualified (scope=ALL) rate leaderboard on a denominator below the metric's own reliability-0.5 trial count. The rank is real; the implied ability claim is not.,rank 1 of 168 on 1 shots; reliability 0.5 for shooting_pct needs 154.9
SMALL_SAMPLE_LEADER,B,warn,player_season,922,Graeme Hossack,shots_on_goal_pct,1.0,3.0,Leads an unqualified (scope=ALL) rate leaderboard on a denominator below the metric's own reliability-0.5 trial count. The rank is real; the implied ability claim is not.,rank 1 of 168 on 3 shots; reliability 0.5 for shooting_pct needs 154.9
SMALL_SAMPLE_LEADER,B,warn,player_season,929,Matthew Hossack,shots_on_goal_pct,1.0,1.0,Leads an unqualified (scope=ALL) rate leaderboard on a denominator below the metric's own reliability-0.5 trial count. The rank is real; the implied ability claim is not.,rank 1 of 168 on 1 shots; reliability 0.5 for shooting_pct needs 154.9
SMALL_SAMPLE_LEADER,B,warn,player_season,1010,Isaiah Davis-Allen,shots_on_goal_pct,1.0,1.0,Leads an unqualified (scope=ALL) rate leaderboard on a denominator below the metric's own reliability-0.5 trial count. The rank is real; the implied ability claim is not.,rank 1 of 168 on 1 shots; reliability 0.5 for shooting_pct needs 154.9
SMALL_SAMPLE_LEADER,B,warn,player_season,1406,Ben Randall,shots_on_goal_pct,1.0,5.0,Leads an unqualified (scope=ALL) rate leaderboard on a denominator below the metric's own reliability-0.5 trial count. The rank is real; the implied ability claim is not.,rank 1 of 168 on 5 shots; reliability 0.5 for shooting_pct needs 154.9
SMALL_SAMPLE_LEADER,B,warn,player_season,1427,Nick Marrocco,shots_on_goal_pct,1.0,2.0,Leads an unqualified (scope=ALL) rate leaderboard on a denominator below the metric's own reliability-0.5 trial count. The rank is real; the implied ability claim is not.,rank 1 of 168 on 2 shots; reliability 0.5 for shooting_pct needs 154.9
SMALL_SAMPLE_LEADER,B,warn,player_season,2022,Zach Geddes,shots_on_goal_pct,1.0,2.0,Leads an unqualified (scope=ALL) rate leaderboard on a denominator below the metric's own reliability-0.5 trial count. The rank is real; the implied ability claim is not.,rank 1 of 168 on 2 shots; reliability 0.5 for shooting_pct needs 154.9
SMALL_SAMPLE_LEADER,B,warn,player_season,2043,Ryan Aughavin,shots_on_goal_pct,1.0,4.0,Leads an unqualified (scope=ALL) rate leaderboard on a denominator below the metric's own reliability-0.5 trial count. The rank is real; the implied ability claim is not.,rank 1 of 168 on 4 shots; reliability 0.5 for shooting_pct needs 154.9
SMALL_SAMPLE_LEADER,B,warn,player_season,2056,Matt Rahill,shots_on_goal_pct,1.0,1.0,Leads an unqualified (scope=ALL) rate leaderboard on a denominator below the metric's own reliability-0.5 trial count. The rank is real; the implied ability claim is not.,rank 1 of 168 on 1 shots; reliability 0.5 for shooting_pct needs 154.9
SMALL_SAMPLE_LEADER,B,warn,player_season,2062,Ryan Hallenbeck,shots_on_goal_pct,1.0,2.0,Leads an unqualified (scope=ALL) rate leaderboard on a denominator below the metric's own reliability-0.5 trial count. The rank is real; the implied ability claim is not.,rank 1 of 168 on 2 shots; reliability 0.5 for shooting_pct needs 154.9
SMALL_SAMPLE_LEADER,B,warn,player_season,204,Christian Cuccinello,turnovers_per_touch,0.0,16.0,Leads an unqualified (scope=ALL) rate leaderboard on a denominator below the metric's own reliability-0.5 trial count. The rank is real; the implied ability claim is not.,rank 1 of 200 on 16 touches; reliability 0.5 for turnovers_per_touch needs 148.5
SMALL_SAMPLE_LEADER,B,warn,player_season,213,Jerry Ragonese,turnovers_per_touch,0.0,2.0,Leads an unqualified (scope=ALL) rate leaderboard on a denominator below the metric's own reliability-0.5 trial count. The rank is real; the implied ability claim is not.,rank 1 of 200 on 2 touches; reliability 0.5 for turnovers_per_touch needs 148.5
SMALL_SAMPLE_LEADER,B,warn,player_season,268,James Barclay,turnovers_per_touch,0.0,4.0,Leads an unqualified (scope=ALL) rate leaderboard on a denominator below the metric's own reliability-0.5 trial count. The rank is real; the implied ability claim is not.,rank 1 of 200 on 4 touches; reliability 0.5 for turnovers_per_touch needs 148.5
SMALL_SAMPLE_LEADER,B,warn,player_season,310,Brent Adams,turnovers_per_touch,0.0,7.0,Leads an unqualified (scope=ALL) rate leaderboard on a denominator below the metric's own reliability-0.5 trial count. The rank is real; the implied ability claim is not.,rank 1 of 200 on 7 touches; reliability 0.5 for turnovers_per_touch needs 148.5
SMALL_SAMPLE_LEADER,B,warn,player_season,331,Patrick Harbeson,turnovers_per_touch,0.0,23.0,Leads an unqualified (scope=ALL) rate leaderboard on a denominator below the metric's own reliability-0.5 trial count. The rank is real; the implied ability claim is not.,rank 1 of 200 on 23 touches; reliability 0.5 for turnovers_per_touch needs 148.5
SMALL_SAMPLE_LEADER,B,warn,player_season,345,Jake Bernhardt,turnovers_per_touch,0.0,57.0,Leads an unqualified (scope=ALL) rate leaderboard on a denominator below the metric's own reliability-0.5 trial count. The rank is real; the implied ability claim is not.,rank 1 of 200 on 57 touches; reliability 0.5 for turnovers_per_touch needs 148.5
SMALL_SAMPLE_LEADER,B,warn,player_season,407,TJ Comizio,turnovers_per_touch,0.0,6.0,Leads an unqualified (scope=ALL) rate leaderboard on a denominator below the metric's own reliability-0.5 trial count. The rank is real; the implied ability claim is not.,rank 1 of 200 on 6 touches; reliability 0.5 for turnovers_per_touch needs 148.5
SMALL_SAMPLE_LEADER,B,warn,player_season,411,Christian Mazzone,turnovers_per_touch,0.0,6.0,Leads an unqualified (scope=ALL) rate leaderboard on a denominator below the metric's own reliability-0.5 trial count. The rank is real; the implied ability claim is not.,rank 1 of 200 on 6 touches; reliability 0.5 for turnovers_per_touch needs 148.5
SMALL_SAMPLE_LEADER,B,warn,player_season,929,Matthew Hossack,turnovers_per_touch,0.0,6.0,Leads an unqualified (scope=ALL) rate leaderboard on a denominator below the metric's own reliability-0.5 trial count. The rank is real; the implied ability claim is not.,rank 1 of 200 on 6 touches; reliability 0.5 for turnovers_per_touch needs 148.5
SMALL_SAMPLE_LEADER,B,warn,player_season,1414,Scott Hooper,turnovers_per_touch,0.0,2.0,Leads an unqualified (scope=ALL) rate leaderboard on a denominator below the metric's own reliability-0.5 trial count. The rank is real; the implied ability claim is not.,rank 1 of 200 on 2 touches; reliability 0.5 for turnovers_per_touch needs 148.5
SMALL_SAMPLE_LEADER,B,warn,player_season,1740,Andrew Newbold,turnovers_per_touch,0.0,9.0,Leads an unqualified (scope=ALL) rate leaderboard on a denominator below the metric's own reliability-0.5 trial count. The rank is real; the implied ability claim is not.,rank 1 of 200 on 9 touches; reliability 0.5 for turnovers_per_touch needs 148.5
SMALL_SAMPLE_LEADER,B,warn,player_season,1818,Jake Carraway,turnovers_per_touch,0.0,33.0,Leads an unqualified (scope=ALL) rate leaderboard on a denominator below the metric's own reliability-0.5 trial count. The rank is real; the implied ability claim is not.,rank 1 of 200 on 33 touches; reliability 0.5 for turnovers_per_touch needs 148.5
SMALL_SAMPLE_LEADER,B,warn,player_season,1826,Jeff Trainor,turnovers_per_touch,0.0,48.0,Leads an unqualified (scope=ALL) rate leaderboard on a denominator below the metric's own reliability-0.5 trial count. The rank is real; the implied ability claim is not.,rank 1 of 200 on 48 touches; reliability 0.5 for turnovers_per_touch needs 148.5
SMALL_SAMPLE_LEADER,B,warn,player_season,2007,Charlie Kitchen,turnovers_per_touch,0.0,8.0,Leads an unqualified (scope=ALL) rate leaderboard on a denominator below the metric's own reliability-0.5 trial count. The rank is real; the implied ability claim is not.,rank 1 of 200 on 8 touches; reliability 0.5 for turnovers_per_touch needs 148.5
SMALL_SAMPLE_LEADER,B,warn,player_season,2026,Brett Dobson,turnovers_per_touch,0.0,12.0,Leads an unqualified (scope=ALL) rate leaderboard on a denominator below the metric's own reliability-0.5 trial count. The rank is real; the implied ability claim is not.,rank 1 of 200 on 12 touches; reliability 0.5 for turnovers_per_touch needs 148.5
SMALL_SAMPLE_LEADER,B,warn,player_season,2037,Bryan McIntosh,turnovers_per_touch,0.0,13.0,Leads an unqualified (scope=ALL) rate leaderboard on a denominator below the metric's own reliability-0.5 trial count. The rank is real; the implied ability claim is not.,rank 1 of 200 on 13 touches; reliability 0.5 for turnovers_per_touch needs 148.5
SMALL_SAMPLE_LEADER,B,warn,player_season,2038,Colin Kirst,turnovers_per_touch,0.0,13.0,Leads an unqualified (scope=ALL) rate leaderboard on a denominator below the metric's own reliability-0.5 trial count. The rank is real; the implied ability claim is not.,rank 1 of 200 on 13 touches; reliability 0.5 for turnovers_per_touch needs 148.5
SMALL_SAMPLE_LEADER,B,warn,player_season,2043,Ryan Aughavin,turnovers_per_touch,0.0,14.0,Leads an unqualified (scope=ALL) rate leaderboard on a denominator below the metric's own reliability-0.5 trial count. The rank is real; the implied ability claim is not.,rank 1 of 200 on 14 touches; reliability 0.5 for turnovers_per_touch needs 148.5
SMALL_SAMPLE_LEADER,B,warn,player_season,2062,Ryan Hallenbeck,turnovers_per_touch,0.0,20.0,Leads an unqualified (scope=ALL) rate leaderboard on a denominator below the metric's own reliability-0.5 trial count. The rank is real; the implied ability claim is not.,rank 1 of 200 on 20 touches; reliability 0.5 for turnovers_per_touch needs 148.5
SMALL_SAMPLE_LEADER,B,warn,player_season,2065,Anthony DeMaio,turnovers_per_touch,0.0,5.0,Leads an unqualified (scope=ALL) rate leaderboard on a denominator below the metric's own reliability-0.5 trial count. The rank is real; the implied ability claim is not.,rank 1 of 200 on 5 touches; reliability 0.5 for turnovers_per_touch needs 148.5
SMALL_SAMPLE_LEADER,B,warn,player_season,2072,Brennan Kamish,turnovers_per_touch,0.0,32.0,Leads an unqualified (scope=ALL) rate leaderboard on a denominator below the metric's own reliability-0.5 trial count. The rank is real; the implied ability claim is not.,rank 1 of 200 on 32 touches; reliability 0.5 for turnovers_per_touch needs 148.5
SMALL_SAMPLE_LEADER,B,warn,player_season,295,Jordan MacIntosh,two_point_conversion_pct,1.0,1.0,Leads an unqualified (scope=ALL) rate leaderboard on a denominator below the metric's own reliability-0.5 trial count. The rank is real; the implied ability claim is not.,rank 1 of 102 on 1 two_point_attempts; reliability 0.5 for two_point_pct needs 1000000.0
SMALL_SAMPLE_LEADER,B,warn,player_season,1809,Jeff Teat,two_point_conversion_pct,1.0,1.0,Leads an unqualified (scope=ALL) rate leaderboard on a denominator below the metric's own reliability-0.5 trial count. The rank is real; the implied ability claim is not.,rank 1 of 102 on 1 two_point_attempts; reliability 0.5 for two_point_pct needs 1000000.0
SMALL_SAMPLE_LEADER,B,warn,player_season,2043,Ryan Aughavin,two_point_conversion_pct,1.0,1.0,Leads an unqualified (scope=ALL) rate leaderboard on a denominator below the metric's own reliability-0.5 trial count. The rank is real; the implied ability claim is not.,rank 1 of 102 on 1 two_point_attempts; reliability 0.5 for two_point_pct needs 1000000.0
TWO_POINT_UNIDENTIFIED,D,warn,player_season,,,two_point_conversion_pct,,,Individual two-point ability is not identifiable from 2026; the metric is published as production only and no QUALIFIED scope exists.,qualification rule NOT_QUALIFIABLE_TWO_POINT admits 0 players
UNATTRIBUTED_TURNOVER_EXPOSURE,D,warn,league,,league,turnovers,1349.0,1520.0,Player turnover totals sum to materially less than the official team total because the feed attributes some turnovers to no player.,player sum 1349 vs official team total 1520 (11.3% attributed to no player)
VALUE_ON_EMPTY_NAMED_BASE,C,warn,player_season,411,Christian Mazzone,EPA_points_null_z,0.3419578885045023,0.0,"A value total is non-zero while the opportunity base named on its row is zero, because the total sums components whose bases differ. Read the component, not the named denominator.",recorded_offensive_opportunities (field role base) = 0 but the total is +0.3420; the value comes from a component denominated on touches (6.0)
VALUE_ON_EMPTY_NAMED_BASE,C,warn,player_season,1414,Scott Hooper,EPA_points_null_z,1.6617855588219923,0.0,"A value total is non-zero while the opportunity base named on its row is zero, because the total sums components whose bases differ. Read the component, not the named denominator.",recorded_offensive_opportunities (field role base) = 0 but the total is +1.6618; the value comes from a component denominated on touches (2.0)
VALUE_ON_EMPTY_NAMED_BASE,C,warn,player_season,2037,Bryan McIntosh,EPA_points_null_z,-0.7928260625843733,0.0,"A value total is non-zero while the opportunity base named on its row is zero, because the total sums components whose bases differ. Read the component, not the named denominator.",recorded_offensive_opportunities (field role base) = 0 but the total is -0.7928; the value comes from a component denominated on touches (13.0)
VALUE_ON_EMPTY_NAMED_BASE,C,warn,player_season,2065,Anthony DeMaio,EPA_points_null_z,0.2714202286580903,0.0,"A value total is non-zero while the opportunity base named on its row is zero, because the total sums components whose bases differ. Read the component, not the named denominator.",recorded_offensive_opportunities (field role base) = 0 but the total is +0.2714; the value comes from a component denominated on touches (5.0)
VALUE_ON_EMPTY_NAMED_BASE,C,warn,player_season,411,Christian Mazzone,EPA_points_raw,0.0615572118125707,0.0,"A value total is non-zero while the opportunity base named on its row is zero, because the total sums components whose bases differ. Read the component, not the named denominator.",recorded_offensive_opportunities (field role base) = 0 but the total is +0.0616; the value comes from a component denominated on touches (6.0)
VALUE_ON_EMPTY_NAMED_BASE,C,warn,player_season,1414,Scott Hooper,EPA_points_raw,0.3845613098032105,0.0,"A value total is non-zero while the opportunity base named on its row is zero, because the total sums components whose bases differ. Read the component, not the named denominator.",recorded_offensive_opportunities (field role base) = 0 but the total is +0.3846; the value comes from a component denominated on touches (2.0)
VALUE_ON_EMPTY_NAMED_BASE,C,warn,player_season,2037,Bryan McIntosh,EPA_points_raw,-0.3414493463536039,0.0,"A value total is non-zero while the opportunity base named on its row is zero, because the total sums components whose bases differ. Read the component, not the named denominator.",recorded_offensive_opportunities (field role base) = 0 but the total is -0.3414; the value comes from a component denominated on touches (13.0)
VALUE_ON_EMPTY_NAMED_BASE,C,warn,player_season,2065,Anthony DeMaio,EPA_points_raw,0.0457938435086566,0.0,"A value total is non-zero while the opportunity base named on its row is zero, because the total sums components whose bases differ. Read the component, not the named denominator.",recorded_offensive_opportunities (field role base) = 0 but the total is +0.0458; the value comes from a component denominated on touches (5.0)
VALUE_ON_EMPTY_NAMED_BASE,C,warn,player_season,411,Christian Mazzone,offensive_EPA_points_raw,0.0945802098234843,0.0,"A value total is non-zero while the opportunity base named on its row is zero, because the total sums components whose bases differ. Read the component, not the named denominator.",recorded_offensive_opportunities = 0 but the total is +0.0946; the value comes from a component denominated on touches (6.0)
VALUE_ON_EMPTY_NAMED_BASE,C,warn,player_season,1414,Scott Hooper,offensive_EPA_points_raw,0.0281942831066818,0.0,"A value total is non-zero while the opportunity base named on its row is zero, because the total sums components whose bases differ. Read the component, not the named denominator.",recorded_offensive_opportunities = 0 but the total is +0.0282; the value comes from a component denominated on touches (2.0)
VALUE_ON_EMPTY_NAMED_BASE,C,warn,player_season,2026,Brett Dobson,offensive_EPA_points_raw,0.0902158452813182,0.0,"A value total is non-zero while the opportunity base named on its row is zero, because the total sums components whose bases differ. Read the component, not the named denominator.",recorded_offensive_opportunities = 0 but the total is +0.0902; the value comes from a component denominated on touches (12.0)
VALUE_ON_EMPTY_NAMED_BASE,C,warn,player_season,2037,Bryan McIntosh,offensive_EPA_points_raw,0.1832628401934321,0.0,"A value total is non-zero while the opportunity base named on its row is zero, because the total sums components whose bases differ. Read the component, not the named denominator.",recorded_offensive_opportunities = 0 but the total is +0.1833; the value comes from a component denominated on touches (13.0)
VALUE_ON_EMPTY_NAMED_BASE,C,warn,player_season,2038,Colin Kirst,offensive_EPA_points_raw,0.0977338323880947,0.0,"A value total is non-zero while the opportunity base named on its row is zero, because the total sums components whose bases differ. Read the component, not the named denominator.",recorded_offensive_opportunities = 0 but the total is +0.0977; the value comes from a component denominated on touches (13.0)
VALUE_ON_EMPTY_NAMED_BASE,C,warn,player_season,2065,Anthony DeMaio,offensive_EPA_points_raw,0.0788168415195702,0.0,"A value total is non-zero while the opportunity base named on its row is zero, because the total sums components whose bases differ. Read the component, not the named denominator.",recorded_offensive_opportunities = 0 but the total is +0.0788; the value comes from a component denominated on touches (5.0)
EMPTY_QUALIFIED_SCOPE,D,info,player_season,,,EPA_per_recorded_opportunity,,,No player clears this metric's evidence gate. Where this is the documented consequence of 2026 sample sizes it is the finding.,qualification rule OFFENSIVE_RATE_RANKING_ELIGIBLE admits 0 players
EMPTY_QUALIFIED_SCOPE,D,info,player_season,,,goalie_EPA_per_SOG,,,No player clears this metric's evidence gate. Where this is the documented consequence of 2026 sample sizes it is the finding.,qualification rule SAVE_RELIABILITY_HALF admits 0 players
EMPTY_QUALIFIED_SCOPE,D,info,player_season,,,one_point_conversion_pct,,,No player clears this metric's evidence gate. Where this is the documented consequence of 2026 sample sizes it is the finding.,qualification rule ONE_POINT_RELIABILITY_HALF admits 0 players
EMPTY_QUALIFIED_SCOPE,D,info,player_season,,,points_per_shot,,,No player clears this metric's evidence gate. Where this is the documented consequence of 2026 sample sizes it is the finding.,qualification rule SHOOTING_RELIABILITY_HALF admits 0 players
EMPTY_QUALIFIED_SCOPE,D,info,player_season,,,save_pct,,,No player clears this metric's evidence gate. Where this is the documented consequence of 2026 sample sizes it is the finding.,qualification rule SAVE_RELIABILITY_HALF admits 0 players
EMPTY_QUALIFIED_SCOPE,D,info,player_season,,,shooting_EPA_per_shot,,,No player clears this metric's evidence gate. Where this is the documented consequence of 2026 sample sizes it is the finding.,qualification rule OFFENSIVE_RATE_RANKING_ELIGIBLE admits 0 players
EMPTY_QUALIFIED_SCOPE,D,info,player_season,,,shooting_pct,,,No player clears this metric's evidence gate. Where this is the documented consequence of 2026 sample sizes it is the finding.,qualification rule SHOOTING_RELIABILITY_HALF admits 0 players
EMPTY_QUALIFIED_SCOPE,D,info,player_season,,,shots_on_goal_pct,,,No player clears this metric's evidence gate. Where this is the documented consequence of 2026 sample sizes it is the finding.,qualification rule SHOOTING_RELIABILITY_HALF admits 0 players
EXTREME_Z,A,info,player_season,254,Trevor Baptiste,EPA_points_null_z,4.8842035387908,10.0,More than 3 SD from the scope mean. Usually a real outlier season; traced individually in the sanity audit.,4.88 SD from what chance alone produces
EXTREME_Z,A,info,player_season,350,Joseph Nardella,EPA_points_null_z,4.0324102885164415,11.0,More than 3 SD from the scope mean. Usually a real outlier season; traced individually in the sanity audit.,4.03 SD from what chance alone produces
EXTREME_Z,A,info,player_season,1010,Isaiah Davis-Allen,EPA_points_null_z,-3.100554896918569,11.0,More than 3 SD from the scope mean. Usually a real outlier season; traced individually in the sanity audit.,-3.10 SD from what chance alone produces
EXTREME_Z,A,info,player_season,254,Trevor Baptiste,faceoff_value_null_z,5.570742022924863,10.0,More than 3 SD from the scope mean. Usually a real outlier season; traced individually in the sanity audit.,5.57 SD from what chance alone produces
EXTREME_Z,A,info,player_season,350,Joseph Nardella,faceoff_value_null_z,4.6691253388685805,11.0,More than 3 SD from the scope mean. Usually a real outlier season; traced individually in the sanity audit.,4.67 SD from what chance alone produces
EXTREME_Z,A,info,player_season,409,Zach Currier,faceoff_value_null_z,-4.671408432344801,13.0,More than 3 SD from the scope mean. Usually a real outlier season; traced individually in the sanity audit.,-4.67 SD from what chance alone produces
EXTREME_Z,A,info,player_season,922,Graeme Hossack,faceoff_value_null_z,-3.2787697475568818,12.0,More than 3 SD from the scope mean. Usually a real outlier season; traced individually in the sanity audit.,-3.28 SD from what chance alone produces
POSITION_CONCENTRATED_TOP10,C,info,player_season,,,caused_turnovers,,,The top 10 is one position group. Expected for a role-specific metric; a warning that the metric is not a general ranking.,top 10 is entirely defensive_field
POSITION_CONCENTRATED_TOP10,C,info,player_season,,,goalie_EPA_per_SOG,,,The top 10 is one position group. Expected for a role-specific metric; a warning that the metric is not a general ranking.,top 10 is entirely goalie
POSITION_CONCENTRATED_TOP10,C,info,player_season,,,goalie_value_null_z,,,The top 10 is one position group. Expected for a role-specific metric; a warning that the metric is not a general ranking.,top 10 is entirely goalie
POSITION_CONCENTRATED_TOP10,C,info,player_season,,,goalie_value_raw,,,The top 10 is one position group. Expected for a role-specific metric; a warning that the metric is not a general ranking.,top 10 is entirely goalie
POSITION_CONCENTRATED_TOP10,C,info,player_season,,,save_pct,,,The top 10 is one position group. Expected for a role-specific metric; a warning that the metric is not a general ranking.,top 10 is entirely goalie
POSITION_CONCENTRATED_TOP10,C,info,player_season,,,save_rate_shrunk,,,The top 10 is one position group. Expected for a role-specific metric; a warning that the metric is not a general ranking.,top 10 is entirely goalie
SHRINKAGE_FULLY_COLLAPSED,D,info,player_season,,,two_point_rate_shrunk,0.15591397849410285,102.0,Every shrunk value is the league mean: the estimator found no detectable between-player spread at 2026 samples.,"all 102 shrunk values lie within 3.00e-06 of 0.155914 -- a relative spread of 1.9e-05, i.e. every player is the league mean and no ability ordering exists"
