player_id,player_name,primary_team_id,n_teams,position_code,position_name,baseline_group,games_played,shots,one_point_attempts,two_point_attempts,shots_on_goal,goals,one_point_goals,two_point_goals,pll_points,official_assists,assist_opportunities,touches,total_passes,turnovers,ground_balls,penalties,caused_turnovers,faceoffs,faceoff_wins,faceoff_losses,saves,goals_allowed,two_point_goals_allowed,pll_points_allowed,shots_on_goal_faced,one_point_shots_on_goal_faced,two_point_shots_on_goal_faced,play_shares,shooting_pct,points_per_shot,two_point_pct,one_point_pct,faceoff_win_pct,turnovers_per_touch,save_pct
000201,Adam Ghitelman,ARC,1,G,goalie,goalie,11,2.0,0.0,2.0,1.0,0.0,0.0,0.0,0.0,0.0,1.0,153.0,149.0,2.0,36.0,1.0,3.0,0.0,0.0,0.0,116.0,108.0,5.0,113.0,249,225,24,451,0.0,0.0,0.0,,,0.013071895424836602,0.5178571428571429
000204,Christian Cuccinello,CAN,1,A,attack,offensive_field,2,6.0,6.0,0.0,4.0,2.0,2.0,0.0,2.0,0.0,0.0,16.0,10.0,0.0,1.0,0.0,0.0,0.0,0.0,0.0,0.0,0.0,0.0,0.0,0,0,0,7,0.3333333333333333,0.3333333333333333,,0.3333333333333333,,0.0,
000207,Dominique Alexander,ARC,1,SSDM,defensive_midfield,defensive_field,11,1.0,1.0,0.0,1.0,1.0,1.0,0.0,1.0,1.0,3.0,81.0,79.0,1.0,19.0,4.0,9.0,0.0,0.0,0.0,0.0,0.0,0.0,0.0,0,0,0,26,1.0,1.0,,1.0,,0.012345679012345678,
000211,Ian MacKay,CHA,1,SSDM,defensive_midfield,defensive_field,8,5.0,1.0,4.0,3.0,0.0,0.0,0.0,0.0,0.0,2.0,40.0,32.0,3.0,2.0,2.0,1.0,1.0,0.0,1.0,0.0,0.0,0.0,0.0,0,0,0,14,0.0,0.0,0.0,0.0,0.0,0.075,
000213,Jerry Ragonese,CHA,1,FO,faceoff,faceoff,1,1.0,1.0,0.0,1.0,1.0,1.0,0.0,1.0,0.0,0.0,2.0,1.0,0.0,2.0,0.0,0.0,8.0,2.0,6.0,0.0,0.0,0.0,0.0,0,0,0,13,1.0,1.0,,1.0,0.25,0.0,
000216,Marcus Holman,ARC,1,A,attack,offensive_field,12,66.0,59.0,7.0,46.0,24.0,22.0,2.0,26.0,8.0,30.0,406.0,324.0,16.0,25.0,1.0,1.0,0.0,0.0,0.0,0.0,0.0,0.0,0.0,0,0,0,123,0.36363636363636365,0.3939393939393939,0.2857142857142857,0.3728813559322034,,0.03940886699507389,
000217,Mark McNeill,ARC,1,SSDM,defensive_midfield,defensive_field,11,0.0,0.0,0.0,0.0,0.0,0.0,0.0,0.0,1.0,1.0,41.0,38.0,3.0,9.0,1.0,2.0,0.0,0.0,0.0,0.0,0.0,0.0,0.0,0,0,0,15,,,,,,0.07317073170731707,
000218,Matt McMahon,ARC,1,D,defense,defensive_field,12,0.0,0.0,0.0,0.0,0.0,0.0,0.0,0.0,0.0,0.0,27.0,25.0,2.0,9.0,2.0,10.0,0.0,0.0,0.0,0.0,0.0,0.0,0.0,0,0,0,11,,,,,,0.07407407407407407,
000221,Ryan Ambler,ARC,1,M,midfield,offensive_field,12,49.0,48.0,1.0,30.0,16.0,16.0,0.0,16.0,2.0,17.0,253.0,193.0,11.0,6.0,0.0,2.0,0.0,0.0,0.0,0.0,0.0,0.0,0.0,0,0,0,72,0.32653061224489793,0.32653061224489793,0.0,0.3333333333333333,,0.043478260869565216,
000222,Stephen Kelly,CAN,1,FO,faceoff,faceoff,9,7.0,7.0,0.0,6.0,4.0,4.0,0.0,4.0,1.0,4.0,68.0,53.0,8.0,65.0,0.0,0.0,217.0,106.0,111.0,0.0,0.0,0.0,0.0,0,0,0,353,0.5714285714285714,0.5714285714285714,,0.5714285714285714,0.48847926267281105,0.11764705882352941,
000223,Scott Ratliff,ARC,1,D,defense,defensive_field,12,10.0,2.0,8.0,8.0,1.0,1.0,0.0,1.0,1.0,9.0,136.0,122.0,4.0,34.0,3.0,13.0,0.0,0.0,0.0,0.0,0.0,0.0,0.0,0,0,0,58,0.1,0.1,0.0,0.5,,0.029411764705882353,
000225,Tom Schreiber,ARC,1,M,midfield,offensive_field,12,68.0,61.0,7.0,43.0,22.0,20.0,2.0,24.0,15.0,70.0,446.0,353.0,25.0,14.0,0.0,0.0,0.0,0.0,0.0,0.0,0.0,0.0,0.0,0,0,0,151,0.3235294117647059,0.35294117647058826,0.2857142857142857,0.32786885245901637,,0.05605381165919283,
000227,Will Manny,ARC,1,A,attack,offensive_field,12,65.0,62.0,3.0,44.0,16.0,16.0,0.0,16.0,19.0,47.0,394.0,308.0,21.0,4.0,2.0,0.0,0.0,0.0,0.0,0.0,0.0,0.0,0.0,0,0,0,116,0.24615384615384617,0.24615384615384617,0.0,0.25806451612903225,,0.0532994923857868,
000231,Chris Cloutier,CHA,1,A,attack,offensive_field,9,40.0,39.0,1.0,31.0,13.0,13.0,0.0,13.0,6.0,27.0,218.0,159.0,19.0,14.0,0.0,0.0,0.0,0.0,0.0,0.0,0.0,0.0,0.0,0,0,0,81,0.325,0.325,0.0,0.3333333333333333,,0.0871559633027523,
000234,Eric Law,ATL,1,A,attack,offensive_field,11,36.0,36.0,0.0,29.0,18.0,18.0,0.0,18.0,12.0,37.0,376.0,315.0,25.0,12.0,3.0,1.0,0.0,0.0,0.0,0.0,0.0,0.0,0.0,0,0,0,88,0.5,0.5,,0.5,,0.06648936170212766,
000235,Jake Richard,ATL,1,SSDM,defensive_midfield,defensive_field,11,7.0,4.0,3.0,5.0,1.0,1.0,0.0,1.0,1.0,2.0,90.0,80.0,3.0,9.0,5.0,8.0,0.0,0.0,0.0,0.0,0.0,0.0,0.0,0,0,0,24,0.14285714285714285,0.14285714285714285,0.0,0.25,,0.03333333333333333,
000238,John Crawley,ATL,1,M,midfield,offensive_field,9,22.0,21.0,1.0,13.0,4.0,4.0,0.0,4.0,1.0,5.0,99.0,69.0,8.0,3.0,0.0,0.0,0.0,0.0,0.0,0.0,0.0,0.0,0.0,0,0,0,30,0.18181818181818182,0.18181818181818182,0.0,0.19047619047619047,,0.08080808080808081,
000240,Kieran McArdle,WAT,1,A,attack,offensive_field,13,78.0,76.0,2.0,54.0,26.0,26.0,0.0,26.0,27.0,79.0,461.0,348.0,35.0,26.0,1.0,0.0,0.0,0.0,0.0,0.0,0.0,0.0,0.0,0,0,0,184,0.3333333333333333,0.3333333333333333,0.0,0.34210526315789475,,0.07592190889370933,
000241,Jack Concannon,ATL,1,G,goalie,goalie,11,0.0,0.0,0.0,0.0,0.0,0.0,0.0,0.0,0.0,3.0,102.0,96.0,6.0,21.0,1.0,2.0,0.0,0.0,0.0,130.0,116.0,10.0,126.0,263,236,27,424,,,,,,0.058823529411764705,0.5284552845528455
000242,Kyle Hartzell,RED,1,LSM,long_stick_midfield,defensive_field,9,4.0,1.0,3.0,3.0,2.0,1.0,1.0,3.0,0.0,1.0,35.0,29.0,2.0,10.0,1.0,5.0,1.0,0.0,1.0,0.0,0.0,0.0,0.0,0,0,0,24,0.5,0.75,0.3333333333333333,1.0,0.0,0.05714285714285714,
000246,Ryan Brown,WAT,1,A,attack,offensive_field,8,43.0,41.0,2.0,27.0,10.0,9.0,1.0,11.0,0.0,0.0,80.0,35.0,2.0,3.0,2.0,1.0,0.0,0.0,0.0,0.0,0.0,0.0,0.0,0,0,0,48,0.23255813953488372,0.2558139534883721,0.5,0.21951219512195122,,0.025,
000251,Steven DeNapoli,WAT,1,SSDM,defensive_midfield,defensive_field,7,4.0,4.0,0.0,4.0,3.0,3.0,0.0,3.0,1.0,3.0,27.0,21.0,2.0,5.0,0.0,1.0,0.0,0.0,0.0,0.0,0.0,0.0,0.0,0,0,0,12,0.75,0.75,,0.75,,0.07407407407407407,
000254,Trevor Baptiste,ATL,1,FO,faceoff,faceoff,10,19.0,17.0,2.0,12.0,5.0,4.0,1.0,6.0,4.0,8.0,121.0,97.0,5.0,90.0,5.0,1.0,251.0,169.0,82.0,0.0,0.0,0.0,0.0,0,0,0,462,0.2631578947368421,0.3157894736842105,0.5,0.23529411764705882,0.6733067729083665,0.04132231404958678,
000255,Tucker Durkin,ATL,1,D,defense,defensive_field,11,0.0,0.0,0.0,0.0,0.0,0.0,0.0,0.0,0.0,0.0,37.0,35.0,2.0,11.0,2.0,6.0,0.0,0.0,0.0,0.0,0.0,0.0,0.0,0,0,0,13,,,,,,0.05405405405405406,
000256,Austin Staats,CHA,1,UNK,unknown,unknown,2,8.0,8.0,0.0,5.0,1.0,1.0,0.0,1.0,2.0,5.0,40.0,25.0,7.0,0.0,0.0,0.0,0.0,0.0,0.0,0.0,0.0,0.0,0.0,0,0,0,13,0.125,0.125,,0.125,,0.175,
000258,Blaze Riorden,CHA,1,G,goalie,goalie,13,3.0,0.0,3.0,1.0,0.0,0.0,0.0,0.0,3.0,7.0,203.0,196.0,4.0,24.0,0.0,6.0,0.0,0.0,0.0,182.0,139.0,8.0,147.0,338,307,31,579,0.0,0.0,0.0,,,0.019704433497536946,0.5669781931464174
000260,Brodie Merrill,CAN,1,LSM,long_stick_midfield,defensive_field,6,0.0,0.0,0.0,0.0,0.0,0.0,0.0,0.0,1.0,3.0,34.0,31.0,3.0,15.0,2.0,6.0,0.0,0.0,0.0,0.0,0.0,0.0,0.0,0,0,0,23,,,,,,0.08823529411764706,
000262,Connor Fields,ARC,1,M,midfield,offensive_field,8,42.0,41.0,1.0,32.0,15.0,15.0,0.0,15.0,7.0,26.0,196.0,144.0,10.0,13.0,0.0,2.0,0.0,0.0,0.0,0.0,0.0,0.0,0.0,0,0,0,81,0.35714285714285715,0.35714285714285715,0.0,0.36585365853658536,,0.05102040816326531,
000266,Dhane Smith,CHA,1,M,midfield,offensive_field,10,41.0,40.0,1.0,26.0,8.0,8.0,0.0,8.0,20.0,60.0,357.0,293.0,23.0,7.0,1.0,2.0,0.0,0.0,0.0,0.0,0.0,0.0,0.0,0,0,0,109,0.1951219512195122,0.1951219512195122,0.0,0.2,,0.06442577030812324,
000267,Jake Froccaro,CAN,1,M,midfield,offensive_field,5,20.0,12.0,8.0,11.0,1.0,0.0,1.0,2.0,6.0,18.0,113.0,90.0,3.0,8.0,1.0,1.0,3.0,0.0,3.0,0.0,0.0,0.0,0.0,0,0,0,51,0.05,0.1,0.125,0.0,0.0,0.02654867256637168,
000268,James Barclay,WHP,1,D,defense,defensive_field,1,1.0,1.0,0.0,1.0,0.0,0.0,0.0,0.0,0.0,0.0,4.0,3.0,0.0,2.0,0.0,0.0,0.0,0.0,0.0,0.0,0.0,0.0,0.0,0,0,0,4,0.0,0.0,,0.0,,0.0,
000269,Jarrod Neumann,CHA,1,D,defense,defensive_field,13,7.0,0.0,7.0,2.0,0.0,0.0,0.0,0.0,1.0,2.0,59.0,46.0,6.0,17.0,2.0,7.0,0.0,0.0,0.0,0.0,0.0,0.0,0.0,0,0,0,28,0.0,0.0,0.0,,,0.1016949152542373,
000272,Josh Byrne,CHA,1,A,attack,offensive_field,10,77.0,76.0,1.0,44.0,21.0,21.0,0.0,21.0,9.0,34.0,315.0,220.0,18.0,14.0,3.0,2.0,0.0,0.0,0.0,0.0,0.0,0.0,0.0,0,0,0,128,0.2727272727272727,0.2727272727272727,0.0,0.27631578947368424,,0.05714285714285714,
000275,Mark Glicini,CHA,1,SSDM,defensive_midfield,defensive_field,11,2.0,1.0,1.0,2.0,1.0,1.0,0.0,1.0,0.0,5.0,56.0,52.0,2.0,10.0,1.0,3.0,0.0,0.0,0.0,0.0,0.0,0.0,0.0,0,0,0,20,0.5,0.5,0.0,1.0,,0.03571428571428571,
000276,Matt Rees,CHA,1,D,defense,defensive_field,8,6.0,2.0,4.0,4.0,2.0,1.0,1.0,3.0,0.0,1.0,39.0,30.0,3.0,11.0,2.0,5.0,0.0,0.0,0.0,0.0,0.0,0.0,0.0,0,0,0,22,0.3333333333333333,0.5,0.25,0.5,,0.07692307692307693,
000278,Myles Jones,RED,1,M,midfield,offensive_field,11,59.0,44.0,15.0,30.0,13.0,10.0,3.0,16.0,7.0,30.0,249.0,176.0,14.0,8.0,2.0,1.0,0.0,0.0,0.0,0.0,0.0,0.0,0.0,0,0,0,100,0.22033898305084745,0.2711864406779661,0.2,0.22727272727272727,,0.05622489959839357,
000279,Patrick Resch,CHA,1,SSDM,defensive_midfield,defensive_field,13,4.0,2.0,2.0,3.0,1.0,1.0,0.0,1.0,1.0,9.0,99.0,91.0,4.0,19.0,0.0,9.0,0.0,0.0,0.0,0.0,0.0,0.0,0.0,0,0,0,34,0.25,0.25,0.0,0.5,,0.04040404040404041,
000280,Thomas Kelly,CHA,1,FO,faceoff,faceoff,5,1.0,1.0,0.0,1.0,1.0,1.0,0.0,1.0,0.0,0.0,18.0,14.0,3.0,23.0,0.0,0.0,115.0,52.0,63.0,0.0,0.0,0.0,0.0,0,0,0,161,1.0,1.0,,1.0,0.45217391304347826,0.16666666666666666,
000281,Troy Reh,CHA,1,LSM,long_stick_midfield,defensive_field,13,4.0,2.0,2.0,4.0,1.0,1.0,0.0,1.0,0.0,6.0,102.0,97.0,1.0,33.0,4.0,9.0,2.0,0.0,2.0,0.0,0.0,0.0,0.0,0,0,0,63,0.25,0.25,0.0,0.5,0.0,0.00980392156862745,
000282,Tyson Bell,CAN,1,LSM,long_stick_midfield,defensive_field,5,3.0,3.0,0.0,1.0,1.0,1.0,0.0,1.0,0.0,0.0,25.0,20.0,2.0,5.0,5.0,1.0,0.0,0.0,0.0,0.0,0.0,0.0,0.0,0,0,0,15,0.3333333333333333,0.3333333333333333,,0.3333333333333333,,0.08,
000294,John Ranagan,CHR,1,M,midfield,offensive_field,3,4.0,4.0,0.0,3.0,1.0,1.0,0.0,1.0,0.0,6.0,36.0,30.0,2.0,1.0,0.0,0.0,0.0,0.0,0.0,0.0,0.0,0.0,0.0,0,0,0,10,0.25,0.25,,0.25,,0.05555555555555555,
000295,Jordan MacIntosh,CHR,1,M,midfield,offensive_field,10,41.0,40.0,1.0,29.0,14.0,13.0,1.0,15.0,1.0,15.0,184.0,126.0,17.0,8.0,0.0,2.0,0.0,0.0,0.0,0.0,0.0,0.0,0.0,0,0,0,64,0.34146341463414637,0.36585365853658536,1.0,0.325,,0.09239130434782608,
000298,Justin Guterding,WHP,1,M,midfield,offensive_field,7,25.0,25.0,0.0,17.0,6.0,6.0,0.0,6.0,10.0,28.0,166.0,132.0,9.0,5.0,1.0,2.0,0.0,0.0,0.0,0.0,0.0,0.0,0.0,0,0,0,59,0.24,0.24,,0.24,,0.05421686746987952,
000302,Michael Manley,CHR,1,D,defense,defensive_field,11,8.0,4.0,4.0,6.0,1.0,1.0,0.0,1.0,2.0,4.0,91.0,81.0,2.0,21.0,4.0,13.0,0.0,0.0,0.0,0.0,0.0,0.0,0.0,0,0,0,37,0.125,0.125,0.0,0.25,,0.02197802197802198,
000305,Romar Dennis,ATL,1,M,midfield,offensive_field,9,31.0,14.0,17.0,16.0,6.0,3.0,3.0,9.0,3.0,12.0,106.0,72.0,3.0,1.0,1.0,1.0,0.0,0.0,0.0,0.0,0.0,0.0,0.0,0,0,0,45,0.1935483870967742,0.2903225806451613,0.17647058823529413,0.21428571428571427,,0.02830188679245283,
000308,Will Haus,CHR,1,SSDM,defensive_midfield,defensive_field,11,8.0,7.0,1.0,6.0,2.0,2.0,0.0,2.0,2.0,6.0,101.0,90.0,3.0,17.0,1.0,6.0,0.0,0.0,0.0,0.0,0.0,0.0,0.0,0,0,0,36,0.25,0.25,0.0,0.2857142857142857,,0.0297029702970297,
000310,Brent Adams,ATL,1,M,midfield,offensive_field,1,2.0,2.0,0.0,0.0,0.0,0.0,0.0,0.0,0.0,0.0,7.0,5.0,0.0,0.0,0.0,0.0,0.0,0.0,0.0,0.0,0.0,0.0,0.0,0,0,0,2,0.0,0.0,,0.0,,0.0,
000314,Eddy Glazener,RED,1,D,defense,defensive_field,9,6.0,1.0,5.0,6.0,2.0,0.0,2.0,4.0,0.0,2.0,56.0,48.0,2.0,15.0,0.0,10.0,0.0,0.0,0.0,0.0,0.0,0.0,0.0,0,0,0,23,0.3333333333333333,0.6666666666666666,0.4,0.0,,0.03571428571428571,
000315,Garrett Epple,RED,1,D,defense,defensive_field,11,1.0,0.0,1.0,0.0,0.0,0.0,0.0,0.0,0.0,2.0,77.0,72.0,4.0,19.0,5.0,19.0,0.0,0.0,0.0,0.0,0.0,0.0,0.0,0,0,0,29,0.0,0.0,0.0,,,0.05194805194805195,
000318,Jack Kelly,RED,1,G,goalie,goalie,8,1.0,0.0,1.0,1.0,0.0,0.0,0.0,0.0,0.0,2.0,109.0,100.0,8.0,15.0,0.0,5.0,0.0,0.0,0.0,82.0,96.0,4.0,100.0,191,178,13,308,0.0,0.0,0.0,,,0.07339449541284404,0.4606741573033708
000319,Jack Near,RED,1,SSDM,defensive_midfield,defensive_field,8,0.0,0.0,0.0,0.0,0.0,0.0,0.0,0.0,0.0,1.0,52.0,51.0,1.0,11.0,0.0,0.0,0.0,0.0,0.0,0.0,0.0,0.0,0.0,0,0,0,13,,,,,,0.019230769230769232,
000322,John Sexton,RED,1,LSM,long_stick_midfield,defensive_field,8,3.0,0.0,3.0,2.0,0.0,0.0,0.0,0.0,1.0,2.0,27.0,20.0,4.0,10.0,0.0,3.0,1.0,0.0,1.0,0.0,0.0,0.0,0.0,0,0,0,22,0.0,0.0,0.0,,0.0,0.14814814814814814,
000327,Matt Kavanagh,RED,1,A,attack,offensive_field,11,51.0,51.0,0.0,28.0,8.0,8.0,0.0,8.0,5.0,30.0,308.0,236.0,21.0,19.0,1.0,2.0,0.0,0.0,0.0,0.0,0.0,0.0,0.0,0,0,0,100,0.1568627450980392,0.1568627450980392,,0.1568627450980392,,0.06818181818181818,
000331,Patrick Harbeson,RED,1,SSDM,defensive_midfield,defensive_field,3,1.0,1.0,0.0,1.0,0.0,0.0,0.0,0.0,1.0,1.0,23.0,22.0,0.0,2.0,0.0,0.0,0.0,0.0,0.0,0.0,0.0,0.0,0.0,0,0,0,4,0.0,0.0,,0.0,,0.0,
000333,Sergio Perkovic,RED,1,M,midfield,offensive_field,10,44.0,31.0,13.0,25.0,8.0,6.0,2.0,10.0,1.0,14.0,206.0,155.0,7.0,7.0,3.0,4.0,0.0,0.0,0.0,0.0,0.0,0.0,0.0,0,0,0,69,0.18181818181818182,0.22727272727272727,0.15384615384615385,0.1935483870967742,,0.03398058252427184,
000337,Bryce Young,WHP,1,D,defense,defensive_field,11,0.0,0.0,0.0,0.0,0.0,0.0,0.0,0.0,0.0,2.0,54.0,51.0,3.0,18.0,5.0,8.0,0.0,0.0,0.0,0.0,0.0,0.0,0.0,0,0,0,26,,,,,,0.05555555555555555,
000339,Connor Kelly,WAT,1,M,midfield,offensive_field,13,71.0,55.0,16.0,35.0,18.0,14.0,4.0,22.0,8.0,27.0,321.0,230.0,20.0,16.0,2.0,1.0,0.0,0.0,0.0,0.0,0.0,0.0,0.0,0,0,0,116,0.2535211267605634,0.30985915492957744,0.25,0.2545454545454545,,0.06230529595015576,
000345,Jake Bernhardt,WHP,1,SSDM,defensive_midfield,defensive_field,9,3.0,3.0,0.0,3.0,2.0,2.0,0.0,2.0,0.0,3.0,57.0,54.0,0.0,5.0,1.0,2.0,0.0,0.0,0.0,0.0,0.0,0.0,0.0,0,0,0,14,0.6666666666666666,0.6666666666666666,,0.6666666666666666,,0.0,
000346,Jay Carlson,WHP,1,A,attack,offensive_field,8,32.0,32.0,0.0,24.0,11.0,11.0,0.0,11.0,4.0,9.0,102.0,59.0,11.0,10.0,1.0,6.0,0.0,0.0,0.0,0.0,0.0,0.0,0.0,0,0,0,52,0.34375,0.34375,,0.34375,,0.10784313725490197,
000350,Joseph Nardella,WHP,1,FO,faceoff,faceoff,11,8.0,8.0,0.0,5.0,3.0,3.0,0.0,3.0,3.0,15.0,114.0,93.0,13.0,83.0,2.0,0.0,253.0,163.0,89.0,0.0,0.0,0.0,0.0,0,0,0,441,0.375,0.375,,0.375,0.6442687747035574,0.11403508771929824,
000351,Jules Heningburg,RED,1,M,midfield,offensive_field,9,39.0,39.0,0.0,28.0,12.0,12.0,0.0,12.0,9.0,30.0,219.0,166.0,14.0,10.0,0.0,1.0,0.0,0.0,0.0,0.0,0.0,0.0,0.0,0,0,0,79,0.3076923076923077,0.3076923076923077,,0.3076923076923077,,0.0639269406392694,
000353,Kyle Bernlohr,WHP,1,G,goalie,goalie,11,2.0,0.0,2.0,1.0,0.0,0.0,0.0,0.0,0.0,2.0,172.0,166.0,4.0,27.0,0.0,6.0,0.0,0.0,0.0,133.0,101.0,8.0,109.0,246,217,29,431,0.0,0.0,0.0,,,0.023255813953488372,0.5683760683760684
000354,Matt Rambo,WHP,1,A,attack,offensive_field,11,84.0,84.0,0.0,50.0,23.0,23.0,0.0,23.0,11.0,63.0,336.0,220.0,32.0,15.0,0.0,0.0,0.0,0.0,0.0,0.0,0.0,0.0,0.0,0,0,0,163,0.27380952380952384,0.27380952380952384,,0.27380952380952384,,0.09523809523809523,
000355,Matthew Dunn,WHP,1,D,defense,defensive_field,11,1.0,1.0,0.0,1.0,0.0,0.0,0.0,0.0,0.0,2.0,62.0,58.0,3.0,11.0,1.0,5.0,0.0,0.0,0.0,0.0,0.0,0.0,0.0,0,0,0,16,0.0,0.0,,0.0,,0.04838709677419355,
000356,Michael Ehrhardt,WHP,1,LSM,long_stick_midfield,defensive_field,10,19.0,3.0,16.0,11.0,3.0,0.0,3.0,6.0,2.0,3.0,94.0,66.0,9.0,42.0,1.0,12.0,0.0,0.0,0.0,0.0,0.0,0.0,0.0,0,0,0,92,0.15789473684210525,0.3157894736842105,0.1875,0.0,,0.09574468085106383,
000357,Mike Chanenchuk,WHP,1,M,midfield,offensive_field,11,71.0,55.0,16.0,42.0,17.0,15.0,2.0,19.0,5.0,21.0,307.0,225.0,11.0,6.0,0.0,0.0,0.0,0.0,0.0,0.0,0.0,0.0,0.0,0,0,0,98,0.23943661971830985,0.2676056338028169,0.125,0.2727272727272727,,0.035830618892508145,
000358,Ryan Drenner,CAN,1,M,midfield,offensive_field,10,51.0,48.0,3.0,34.0,17.0,17.0,0.0,17.0,3.0,21.0,243.0,187.0,5.0,8.0,0.0,1.0,0.0,0.0,0.0,0.0,0.0,0.0,0.0,0,0,0,80,0.3333333333333333,0.3333333333333333,0.0,0.3541666666666667,,0.0205761316872428,
000359,Tim Muller,WHP,1,D,defense,defensive_field,11,0.0,0.0,0.0,0.0,0.0,0.0,0.0,0.0,0.0,2.0,73.0,71.0,2.0,17.0,0.0,7.0,0.0,0.0,0.0,0.0,0.0,0.0,0.0,0,0,0,21,,,,,,0.0273972602739726,
000361,Tyler Warner,WHP,1,SSDM,defensive_midfield,defensive_field,10,1.0,1.0,0.0,1.0,1.0,1.0,0.0,1.0,0.0,6.0,78.0,76.0,1.0,21.0,0.0,6.0,0.0,0.0,0.0,0.0,0.0,0.0,0.0,0,0,0,36,1.0,1.0,,1.0,,0.01282051282051282,
000363,Ryan Conrad,WAT,1,M,midfield,offensive_field,11,40.0,38.0,2.0,30.0,17.0,16.0,1.0,18.0,9.0,24.0,205.0,152.0,13.0,5.0,2.0,2.0,0.0,0.0,0.0,0.0,0.0,0.0,0.0,0,0,0,72,0.425,0.45,0.5,0.42105263157894735,,0.06341463414634146,
000365,Jack Rowlett,CHA,1,D,defense,defensive_field,13,3.0,1.0,2.0,2.0,1.0,1.0,0.0,1.0,0.0,2.0,79.0,74.0,2.0,21.0,4.0,10.0,11.0,2.0,9.0,0.0,0.0,0.0,0.0,0,0,0,44,0.3333333333333333,0.3333333333333333,0.0,1.0,0.18181818181818182,0.02531645569620253,
000366,Connor Farrell,CHR,1,FO,faceoff,faceoff,11,11.0,9.0,2.0,5.0,2.0,2.0,0.0,2.0,0.0,0.0,84.0,62.0,11.0,96.0,1.0,1.0,250.0,142.0,107.0,0.0,0.0,0.0,0.0,0,0,0,451,0.18181818181818182,0.18181818181818182,0.0,0.2222222222222222,0.568,0.13095238095238096,
000368,Chris Sabia,WAT,1,LSM,long_stick_midfield,defensive_field,12,3.0,2.0,1.0,3.0,0.0,0.0,0.0,0.0,4.0,4.0,41.0,36.0,2.0,18.0,3.0,9.0,0.0,0.0,0.0,0.0,0.0,0.0,0.0,0,0,0,29,0.0,0.0,0.0,0.0,,0.04878048780487805,
000369,Clarke Petterson,ATL,1,A,attack,offensive_field,2,4.0,4.0,0.0,2.0,2.0,2.0,0.0,2.0,2.0,2.0,17.0,12.0,1.0,1.0,0.0,0.0,0.0,0.0,0.0,0.0,0.0,0.0,0.0,0,0,0,7,0.5,0.5,,0.5,,0.058823529411764705,
000370,Tim Troutner,RED,1,G,goalie,goalie,4,0.0,0.0,0.0,0.0,0.0,0.0,0.0,0.0,0.0,0.0,47.0,46.0,1.0,11.0,0.0,2.0,0.0,0.0,0.0,20.0,36.0,1.0,37.0,64,57,7,113,,,,,,0.02127659574468085,0.35714285714285715
000373,Ryder Garnsey,RED,1,A,attack,offensive_field,11,55.0,54.0,1.0,37.0,21.0,21.0,0.0,21.0,6.0,19.0,268.0,196.0,17.0,18.0,3.0,0.0,0.0,0.0,0.0,0.0,0.0,0.0,0.0,0,0,0,96,0.38181818181818183,0.38181818181818183,0.0,0.3888888888888889,,0.06343283582089553,
000376,Cade van Raaphorst,ATL,1,D,defense,defensive_field,11,13.0,2.0,11.0,8.0,3.0,0.0,3.0,6.0,1.0,3.0,81.0,62.0,6.0,28.0,3.0,12.0,0.0,0.0,0.0,0.0,0.0,0.0,0.0,0,0,0,47,0.23076923076923078,0.46153846153846156,0.2727272727272727,0.0,,0.07407407407407407,
000385,Wes Berg,CHA,1,A,attack,offensive_field,4,10.0,10.0,0.0,7.0,3.0,3.0,0.0,3.0,3.0,5.0,58.0,43.0,5.0,2.0,0.0,1.0,0.0,0.0,0.0,0.0,0.0,0.0,0.0,0,0,0,17,0.3,0.3,,0.3,,0.08620689655172414,
000390,Brad Smith,WHP,1,M,midfield,offensive_field,11,61.0,56.0,5.0,41.0,15.0,14.0,1.0,16.0,9.0,32.0,262.0,187.0,14.0,12.0,0.0,1.0,0.0,0.0,0.0,0.0,0.0,0.0,0.0,0,0,0,108,0.2459016393442623,0.26229508196721313,0.2,0.25,,0.05343511450381679,
000391,Grant Ament,ARC,1,A,attack,offensive_field,7,28.0,25.0,3.0,19.0,5.0,4.0,1.0,6.0,13.0,45.0,268.0,229.0,11.0,7.0,0.0,0.0,0.0,0.0,0.0,0.0,0.0,0.0,0.0,0,0,0,80,0.17857142857142858,0.21428571428571427,0.3333333333333333,0.16,,0.041044776119402986,
000395,Bryan Costabile,ATL,1,M,midfield,offensive_field,11,72.0,58.0,14.0,42.0,12.0,11.0,1.0,13.0,8.0,25.0,322.0,228.0,22.0,19.0,0.0,3.0,0.0,0.0,0.0,0.0,0.0,0.0,0.0,0,0,0,120,0.16666666666666666,0.18055555555555555,0.07142857142857142,0.1896551724137931,,0.06832298136645963,
000405,Jesse Bernhardt,CHR,1,D,defense,defensive_field,11,1.0,0.0,1.0,1.0,0.0,0.0,0.0,0.0,0.0,4.0,89.0,84.0,4.0,23.0,1.0,8.0,0.0,0.0,0.0,0.0,0.0,0.0,0.0,0,0,0,29,0.0,0.0,0.0,,,0.0449438202247191,
000406,Craig Chick,ATL,1,LSM,long_stick_midfield,defensive_field,11,5.0,5.0,0.0,3.0,1.0,1.0,0.0,1.0,1.0,4.0,62.0,53.0,4.0,44.0,1.0,12.0,3.0,0.0,3.0,0.0,0.0,0.0,0.0,0,0,0,81,0.2,0.2,,0.2,0.0,0.06451612903225806,
000407,TJ Comizio,CHA,1,UNK,unknown,unknown,1,1.0,1.0,0.0,1.0,1.0,1.0,0.0,1.0,0.0,2.0,6.0,5.0,0.0,1.0,0.0,0.0,0.0,0.0,0.0,0.0,0.0,0.0,0.0,0,0,0,4,1.0,1.0,,1.0,,0.0,
000408,Matt DeLuca,WAT,1,G,goalie,goalie,6,0.0,0.0,0.0,0.0,0.0,0.0,0.0,0.0,0.0,1.0,45.0,44.0,1.0,9.0,0.0,0.0,0.0,0.0,0.0,46.0,58.0,1.0,59.0,110,102,8,181,,,,,,0.022222222222222223,0.4423076923076923
000409,Zach Currier,WAT,1,M,midfield,offensive_field,13,38.0,36.0,2.0,23.0,14.0,14.0,0.0,14.0,10.0,34.0,325.0,267.0,20.0,69.0,4.0,9.0,33.0,3.0,30.0,0.0,0.0,0.0,0.0,0,0,0,223,0.3684210526315789,0.3684210526315789,0.0,0.3888888888888889,0.09090909090909091,0.06153846153846154,
000410,Eli Gobrecht,WAT,1,D,defense,defensive_field,13,3.0,2.0,1.0,2.0,1.0,1.0,0.0,1.0,1.0,1.0,78.0,73.0,2.0,28.0,3.0,9.0,0.0,0.0,0.0,0.0,0.0,0.0,0.0,0,0,0,36,0.3333333333333333,0.3333333333333333,0.0,0.5,,0.02564102564102564,
000411,Christian Mazzone,WAT,1,M,midfield,offensive_field,1,0.0,0.0,0.0,0.0,0.0,0.0,0.0,0.0,0.0,2.0,6.0,6.0,0.0,3.0,0.0,0.0,0.0,0.0,0.0,0.0,0.0,0.0,0.0,0,0,0,6,,,,,,0.0,
000414,Rob Pannell,RED,1,A,attack,offensive_field,11,55.0,52.0,3.0,33.0,19.0,19.0,0.0,19.0,22.0,62.0,361.0,285.0,21.0,13.0,0.0,2.0,0.0,0.0,0.0,0.0,0.0,0.0,0.0,0,0,0,130,0.34545454545454546,0.34545454545454546,0.0,0.36538461538461536,,0.05817174515235457,
000416,Ryland Rees,WAT,1,LSM,long_stick_midfield,defensive_field,12,16.0,5.0,11.0,10.0,5.0,3.0,2.0,7.0,1.0,6.0,65.0,46.0,3.0,28.0,2.0,9.0,0.0,0.0,0.0,0.0,0.0,0.0,0.0,0,0,0,70,0.3125,0.4375,0.18181818181818182,0.6,,0.046153846153846156,
000417,Finn Sullivan,RED,1,D,defense,defensive_field,7,0.0,0.0,0.0,0.0,0.0,0.0,0.0,0.0,0.0,0.0,32.0,28.0,4.0,7.0,2.0,7.0,0.0,0.0,0.0,0.0,0.0,0.0,0.0,0,0,0,10,,,,,,0.125,
000418,Dillon Ward,WAT,1,G,goalie,goalie,9,0.0,0.0,0.0,0.0,0.0,0.0,0.0,0.0,1.0,4.0,104.0,99.0,5.0,19.0,0.0,6.0,0.0,0.0,0.0,116.0,101.0,6.0,107.0,225,196,29,371,,,,,,0.04807692307692308,0.5345622119815668
000419,Zed Williams,WHP,1,A,attack,offensive_field,8,54.0,53.0,1.0,33.0,15.0,15.0,0.0,15.0,8.0,32.0,238.0,166.0,18.0,18.0,1.0,0.0,0.0,0.0,0.0,0.0,0.0,0.0,0.0,0,0,0,105,0.2777777777777778,0.2777777777777778,0.0,0.2830188679245283,,0.07563025210084033,
000422,Eli Salama,CHR,1,LSM,long_stick_midfield,defensive_field,11,11.0,6.0,5.0,8.0,4.0,3.0,1.0,5.0,2.0,3.0,59.0,45.0,3.0,20.0,3.0,3.0,0.0,0.0,0.0,0.0,0.0,0.0,0.0,0,0,0,44,0.36363636363636365,0.45454545454545453,0.2,0.5,,0.05084745762711865,
000424,Jake Pulver,CAN,1,D,defense,defensive_field,10,5.0,2.0,3.0,3.0,1.0,1.0,0.0,1.0,0.0,1.0,57.0,43.0,9.0,14.0,0.0,14.0,8.0,0.0,8.0,0.0,0.0,0.0,0.0,0,0,0,31,0.2,0.2,0.0,0.5,0.0,0.15789473684210525,
000427,Jake Withers,WAT,1,FO,faceoff,faceoff,9,6.0,6.0,0.0,3.0,1.0,1.0,0.0,1.0,0.0,4.0,46.0,37.0,3.0,47.0,2.0,5.0,226.0,110.0,114.0,0.0,0.0,0.0,0.0,0,0,0,323,0.16666666666666666,0.16666666666666666,,0.16666666666666666,0.48672566371681414,0.06521739130434782,
000434,Matt Abbott,CAN,1,SSDM,defensive_midfield,defensive_field,5,3.0,2.0,1.0,1.0,0.0,0.0,0.0,0.0,0.0,1.0,32.0,28.0,1.0,9.0,1.0,1.0,0.0,0.0,0.0,0.0,0.0,0.0,0.0,0,0,0,18,0.0,0.0,0.0,0.0,,0.03125,
000700,Tommy Palasek,CHA,1,A,attack,offensive_field,2,3.0,3.0,0.0,2.0,0.0,0.0,0.0,0.0,2.0,4.0,52.0,45.0,4.0,1.0,0.0,0.0,0.0,0.0,0.0,0.0,0.0,0.0,0.0,0,0,0,8,0.0,0.0,,0.0,,0.07692307692307693,
000727,CJ Costabile,CHA,1,LSM,long_stick_midfield,defensive_field,13,22.0,11.0,11.0,13.0,7.0,5.0,2.0,9.0,1.0,5.0,83.0,55.0,6.0,32.0,6.0,3.0,27.0,14.0,13.0,0.0,0.0,0.0,0.0,0,0,0,112,0.3181818181818182,0.4090909090909091,0.18181818181818182,0.45454545454545453,0.5185185185185185,0.07228915662650602,
000823,Mark Cockerton,CAN,1,A,attack,offensive_field,3,26.0,26.0,0.0,12.0,6.0,6.0,0.0,6.0,0.0,1.0,59.0,30.0,3.0,0.0,0.0,0.0,0.0,0.0,0.0,0.0,0.0,0.0,0.0,0,0,0,27,0.23076923076923078,0.23076923076923078,,0.23076923076923078,,0.05084745762711865,
000886,Lyle Thompson,CAN,1,A,attack,offensive_field,9,66.0,66.0,0.0,42.0,26.0,26.0,0.0,26.0,18.0,56.0,283.0,192.0,25.0,22.0,1.0,5.0,0.0,0.0,0.0,0.0,0.0,0.0,0.0,0,0,0,145,0.3939393939393939,0.3939393939393939,,0.3939393939393939,,0.08833922261484099,
000921,Challen Rogers,CHA,1,M,midfield,offensive_field,10,27.0,27.0,0.0,17.0,13.0,13.0,0.0,13.0,5.0,33.0,194.0,147.0,20.0,14.0,1.0,2.0,0.0,0.0,0.0,0.0,0.0,0.0,0.0,0,0,0,77,0.48148148148148145,0.48148148148148145,,0.48148148148148145,,0.10309278350515463,
000922,Graeme Hossack,ARC,1,D,defense,defensive_field,12,3.0,1.0,2.0,3.0,0.0,0.0,0.0,0.0,0.0,3.0,89.0,83.0,3.0,43.0,5.0,17.0,33.0,7.0,25.0,0.0,0.0,0.0,0.0,0,0,0,98,0.0,0.0,0.0,0.0,0.21212121212121213,0.033707865168539325,
000925,Liam Byrnes,WAT,1,D,defense,defensive_field,13,5.0,3.0,2.0,2.0,0.0,0.0,0.0,0.0,0.0,6.0,106.0,93.0,8.0,37.0,3.0,19.0,0.0,0.0,0.0,0.0,0.0,0.0,0.0,0,0,0,53,0.0,0.0,0.0,0.0,,0.07547169811320754,
000929,Matthew Hossack,WAT,1,LSM,long_stick_midfield,defensive_field,2,1.0,0.0,1.0,1.0,0.0,0.0,0.0,0.0,0.0,0.0,6.0,5.0,0.0,2.0,0.0,2.0,3.0,0.0,3.0,0.0,0.0,0.0,0.0,0,0,0,7,0.0,0.0,0.0,,0.0,0.0,
000946,Bryan Cole,WHP,1,M,midfield,offensive_field,9,27.0,27.0,0.0,15.0,6.0,6.0,0.0,6.0,7.0,23.0,199.0,161.0,11.0,6.0,1.0,0.0,0.0,0.0,0.0,0.0,0.0,0.0,0.0,0,0,0,57,0.2222222222222222,0.2222222222222222,,0.2222222222222222,,0.05527638190954774,
000960,Shayne Jackson,CAN,1,A,attack,offensive_field,3,18.0,18.0,0.0,14.0,3.0,3.0,0.0,3.0,1.0,2.0,44.0,21.0,5.0,2.0,1.0,0.0,0.0,0.0,0.0,0.0,0.0,0.0,0.0,0,0,0,23,0.16666666666666666,0.16666666666666666,,0.16666666666666666,,0.11363636363636363,
000978,Kyle Jackson,CHA,1,M,midfield,offensive_field,12,32.0,32.0,0.0,19.0,11.0,11.0,0.0,11.0,4.0,18.0,248.0,206.0,10.0,12.0,0.0,0.0,0.0,0.0,0.0,0.0,0.0,0.0,0.0,0,0,0,64,0.34375,0.34375,,0.34375,,0.04032258064516129,
001001,Dylan Molloy,CHR,1,A,attack,offensive_field,11,58.0,57.0,1.0,40.0,14.0,14.0,0.0,14.0,11.0,32.0,372.0,294.0,20.0,16.0,0.0,2.0,0.0,0.0,0.0,0.0,0.0,0.0,0.0,0,0,0,106,0.2413793103448276,0.2413793103448276,0.0,0.24561403508771928,,0.053763440860215055,
001009,Colin Heacock,CHR,1,M,midfield,offensive_field,11,32.0,31.0,1.0,14.0,5.0,5.0,0.0,5.0,2.0,15.0,210.0,165.0,13.0,11.0,1.0,0.0,0.0,0.0,0.0,0.0,0.0,0.0,0.0,0,0,0,59,0.15625,0.15625,0.0,0.16129032258064516,,0.06190476190476191,
001010,Isaiah Davis-Allen,RED,1,SSDM,defensive_midfield,defensive_field,11,1.0,1.0,0.0,1.0,0.0,0.0,0.0,0.0,0.0,4.0,81.0,76.0,4.0,7.0,1.0,0.0,10.0,1.0,9.0,0.0,0.0,0.0,0.0,0,0,0,25,0.0,0.0,,0.0,0.1,0.04938271604938271,
001020,Mike Messenger,CHR,1,SSDM,defensive_midfield,defensive_field,11,10.0,9.0,1.0,7.0,6.0,6.0,0.0,6.0,0.0,4.0,58.0,42.0,6.0,13.0,5.0,8.0,20.0,4.0,16.0,0.0,0.0,0.0,0.0,0,0,0,57,0.6,0.6,0.0,0.6666666666666666,0.2,0.10344827586206896,
001391,Mikie Schlosser,WAT,1,M,midfield,offensive_field,8,23.0,19.0,4.0,14.0,5.0,3.0,2.0,7.0,0.0,7.0,117.0,86.0,8.0,5.0,0.0,0.0,0.0,0.0,0.0,0.0,0.0,0.0,0.0,0,0,0,35,0.21739130434782608,0.30434782608695654,0.5,0.15789473684210525,,0.06837606837606838,
001397,Michael Rexrode,ATL,1,D,defense,defensive_field,11,0.0,0.0,0.0,0.0,0.0,0.0,0.0,0.0,0.0,0.0,56.0,53.0,3.0,23.0,1.0,8.0,0.0,0.0,0.0,0.0,0.0,0.0,0.0,0,0,0,24,,,,,,0.05357142857142857,
001402,Max Adler,CHA,1,FO,faceoff,faceoff,7,3.0,3.0,0.0,2.0,0.0,0.0,0.0,0.0,1.0,3.0,33.0,21.0,9.0,37.0,2.0,0.0,151.0,72.0,78.0,0.0,0.0,0.0,0.0,0,0,0,231,0.0,0.0,,0.0,0.4768211920529801,0.2727272727272727,
001406,Ben Randall,WAT,1,D,defense,defensive_field,13,5.0,4.0,1.0,5.0,2.0,2.0,0.0,2.0,1.0,4.0,78.0,66.0,7.0,24.0,0.0,12.0,0.0,0.0,0.0,0.0,0.0,0.0,0.0,0,0,0,34,0.4,0.4,0.0,0.5,,0.08974358974358974,
001414,Scott Hooper,CAN,1,D,defense,defensive_field,1,0.0,0.0,0.0,0.0,0.0,0.0,0.0,0.0,0.0,0.0,2.0,2.0,0.0,1.0,0.0,2.0,0.0,0.0,0.0,0.0,0.0,0.0,0.0,0,0,0,2,,,,,,0.0,
001417,Bryce Wasserman,CHA,1,A,attack,offensive_field,2,2.0,2.0,0.0,1.0,0.0,0.0,0.0,0.0,1.0,2.0,33.0,28.0,3.0,0.0,0.0,0.0,0.0,0.0,0.0,0.0,0.0,0.0,0.0,0,0,0,4,0.0,0.0,,0.0,,0.09090909090909091,
001427,Nick Marrocco,CAN,1,G,goalie,goalie,9,2.0,0.0,2.0,2.0,0.0,0.0,0.0,0.0,0.0,3.0,151.0,149.0,0.0,23.0,1.0,3.0,0.0,0.0,0.0,123.0,124.0,5.0,129.0,254,236,18,411,0.0,0.0,0.0,,,0.0,0.4979757085020243
001657,Brendan Bomberry,CAN,1,A,attack,offensive_field,3,8.0,8.0,0.0,3.0,1.0,1.0,0.0,1.0,0.0,0.0,26.0,16.0,2.0,1.0,0.0,0.0,0.0,0.0,0.0,0.0,0.0,0.0,0.0,0,0,0,9,0.125,0.125,,0.125,,0.07692307692307693,
001662,Andrew Kew,CHA,1,A,attack,offensive_field,1,4.0,3.0,1.0,0.0,0.0,0.0,0.0,0.0,0.0,1.0,15.0,10.0,1.0,2.0,0.0,0.0,0.0,0.0,0.0,0.0,0.0,0.0,0.0,0,0,0,7,0.0,0.0,0.0,0.0,,0.06666666666666667,
001671,Zach Goodrich,CAN,1,SSDM,defensive_midfield,defensive_field,10,6.0,5.0,1.0,3.0,1.0,1.0,0.0,1.0,0.0,4.0,82.0,74.0,2.0,9.0,5.0,6.0,0.0,0.0,0.0,0.0,0.0,0.0,0.0,0,0,0,28,0.16666666666666666,0.16666666666666666,0.0,0.2,,0.024390243902439025,
001707,Matt Whitcher,WAT,1,SSDM,defensive_midfield,defensive_field,13,8.0,7.0,1.0,6.0,2.0,2.0,0.0,2.0,0.0,4.0,87.0,77.0,2.0,15.0,2.0,7.0,0.0,0.0,0.0,0.0,0.0,0.0,0.0,0,0,0,29,0.25,0.25,0.0,0.2857142857142857,,0.022988505747126436,
001724,Sean Sconone,CHR,1,G,goalie,goalie,11,0.0,0.0,0.0,0.0,0.0,0.0,0.0,0.0,1.0,7.0,149.0,146.0,3.0,20.0,0.0,3.0,0.0,0.0,0.0,127.0,107.0,6.0,113.0,253,230,23,416,,,,,,0.020134228187919462,0.5427350427350427
001727,Bradley Voigt,CHA,1,A,attack,offensive_field,1,3.0,3.0,0.0,2.0,1.0,1.0,0.0,1.0,0.0,0.0,9.0,5.0,1.0,0.0,0.0,0.0,0.0,0.0,0.0,0.0,0.0,0.0,0.0,0,0,0,3,0.3333333333333333,0.3333333333333333,,0.3333333333333333,,0.1111111111111111,
001729,Chris Aslanian,CAN,2,M,midfield,offensive_field,5,20.0,16.0,4.0,12.0,4.0,4.0,0.0,4.0,5.0,11.0,101.0,77.0,4.0,6.0,0.0,0.0,0.0,0.0,0.0,0.0,0.0,0.0,0.0,0,0,0,37,0.2,0.2,0.0,0.25,,0.039603960396039604,
001740,Andrew Newbold,CAN,1,LSM,long_stick_midfield,defensive_field,4,3.0,2.0,1.0,2.0,1.0,1.0,0.0,1.0,0.0,2.0,9.0,6.0,0.0,0.0,0.0,1.0,3.0,0.0,3.0,0.0,0.0,0.0,0.0,0,0,0,8,0.3333333333333333,0.3333333333333333,0.0,0.5,0.0,0.0,
001746,Daniel Bucaro,ATL,1,M,midfield,offensive_field,10,36.0,36.0,0.0,20.0,9.0,9.0,0.0,9.0,3.0,9.0,117.0,71.0,10.0,5.0,0.0,1.0,0.0,0.0,0.0,0.0,0.0,0.0,0.0,0,0,0,50,0.25,0.25,,0.25,,0.08547008547008547,
001760,Pat Aslanian,CAN,1,SSDM,defensive_midfield,defensive_field,3,1.0,1.0,0.0,0.0,0.0,0.0,0.0,0.0,0.0,1.0,12.0,10.0,1.0,0.0,0.0,2.0,0.0,0.0,0.0,0.0,0.0,0.0,0.0,0,0,0,2,0.0,0.0,,0.0,,0.08333333333333333,
001763,Alex Woodall,CAN,1,FO,faceoff,faceoff,4,0.0,0.0,0.0,0.0,0.0,0.0,0.0,0.0,1.0,1.0,12.0,10.0,2.0,12.0,0.0,0.0,50.0,23.0,27.0,0.0,0.0,0.0,0.0,0,0,0,75,,,,,0.46,0.16666666666666666,
001766,Holden Garlent,CAN,1,D,defense,defensive_field,10,3.0,0.0,3.0,2.0,1.0,0.0,1.0,2.0,0.0,0.0,52.0,43.0,6.0,23.0,4.0,9.0,0.0,0.0,0.0,0.0,0.0,0.0,0.0,0,0,0,35,0.3333333333333333,0.6666666666666666,0.3333333333333333,,,0.11538461538461539,
001773,Nick Washuta,ARC,1,G,goalie,goalie,2,0.0,0.0,0.0,0.0,0.0,0.0,0.0,0.0,0.0,0.0,2.0,1.0,1.0,0.0,0.0,0.0,0.0,0.0,0.0,0.0,1.0,0.0,1.0,1,1,0,1,,,,,,0.5,0.0
001793,Chase Fraser,CHA,1,A,attack,offensive_field,10,49.0,49.0,0.0,29.0,14.0,14.0,0.0,14.0,1.0,11.0,270.0,197.0,24.0,16.0,3.0,4.0,0.0,0.0,0.0,0.0,0.0,0.0,0.0,0,0,0,79,0.2857142857142857,0.2857142857142857,,0.2857142857142857,,0.08888888888888889,
001795,Christian Scarpello,WAT,1,SSDM,defensive_midfield,defensive_field,9,0.0,0.0,0.0,0.0,0.0,0.0,0.0,0.0,2.0,3.0,55.0,53.0,2.0,4.0,1.0,4.0,0.0,0.0,0.0,0.0,0.0,0.0,0.0,0,0,0,8,,,,,,0.03636363636363636,
001796,Latrell Harris,ARC,1,SSDM,defensive_midfield,defensive_field,12,3.0,3.0,0.0,2.0,2.0,2.0,0.0,2.0,1.0,8.0,78.0,72.0,3.0,22.0,3.0,9.0,0.0,0.0,0.0,0.0,0.0,0.0,0.0,0,0,0,43,0.6666666666666666,0.6666666666666666,,0.6666666666666666,,0.038461538461538464,
001797,JD Colarusso,ATL,1,G,goalie,goalie,3,0.0,0.0,0.0,0.0,0.0,0.0,0.0,0.0,0.0,0.0,10.0,9.0,1.0,4.0,0.0,0.0,0.0,0.0,0.0,7.0,10.0,2.0,12.0,17,14,3,29,,,,,,0.1,0.4117647058823529
001809,Jeff Teat,ATL,1,A,attack,offensive_field,11,59.0,58.0,1.0,39.0,25.0,24.0,1.0,26.0,19.0,77.0,401.0,320.0,22.0,18.0,0.0,2.0,0.0,0.0,0.0,0.0,0.0,0.0,0.0,0,0,0,154,0.423728813559322,0.4406779661016949,1.0,0.41379310344827586,,0.05486284289276808,
001810,Michael Sowers,WAT,1,A,attack,offensive_field,12,77.0,75.0,2.0,55.0,29.0,29.0,0.0,29.0,15.0,67.0,333.0,238.0,18.0,10.0,1.0,0.0,0.0,0.0,0.0,0.0,0.0,0.0,0.0,0,0,0,155,0.37662337662337664,0.37662337662337664,0.0,0.38666666666666666,,0.05405405405405406,
001811,JT Giles-Harris,CHR,1,D,defense,defensive_field,11,1.0,1.0,0.0,0.0,0.0,0.0,0.0,0.0,0.0,0.0,83.0,77.0,5.0,24.0,2.0,11.0,0.0,0.0,0.0,0.0,0.0,0.0,0.0,0,0,0,27,0.0,0.0,,0.0,,0.060240963855421686,
001812,TD Ierlan,RED,1,FO,faceoff,faceoff,11,7.0,7.0,0.0,3.0,1.0,1.0,0.0,1.0,1.0,5.0,89.0,73.0,9.0,85.0,2.0,5.0,276.0,150.0,123.0,0.0,0.0,0.0,0.0,0,0,0,457,0.14285714285714285,0.14285714285714285,,0.14285714285714285,0.5434782608695652,0.10112359550561797,
001813,Jared Conners,ARC,1,LSM,long_stick_midfield,defensive_field,12,6.0,3.0,3.0,4.0,0.0,0.0,0.0,0.0,4.0,8.0,67.0,52.0,9.0,25.0,3.0,7.0,2.0,0.0,2.0,0.0,0.0,0.0,0.0,0,0,0,62,0.0,0.0,0.0,0.0,0.0,0.13432835820895522,
001814,Mac O'Keefe,CHA,1,M,midfield,offensive_field,13,46.0,37.0,9.0,29.0,14.0,12.0,2.0,16.0,3.0,14.0,242.0,188.0,8.0,6.0,0.0,0.0,0.0,0.0,0.0,0.0,0.0,0.0,0.0,0,0,0,67,0.30434782608695654,0.34782608695652173,0.2222222222222222,0.32432432432432434,,0.03305785123966942,
001815,Connor Kirst,WHP,1,SSDM,defensive_midfield,defensive_field,11,25.0,19.0,6.0,17.0,8.0,7.0,1.0,9.0,1.0,5.0,113.0,83.0,5.0,18.0,1.0,6.0,0.0,0.0,0.0,0.0,0.0,0.0,0.0,0,0,0,54,0.32,0.36,0.16666666666666666,0.3684210526315789,,0.04424778761061947,
001816,Dox Aitken,ATL,1,M,midfield,offensive_field,9,26.0,25.0,1.0,20.0,9.0,9.0,0.0,9.0,2.0,16.0,160.0,123.0,11.0,9.0,0.0,1.0,0.0,0.0,0.0,0.0,0.0,0.0,0.0,0,0,0,52,0.34615384615384615,0.34615384615384615,0.0,0.36,,0.06875,
001817,Jack Kielty,CAN,1,D,defense,defensive_field,10,0.0,0.0,0.0,0.0,0.0,0.0,0.0,0.0,0.0,0.0,67.0,63.0,4.0,12.0,1.0,7.0,0.0,0.0,0.0,0.0,0.0,0.0,0.0,0,0,0,13,,,,,,0.05970149253731343,
001818,Jake Carraway,ATL,1,A,attack,offensive_field,2,8.0,6.0,2.0,5.0,1.0,1.0,0.0,1.0,0.0,3.0,33.0,25.0,0.0,1.0,0.0,0.0,0.0,0.0,0.0,0.0,0.0,0.0,0.0,0,0,0,12,0.125,0.125,0.0,0.16666666666666666,,0.0,
001819,Danny Logan,ATL,1,SSDM,defensive_midfield,defensive_field,11,11.0,3.0,8.0,7.0,5.0,2.0,3.0,8.0,3.0,11.0,106.0,91.0,4.0,22.0,3.0,6.0,13.0,2.0,11.0,0.0,0.0,0.0,0.0,0,0,0,72,0.45454545454545453,0.7272727272727273,0.375,0.6666666666666666,0.15384615384615385,0.03773584905660377,
001820,Ryan Terefenko,CHR,1,SSDM,defensive_midfield,defensive_field,11,5.0,5.0,0.0,3.0,2.0,2.0,0.0,2.0,3.0,7.0,123.0,111.0,7.0,23.0,2.0,6.0,0.0,0.0,0.0,0.0,0.0,0.0,0.0,0,0,0,44,0.4,0.4,,0.4,,0.056910569105691054,
001821,Tre Leclaire,ARC,1,M,midfield,offensive_field,11,28.0,27.0,1.0,17.0,8.0,8.0,0.0,8.0,2.0,5.0,142.0,112.0,2.0,7.0,0.0,1.0,0.0,0.0,0.0,0.0,0.0,0.0,0.0,0,0,0,41,0.2857142857142857,0.2857142857142857,0.0,0.2962962962962963,,0.014084507042253521,
001823,Tanner Cook,CHA,1,M,midfield,offensive_field,5,7.0,7.0,0.0,6.0,2.0,2.0,0.0,2.0,1.0,7.0,72.0,60.0,5.0,3.0,1.0,0.0,0.0,0.0,0.0,0.0,0.0,0.0,0.0,0,0,0,18,0.2857142857142857,0.2857142857142857,,0.2857142857142857,,0.06944444444444445,
001824,Ryan Tierney,CAN,1,M,midfield,offensive_field,7,14.0,13.0,1.0,10.0,5.0,5.0,0.0,5.0,0.0,6.0,87.0,65.0,8.0,6.0,1.0,0.0,0.0,0.0,0.0,0.0,0.0,0.0,0.0,0,0,0,27,0.35714285714285715,0.35714285714285715,0.0,0.38461538461538464,,0.09195402298850575,
001825,Peter Dearth,ATL,1,SSDM,defensive_midfield,defensive_field,10,5.0,5.0,0.0,4.0,1.0,1.0,0.0,1.0,2.0,4.0,46.0,36.0,5.0,10.0,2.0,4.0,0.0,0.0,0.0,0.0,0.0,0.0,0.0,0,0,0,25,0.2,0.2,,0.2,,0.10869565217391304,
001826,Jeff Trainor,ARC,1,M,midfield,offensive_field,5,8.0,6.0,2.0,5.0,3.0,2.0,1.0,4.0,0.0,4.0,48.0,40.0,0.0,5.0,1.0,3.0,0.0,0.0,0.0,0.0,0.0,0.0,0.0,0,0,0,19,0.375,0.5,0.5,0.3333333333333333,,0.0,
001828,Justin Anderson,CHR,1,M,midfield,offensive_field,11,47.0,43.0,4.0,31.0,16.0,15.0,1.0,17.0,5.0,24.0,258.0,201.0,10.0,13.0,2.0,1.0,0.0,0.0,0.0,0.0,0.0,0.0,0.0,0,0,0,85,0.3404255319148936,0.3617021276595745,0.25,0.3488372093023256,,0.03875968992248062,
001831,Colin Squires,WHP,1,LSM,long_stick_midfield,defensive_field,11,0.0,0.0,0.0,0.0,0.0,0.0,0.0,0.0,0.0,1.0,32.0,29.0,3.0,23.0,0.0,6.0,12.0,2.0,10.0,0.0,0.0,0.0,0.0,0,0,0,42,,,,,0.16666666666666666,0.09375,
001832,Charlie Bertrand,RED,1,M,midfield,offensive_field,11,50.0,48.0,2.0,36.0,20.0,20.0,0.0,20.0,1.0,14.0,180.0,114.0,16.0,4.0,1.0,2.0,0.0,0.0,0.0,0.0,0.0,0.0,0.0,0,0,0,69,0.4,0.4,0.0,0.4166666666666667,,0.08888888888888889,
001833,Stephen Rehfuss,CAN,1,M,midfield,offensive_field,10,29.0,29.0,0.0,17.0,6.0,6.0,0.0,6.0,8.0,44.0,277.0,232.0,16.0,9.0,0.0,0.0,0.0,0.0,0.0,0.0,0.0,0.0,0.0,0,0,0,81,0.20689655172413793,0.20689655172413793,,0.20689655172413793,,0.05776173285198556,
001835,Ethan Walker,WAT,1,A,attack,offensive_field,12,38.0,38.0,0.0,22.0,15.0,15.0,0.0,15.0,6.0,44.0,314.0,262.0,14.0,17.0,1.0,1.0,0.0,0.0,0.0,0.0,0.0,0.0,0.0,0,0,0,100,0.39473684210526316,0.39473684210526316,,0.39473684210526316,,0.044585987261146494,
001836,Jackson Morrill,CHR,1,M,midfield,offensive_field,11,14.0,14.0,0.0,10.0,5.0,5.0,0.0,5.0,3.0,19.0,145.0,120.0,11.0,3.0,2.0,0.0,0.0,0.0,0.0,0.0,0.0,0.0,0.0,0,0,0,38,0.35714285714285715,0.35714285714285715,,0.35714285714285715,,0.07586206896551724,
001838,Ryan Smith,CHA,1,M,midfield,offensive_field,11,18.0,18.0,0.0,13.0,8.0,8.0,0.0,8.0,7.0,24.0,173.0,148.0,7.0,2.0,0.0,0.0,0.0,0.0,0.0,0.0,0.0,0.0,0.0,0,0,0,44,0.4444444444444444,0.4444444444444444,,0.4444444444444444,,0.04046242774566474,
001839,Nick Grill,CHR,1,LSM,long_stick_midfield,defensive_field,11,0.0,0.0,0.0,0.0,0.0,0.0,0.0,0.0,0.0,1.0,34.0,32.0,2.0,12.0,1.0,6.0,0.0,0.0,0.0,0.0,0.0,0.0,0.0,0,0,0,17,,,,,,0.058823529411764705,
001843,Cole Williams,CHR,1,M,midfield,offensive_field,5,12.0,12.0,0.0,9.0,5.0,5.0,0.0,5.0,2.0,10.0,73.0,58.0,3.0,3.0,1.0,0.0,0.0,0.0,0.0,0.0,0.0,0.0,0.0,0,0,0,26,0.4166666666666667,0.4166666666666667,,0.4166666666666667,,0.0410958904109589,
001846,Adam Charalambides,CAN,1,A,attack,offensive_field,3,17.0,17.0,0.0,11.0,3.0,3.0,0.0,3.0,0.0,3.0,62.0,41.0,4.0,4.0,0.0,0.0,0.0,0.0,0.0,0.0,0.0,0.0,0.0,0,0,0,24,0.17647058823529413,0.17647058823529413,,0.17647058823529413,,0.06451612903225806,
002001,Kevin Rogers,CHR,1,M,midfield,offensive_field,5,11.0,10.0,1.0,5.0,1.0,1.0,0.0,1.0,3.0,10.0,74.0,61.0,2.0,5.0,0.0,1.0,0.0,0.0,0.0,0.0,0.0,0.0,0.0,0,0,0,26,0.09090909090909091,0.09090909090909091,0.0,0.1,,0.02702702702702703,
002007,Charlie Kitchen,WAT,1,A,attack,offensive_field,1,3.0,3.0,0.0,2.0,1.0,1.0,0.0,1.0,0.0,2.0,8.0,5.0,0.0,0.0,0.0,0.0,0.0,0.0,0.0,0.0,0.0,0.0,0.0,0,0,0,5,0.3333333333333333,0.3333333333333333,,0.3333333333333333,,0.0,
002015,Logan Wisnauskas,CHR,1,A,attack,offensive_field,10,72.0,71.0,1.0,48.0,26.0,26.0,0.0,26.0,11.0,34.0,331.0,251.0,8.0,10.0,0.0,0.0,0.0,0.0,0.0,0.0,0.0,0.0,0.0,0,0,0,117,0.3611111111111111,0.3611111111111111,0.0,0.36619718309859156,,0.02416918429003021,
002016,Chris Gray,ATL,1,A,attack,offensive_field,11,71.0,65.0,6.0,40.0,21.0,20.0,1.0,22.0,17.0,49.0,399.0,309.0,19.0,8.0,3.0,1.0,0.0,0.0,0.0,0.0,0.0,0.0,0.0,0,0,0,131,0.29577464788732394,0.30985915492957744,0.16666666666666666,0.3076923076923077,,0.047619047619047616,
002017,Arden Cohen,RED,1,D,defense,defensive_field,11,0.0,0.0,0.0,0.0,0.0,0.0,0.0,0.0,0.0,1.0,38.0,34.0,4.0,18.0,1.0,4.0,0.0,0.0,0.0,0.0,0.0,0.0,0.0,0,0,0,23,,,,,,0.10526315789473684,
002018,Matt Moore,ARC,1,M,midfield,offensive_field,12,56.0,51.0,5.0,38.0,18.0,18.0,0.0,18.0,6.0,24.0,213.0,142.0,15.0,4.0,1.0,0.0,0.0,0.0,0.0,0.0,0.0,0.0,0.0,0,0,0,83,0.32142857142857145,0.32142857142857145,0.0,0.35294117647058826,,0.07042253521126761,
002019,Koby Smith,ATL,1,LSM,long_stick_midfield,defensive_field,11,5.0,2.0,3.0,4.0,3.0,1.0,2.0,5.0,0.0,3.0,30.0,20.0,5.0,12.0,1.0,3.0,0.0,0.0,0.0,0.0,0.0,0.0,0.0,0,0,0,27,0.6,1.0,0.6666666666666666,0.5,,0.16666666666666666,
002020,Brett Kennedy,CHA,1,D,defense,defensive_field,5,0.0,0.0,0.0,0.0,0.0,0.0,0.0,0.0,0.0,1.0,21.0,20.0,1.0,8.0,1.0,1.0,0.0,0.0,0.0,0.0,0.0,0.0,0.0,0,0,0,10,,,,,,0.047619047619047616,
002022,Zach Geddes,CHA,1,SSDM,defensive_midfield,defensive_field,6,2.0,1.0,1.0,2.0,0.0,0.0,0.0,0.0,0.0,2.0,39.0,35.0,2.0,8.0,0.0,1.0,0.0,0.0,0.0,0.0,0.0,0.0,0.0,0,0,0,13,0.0,0.0,0.0,0.0,,0.05128205128205128,
002023,Brendan Nichtern,CHR,1,A,attack,offensive_field,11,60.0,58.0,2.0,39.0,16.0,16.0,0.0,16.0,24.0,62.0,522.0,427.0,35.0,12.0,0.0,3.0,0.0,0.0,0.0,0.0,0.0,0.0,0.0,0,0,0,135,0.26666666666666666,0.26666666666666666,0.0,0.27586206896551724,,0.06704980842911877,
002024,Asher Nolting,CAN,1,A,attack,offensive_field,10,49.0,49.0,0.0,38.0,14.0,14.0,0.0,14.0,9.0,45.0,282.0,202.0,31.0,13.0,1.0,2.0,0.0,0.0,0.0,0.0,0.0,0.0,0.0,0,0,0,108,0.2857142857142857,0.2857142857142857,,0.2857142857142857,,0.1099290780141844,
002025,Bubba Fairman,CAN,1,SSDM,defensive_midfield,defensive_field,9,12.0,11.0,1.0,9.0,4.0,4.0,0.0,4.0,1.0,7.0,90.0,75.0,3.0,17.0,1.0,1.0,0.0,0.0,0.0,0.0,0.0,0.0,0.0,0,0,0,43,0.3333333333333333,0.3333333333333333,0.0,0.36363636363636365,,0.03333333333333333,
002026,Brett Dobson,ARC,1,G,goalie,goalie,1,0.0,0.0,0.0,0.0,0.0,0.0,0.0,0.0,0.0,0.0,12.0,12.0,0.0,4.0,0.0,0.0,0.0,0.0,0.0,14.0,13.0,0.0,13.0,31,31,0,51,,,,,,0.0,0.5185185185185185
002027,Brendan Curry,ATL,1,M,midfield,offensive_field,3,12.0,12.0,0.0,7.0,1.0,1.0,0.0,1.0,0.0,1.0,35.0,21.0,2.0,1.0,0.0,0.0,0.0,0.0,0.0,0.0,0.0,0.0,0.0,0,0,0,14,0.08333333333333333,0.08333333333333333,,0.08333333333333333,,0.05714285714285714,
002028,Jack Hannah,WAT,1,M,midfield,offensive_field,13,77.0,74.0,3.0,47.0,12.0,12.0,0.0,12.0,5.0,19.0,189.0,103.0,9.0,6.0,2.0,1.0,0.0,0.0,0.0,0.0,0.0,0.0,0.0,0,0,0,104,0.15584415584415584,0.15584415584415584,0.0,0.16216216216216217,,0.047619047619047616,
002029,Wheaton Jackoboice,WHP,1,M,midfield,offensive_field,7,11.0,10.0,1.0,2.0,1.0,1.0,0.0,1.0,0.0,13.0,64.0,50.0,3.0,2.0,0.0,0.0,0.0,0.0,0.0,0.0,0.0,0.0,0.0,0,0,0,26,0.09090909090909091,0.09090909090909091,0.0,0.1,,0.046875,
002030,Jonathan Donville,CAN,2,M,midfield,offensive_field,7,24.0,24.0,0.0,18.0,8.0,8.0,0.0,8.0,2.0,20.0,133.0,103.0,6.0,5.0,0.0,1.0,0.0,0.0,0.0,0.0,0.0,0.0,0.0,0,0,0,49,0.3333333333333333,0.3333333333333333,,0.3333333333333333,,0.045112781954887216,
002032,Justin Inacio,ARC,1,FO,faceoff,faceoff,10,7.0,7.0,0.0,4.0,2.0,2.0,0.0,2.0,0.0,2.0,42.0,34.0,1.0,44.0,1.0,0.0,225.0,92.0,132.0,0.0,0.0,0.0,0.0,0,0,0,318,0.2857142857142857,0.2857142857142857,,0.2857142857142857,0.4088888888888889,0.023809523809523808,
002033,Nakeie Montgomery,RED,1,M,midfield,offensive_field,11,24.0,19.0,5.0,15.0,6.0,5.0,1.0,7.0,2.0,10.0,113.0,86.0,3.0,6.0,1.0,3.0,0.0,0.0,0.0,0.0,0.0,0.0,0.0,0,0,0,43,0.25,0.2916666666666667,0.2,0.2631578947368421,,0.02654867256637168,
002034,Keegan Khan,WHP,1,M,midfield,offensive_field,7,18.0,18.0,0.0,9.0,6.0,6.0,0.0,6.0,3.0,14.0,101.0,73.0,10.0,1.0,1.0,0.0,0.0,0.0,0.0,0.0,0.0,0.0,0.0,0,0,0,34,0.3333333333333333,0.3333333333333333,,0.3333333333333333,,0.09900990099009901,
002036,Jake Higgins,WAT,1,SSDM,defensive_midfield,defensive_field,9,1.0,1.0,0.0,0.0,0.0,0.0,0.0,0.0,1.0,4.0,51.0,48.0,2.0,8.0,1.0,5.0,0.0,0.0,0.0,0.0,0.0,0.0,0.0,0,0,0,14,0.0,0.0,,0.0,,0.0392156862745098,
002037,Bryan McIntosh,CAN,1,D,defense,defensive_field,3,0.0,0.0,0.0,0.0,0.0,0.0,0.0,0.0,0.0,0.0,13.0,13.0,0.0,5.0,0.0,0.0,0.0,0.0,0.0,0.0,0.0,0.0,0.0,0,0,0,5,,,,,,0.0,
002038,Colin Kirst,CAN,1,G,goalie,goalie,2,0.0,0.0,0.0,0.0,0.0,0.0,0.0,0.0,0.0,0.0,13.0,13.0,0.0,1.0,0.0,0.0,0.0,0.0,0.0,9.0,9.0,2.0,11.0,20,18,2,45,,,,,,0.0,0.5
002040,Jackson Reid,WHP,1,A,attack,offensive_field,5,16.0,16.0,0.0,8.0,4.0,4.0,0.0,4.0,0.0,5.0,61.0,42.0,3.0,2.0,0.0,0.0,1.0,0.0,1.0,0.0,0.0,0.0,0.0,0,0,0,24,0.25,0.25,,0.25,0.0,0.04918032786885246,
002041,Mitch Bartolo,RED,1,M,midfield,offensive_field,1,0.0,0.0,0.0,0.0,0.0,0.0,0.0,0.0,0.0,0.0,2.0,1.0,1.0,1.0,0.0,0.0,0.0,0.0,0.0,0.0,0.0,0.0,0.0,0,0,0,1,,,,,,0.5,
002042,Jon Robbins,ARC,1,LSM,long_stick_midfield,defensive_field,11,2.0,2.0,0.0,1.0,1.0,1.0,0.0,1.0,0.0,3.0,21.0,18.0,1.0,9.0,3.0,10.0,0.0,0.0,0.0,0.0,0.0,0.0,0.0,0,0,0,19,0.5,0.5,,0.5,,0.047619047619047616,
002043,Ryan Aughavin,ARC,1,M,midfield,offensive_field,2,4.0,3.0,1.0,4.0,1.0,0.0,1.0,2.0,0.0,0.0,14.0,10.0,0.0,1.0,0.0,1.0,0.0,0.0,0.0,0.0,0.0,0.0,0.0,0,0,0,4,0.25,0.5,1.0,0.0,,0.0,
002047,Frankie Labetti,ARC,1,FO,faceoff,faceoff,2,3.0,3.0,0.0,1.0,1.0,1.0,0.0,1.0,0.0,2.0,8.0,4.0,1.0,9.0,1.0,1.0,51.0,19.0,32.0,0.0,0.0,0.0,0.0,0,0,0,75,0.3333333333333333,0.3333333333333333,,0.3333333333333333,0.37254901960784315,0.125,
002051,Connor DeSimone,ARC,1,A,attack,offensive_field,5,12.0,11.0,1.0,10.0,7.0,7.0,0.0,7.0,5.0,8.0,130.0,109.0,9.0,3.0,0.0,2.0,0.0,0.0,0.0,0.0,0.0,0.0,0.0,0,0,0,22,0.5833333333333334,0.5833333333333334,0.0,0.6363636363636364,,0.06923076923076923,
002055,Jakob Phaup,ATL,1,FO,faceoff,faceoff,1,0.0,0.0,0.0,0.0,0.0,0.0,0.0,0.0,0.0,0.0,5.0,4.0,1.0,5.0,0.0,0.0,29.0,11.0,18.0,0.0,0.0,0.0,0.0,0,0,0,39,,,,,0.3793103448275862,0.2,
002056,Matt Rahill,CAN,1,D,defense,defensive_field,5,1.0,0.0,1.0,1.0,0.0,0.0,0.0,0.0,0.0,0.0,27.0,24.0,2.0,9.0,1.0,1.0,0.0,0.0,0.0,0.0,0.0,0.0,0.0,0,0,0,15,0.0,0.0,0.0,,,0.07407407407407407,
002062,Ryan Hallenbeck,RED,1,SSDM,defensive_midfield,defensive_field,4,2.0,1.0,1.0,2.0,0.0,0.0,0.0,0.0,0.0,0.0,20.0,18.0,0.0,2.0,2.0,1.0,0.0,0.0,0.0,0.0,0.0,0.0,0.0,0,0,0,6,0.0,0.0,0.0,0.0,,0.0,
002063,Ryan Kennedy,RED,1,D,defense,defensive_field,3,0.0,0.0,0.0,0.0,0.0,0.0,0.0,0.0,0.0,0.0,8.0,6.0,2.0,8.0,0.0,1.0,0.0,0.0,0.0,0.0,0.0,0.0,0.0,0,0,0,13,,,,,,0.25,
002064,Joe Robertson,RED,1,A,attack,offensive_field,4,9.0,9.0,0.0,6.0,1.0,1.0,0.0,1.0,1.0,1.0,27.0,14.0,4.0,2.0,0.0,0.0,0.0,0.0,0.0,0.0,0.0,0.0,0.0,0,0,0,12,0.1111111111111111,0.1111111111111111,,0.1111111111111111,,0.14814814814814814,
002065,Anthony DeMaio,RED,1,M,midfield,offensive_field,1,0.0,0.0,0.0,0.0,0.0,0.0,0.0,0.0,0.0,1.0,5.0,5.0,0.0,1.0,0.0,0.0,0.0,0.0,0.0,0.0,0.0,0.0,0.0,0,0,0,2,,,,,,0.0,
002067,Zac Tucci,WAT,1,FO,faceoff,faceoff,4,5.0,4.0,1.0,2.0,0.0,0.0,0.0,0.0,1.0,1.0,18.0,12.0,1.0,19.0,0.0,0.0,109.0,47.0,60.0,0.0,0.0,0.0,0.0,0,0,0,151,0.0,0.0,0.0,0.0,0.43119266055045874,0.05555555555555555,
002072,Brennan Kamish,WHP,1,SSDM,defensive_midfield,defensive_field,5,1.0,1.0,0.0,0.0,0.0,0.0,0.0,0.0,0.0,2.0,32.0,31.0,0.0,8.0,0.0,4.0,0.0,0.0,0.0,0.0,0.0,0.0,0.0,0,0,0,14,0.0,0.0,,0.0,,0.0,
