comparison_set,metric_name,higher_is_better,team_id,full_value,high_confidence_value,absolute_difference,relative_difference,rank_full,rank_high_confidence,rank_change,n_possessions_full,n_possessions_high_confidence,possession_retention_rate
non_ambiguous,defensive_efficiency,False,ARC,0.2465753424657534,0.2959770114942529,0.04940166902849946,0.20035121328224784,1,1,0,511,348,0.6810176125244618
non_ambiguous,defensive_efficiency,False,ATL,0.3143507972665148,0.3717948717948718,0.05744407452835698,0.1827387588257153,8,8,0,439,312,0.7107061503416856
non_ambiguous,defensive_efficiency,False,CAN,0.3004484304932735,0.3588039867109635,0.05835555621768995,0.19422819457529641,6,5,-1,446,301,0.6748878923766816
non_ambiguous,defensive_efficiency,False,CHA,0.275797373358349,0.36607142857142855,0.09027405521307957,0.3273202137998055,4,7,3,533,336,0.6303939962476548
non_ambiguous,defensive_efficiency,False,CHR,0.2634032634032634,0.32646048109965636,0.06305721769639294,0.23939421585621742,2,4,2,429,291,0.6783216783216783
non_ambiguous,defensive_efficiency,False,RED,0.30855855855855857,0.3627760252365931,0.05421746667803451,0.17571208178866657,7,6,-1,444,317,0.713963963963964
non_ambiguous,defensive_efficiency,False,WAT,0.2852233676975945,0.3251833740831296,0.039960006385535096,0.1401007452794062,5,2,-3,582,409,0.7027491408934707
non_ambiguous,defensive_efficiency,False,WHP,0.26520681265206814,0.32592592592592595,0.06071911327385782,0.22895005096839965,3,3,0,411,270,0.656934306569343
non_ambiguous,net_efficiency,True,ARC,0.05280095691054598,0.08056619838229034,0.027765241471744362,0.5258473159640557,1,1,0,992,672,0.6774193548387096
non_ambiguous,net_efficiency,True,ATL,-0.015403428845462197,-0.02322344322344322,-0.007820014377981022,-0.5076801052828426,5,5,0,914,662,0.7242888402625821
non_ambiguous,net_efficiency,True,CAN,-0.03729053575643143,-0.037636103499284645,-0.00034556774285321445,-0.009266902066259936,8,7,-1,864,575,0.6655092592592593
non_ambiguous,net_efficiency,True,CHA,-0.021394242242889105,-0.05028195488721804,-0.028887712644328933,-1.3502564062034244,6,8,2,1044,659,0.6312260536398467
non_ambiguous,net_efficiency,True,CHR,0.011150308025308031,0.0014615968224215847,-0.009688711202886446,-0.8689187043887778,3,3,0,877,599,0.6830102622576967
non_ambiguous,net_efficiency,True,RED,-0.03254045901104724,-0.029442691903259766,0.0030977671077874747,0.09519740046493524,7,6,-1,886,623,0.7031602708803611
non_ambiguous,net_efficiency,True,WAT,0.022330589136937862,0.05639557328529149,0.03406498414835363,1.5254852408710287,2,2,0,1138,789,0.6933216168717048
non_ambiguous,net_efficiency,True,WHP,0.010655256313449102,-0.015581098339719046,-0.026236354653168148,-2.462292213473319,4,4,0,875,589,0.6731428571428572
non_ambiguous,offensive_efficiency,True,ARC,0.2993762993762994,0.3765432098765432,0.07716691050024382,0.2577589163237311,2,2,0,481,324,0.6735966735966736
non_ambiguous,offensive_efficiency,True,ATL,0.29894736842105263,0.3485714285714286,0.04962406015037596,0.16599597585513085,3,3,0,475,350,0.7368421052631579
non_ambiguous,offensive_efficiency,True,CAN,0.2631578947368421,0.32116788321167883,0.05800998847483674,0.22043795620437961,7,6,-1,418,274,0.6555023923444976
non_ambiguous,offensive_efficiency,True,CHA,0.25440313111545987,0.3157894736842105,0.06138634256875064,0.24129554655870444,8,7,-1,511,323,0.6320939334637965
non_ambiguous,offensive_efficiency,True,CHR,0.27455357142857145,0.32792207792207795,0.053368506493506496,0.19438285291943827,6,5,-1,448,308,0.6875
non_ambiguous,offensive_efficiency,True,RED,0.27601809954751133,0.3333333333333333,0.057315233785821984,0.20765027322404356,4,4,0,442,306,0.6923076923076923
non_ambiguous,offensive_efficiency,True,WAT,0.30755395683453235,0.3815789473684211,0.07402499053388872,0.24068944290550956,1,1,0,556,380,0.6834532374100719
non_ambiguous,offensive_efficiency,True,WHP,0.27586206896551724,0.3103448275862069,0.03448275862068967,0.12500000000000006,5,8,3,464,319,0.6875
non_ambiguous,possession_ending_turnover_rate,False,ARC,0.30145530145530147,0.3395061728395062,0.03805087138420471,0.12622392507449975,1,1,0,481,324,0.6735966735966736
non_ambiguous,possession_ending_turnover_rate,False,ATL,0.3431578947368421,0.4057142857142857,0.06255639097744359,0.1822962313759859,5,5,0,475,350,0.7368421052631579
non_ambiguous,possession_ending_turnover_rate,False,CAN,0.35167464114832536,0.40145985401459855,0.04978521286627319,0.14156611549729384,7,3,-4,418,274,0.6555023923444976
non_ambiguous,possession_ending_turnover_rate,False,CHA,0.3835616438356164,0.44891640866873067,0.06535476483311425,0.17038920831490503,8,8,0,511,323,0.6320939334637965
non_ambiguous,possession_ending_turnover_rate,False,CHR,0.3482142857142857,0.41883116883116883,0.07061688311688313,0.20279720279720284,6,6,0,448,308,0.6875
non_ambiguous,possession_ending_turnover_rate,False,RED,0.3393665158371041,0.40522875816993464,0.06586224233283056,0.19407407407407404,3,4,1,442,306,0.6923076923076923
non_ambiguous,possession_ending_turnover_rate,False,WAT,0.3381294964028777,0.39210526315789473,0.05397576675501703,0.15963045912653973,2,2,0,556,380,0.6834532374100719
non_ambiguous,possession_ending_turnover_rate,False,WHP,0.3426724137931034,0.4482758620689655,0.1056034482758621,0.3081761006289309,4,7,3,464,319,0.6875
non_ambiguous,shots_per_possession,True,ARC,0.9521829521829522,0.9382716049382716,-0.013911347244680683,-0.014609952018976873,3,2,-1,481,324,0.6735966735966736
non_ambiguous,shots_per_possession,True,ATL,0.9368421052631579,0.8857142857142857,-0.051127819548872244,-0.05457463884430183,5,5,0,475,350,0.7368421052631579
non_ambiguous,shots_per_possession,True,CAN,0.9401913875598086,0.927007299270073,-0.013184088289735607,-0.014022770750914718,4,4,0,418,274,0.6555023923444976
non_ambiguous,shots_per_possession,True,CHA,0.8454011741682974,0.8018575851393189,-0.04354358902897848,-0.05150642128196297,8,8,0,511,323,0.6320939334637965
non_ambiguous,shots_per_possession,True,CHR,0.9040178571428571,0.8571428571428571,-0.046875,-0.05185185185185186,7,7,0,448,308,0.6875
non_ambiguous,shots_per_possession,True,RED,0.9321266968325792,0.9313725490196079,-0.0007541478129713397,-0.0008090614886731363,6,3,-3,442,306,0.6923076923076923
non_ambiguous,shots_per_possession,True,WAT,0.9802158273381295,0.9657894736842105,-0.014426353653918977,-0.014717527764365048,2,1,-1,556,380,0.6834532374100719
non_ambiguous,shots_per_possession,True,WHP,0.9956896551724138,0.8652037617554859,-0.13048589341692796,-0.13105076741440383,1,6,5,464,319,0.6875
non_ambiguous,two_point_possession_rate,True,ARC,0.09355509355509356,0.08641975308641975,-0.007135340468673812,-0.07626886145404674,5,4,-1,481,324,0.6735966735966736
non_ambiguous,two_point_possession_rate,True,ATL,0.13473684210526315,0.12,-0.01473684210526316,-0.10937500000000001,1,1,0,475,350,0.7368421052631579
non_ambiguous,two_point_possession_rate,True,CAN,0.06698564593301436,0.05474452554744526,-0.012241120385569099,-0.1827424400417101,7,7,0,418,274,0.6555023923444976
non_ambiguous,two_point_possession_rate,True,CHA,0.09393346379647749,0.07120743034055728,-0.02272603345592021,-0.24193756449948392,4,6,2,511,323,0.6320939334637965
non_ambiguous,two_point_possession_rate,True,CHR,0.05580357142857143,0.045454545454545456,-0.010349025974025976,-0.18545454545454548,8,8,0,448,308,0.6875
non_ambiguous,two_point_possession_rate,True,RED,0.11312217194570136,0.10130718954248366,-0.011814982403217697,-0.10444444444444444,2,2,0,442,306,0.6923076923076923
non_ambiguous,two_point_possession_rate,True,WAT,0.08812949640287769,0.0868421052631579,-0.0012873911397197901,-0.014607948442534763,6,3,-3,556,380,0.6834532374100719
non_ambiguous,two_point_possession_rate,True,WHP,0.09482758620689655,0.07210031347962383,-0.02272727272727272,-0.23966942148760326,3,5,2,464,319,0.6875
non_ambiguous_non_truncated,defensive_efficiency,False,ARC,0.2465753424657534,0.30383480825958703,0.05725946579383362,0.23221894460832523,1,1,0,511,339,0.6634050880626223
non_ambiguous_non_truncated,defensive_efficiency,False,ATL,0.3143507972665148,0.3841059602649007,0.06975516299838586,0.22190229388616947,8,7,-1,439,302,0.6879271070615034
non_ambiguous_non_truncated,defensive_efficiency,False,CAN,0.3004484304932735,0.3724137931034483,0.07196536261017478,0.23952650540401457,6,5,-1,446,290,0.6502242152466368
non_ambiguous_non_truncated,defensive_efficiency,False,CHA,0.275797373358349,0.38198757763975155,0.10619020428140258,0.3850297883128406,4,6,2,533,322,0.6041275797373359
non_ambiguous_non_truncated,defensive_efficiency,False,CHR,0.2634032634032634,0.3442028985507246,0.08079963514746119,0.3067525971527509,2,4,2,429,276,0.6433566433566433
non_ambiguous_non_truncated,defensive_efficiency,False,RED,0.30855855855855857,0.38461538461538464,0.07605682605682607,0.24649073554183046,7,8,1,444,299,0.6734234234234234
non_ambiguous_non_truncated,defensive_efficiency,False,WAT,0.2852233676975945,0.3367088607594937,0.0514854930618992,0.18050937928930927,5,2,-3,582,395,0.6786941580756014
non_ambiguous_non_truncated,defensive_efficiency,False,WHP,0.26520681265206814,0.3371647509578544,0.07195793830578628,0.2713276389328272,3,3,0,411,261,0.635036496350365
non_ambiguous_non_truncated,net_efficiency,True,ARC,0.05280095691054598,0.09098719821290485,0.03818624130235887,0.7232111601131209,1,1,0,992,648,0.6532258064516129
non_ambiguous_non_truncated,net_efficiency,True,ATL,-0.015403428845462197,-0.0177395938985343,-0.0023361650530721034,-0.1516652608007035,5,5,0,914,635,0.6947483588621444
non_ambiguous_non_truncated,net_efficiency,True,CAN,-0.03729053575643143,-0.039080459770114984,-0.0017899240136835526,-0.04799941801251401,8,6,-2,864,554,0.6412037037037037
non_ambiguous_non_truncated,net_efficiency,True,CHA,-0.021394242242889105,-0.05610898339055026,-0.034714741147661154,-1.6226207384932942,6,8,2,1044,635,0.6082375478927203
non_ambiguous_non_truncated,net_efficiency,True,CHR,0.011150308025308031,-0.0029866823345083837,-0.014136990359816415,-1.2678564868100024,3,3,0,877,572,0.6522234891676169
non_ambiguous_non_truncated,net_efficiency,True,RED,-0.03254045901104724,-0.040020790020790065,-0.007480331009742824,-0.22987785781396963,7,7,0,886,595,0.6715575620767494
non_ambiguous_non_truncated,net_efficiency,True,WAT,0.022330589136937862,0.05946600262848445,0.03713541349154659,1.6629840468525532,2,2,0,1138,761,0.6687170474516696
non_ambiguous_non_truncated,net_efficiency,True,WHP,0.010655256313449102,-0.014689180925281153,-0.025344437238730255,-2.3785854129797346,4,4,0,875,568,0.6491428571428571
non_ambiguous_non_truncated,offensive_efficiency,True,ARC,0.2993762993762994,0.3948220064724919,0.09544570709619249,0.3188151743976985,2,2,0,481,309,0.6424116424116424
non_ambiguous_non_truncated,offensive_efficiency,True,ATL,0.29894736842105263,0.3663663663663664,0.06741899794531375,0.22552129594383122,3,3,0,475,333,0.7010526315789474
non_ambiguous_non_truncated,offensive_efficiency,True,CAN,0.2631578947368421,0.3333333333333333,0.07017543859649122,0.26666666666666666,7,6,-1,418,264,0.631578947368421
non_ambiguous_non_truncated,offensive_efficiency,True,CHA,0.25440313111545987,0.3258785942492013,0.07147546313374142,0.2809535512410913,8,7,-1,511,313,0.6125244618395304
non_ambiguous_non_truncated,offensive_efficiency,True,CHR,0.27455357142857145,0.34121621621621623,0.06666264478764478,0.24280377938914519,6,5,-1,448,296,0.6607142857142857
non_ambiguous_non_truncated,offensive_efficiency,True,RED,0.27601809954751133,0.34459459459459457,0.06857649504708324,0.24844926894107205,4,4,0,442,296,0.669683257918552
non_ambiguous_non_truncated,offensive_efficiency,True,WAT,0.30755395683453235,0.39617486338797814,0.08862090655344579,0.28814750902757813,1,1,0,556,366,0.658273381294964
non_ambiguous_non_truncated,offensive_efficiency,True,WHP,0.27586206896551724,0.32247557003257327,0.04661350106705603,0.1689739413680781,5,8,3,464,307,0.6616379310344828
non_ambiguous_non_truncated,possession_ending_turnover_rate,False,ARC,0.30145530145530147,0.3559870550161812,0.05453175356087975,0.18089498939850454,1,1,0,481,309,0.6424116424116424
non_ambiguous_non_truncated,possession_ending_turnover_rate,False,ATL,0.3431578947368421,0.4264264264264264,0.08326853168958431,0.2426536966414267,5,5,0,475,333,0.7010526315789474
non_ambiguous_non_truncated,possession_ending_turnover_rate,False,CAN,0.35167464114832536,0.4166666666666667,0.06499202551834132,0.1848072562358277,7,3,-4,418,264,0.631578947368421
non_ambiguous_non_truncated,possession_ending_turnover_rate,False,CHA,0.3835616438356164,0.46325878594249204,0.07969714210687562,0.20778183477864,8,7,-1,511,313,0.6125244618395304
non_ambiguous_non_truncated,possession_ending_turnover_rate,False,CHR,0.3482142857142857,0.4358108108108108,0.0875965250965251,0.2515592515592516,6,6,0,448,296,0.6607142857142857
non_ambiguous_non_truncated,possession_ending_turnover_rate,False,RED,0.3393665158371041,0.4189189189189189,0.07955240308181483,0.23441441441441435,3,4,1,442,296,0.669683257918552
non_ambiguous_non_truncated,possession_ending_turnover_rate,False,WAT,0.3381294964028777,0.40710382513661203,0.06897432873373432,0.2039879083827462,2,2,0,556,366,0.658273381294964
non_ambiguous_non_truncated,possession_ending_turnover_rate,False,WHP,0.3426724137931034,0.46579804560260585,0.12312563180950242,0.35931001987175554,4,8,4,464,307,0.6616379310344828
non_ambiguous_non_truncated,shots_per_possession,True,ARC,0.9521829521829522,0.9546925566343042,0.0025096044513519544,0.002635632622489716,3,2,-1,481,309,0.6424116424116424
non_ambiguous_non_truncated,shots_per_possession,True,ATL,0.9368421052631579,0.9069069069069069,-0.029935198356251025,-0.03195330161622301,5,5,0,475,333,0.7010526315789474
non_ambiguous_non_truncated,shots_per_possession,True,CAN,0.9401913875598086,0.9393939393939394,-0.0007974481658691301,-0.0008481764206954108,4,4,0,418,264,0.631578947368421
non_ambiguous_non_truncated,shots_per_possession,True,CHA,0.8454011741682974,0.8019169329073482,-0.043484241260949186,-0.051436220565613505,8,8,0,511,313,0.6125244618395304
non_ambiguous_non_truncated,shots_per_possession,True,CHR,0.9040178571428571,0.8648648648648649,-0.03915299227799218,-0.04330997664330987,7,7,0,448,296,0.6607142857142857
non_ambiguous_non_truncated,shots_per_possession,True,RED,0.9321266968325792,0.9459459459459459,0.013819249113366738,0.014825505116767229,6,3,-3,442,296,0.669683257918552
non_ambiguous_non_truncated,shots_per_possession,True,WAT,0.9802158273381295,0.9644808743169399,-0.015734953021189657,-0.01605253922895679,2,1,-1,556,366,0.658273381294964
non_ambiguous_non_truncated,shots_per_possession,True,WHP,0.9956896551724138,0.8762214983713354,-0.11946815680107836,-0.1199853349690484,1,6,5,464,307,0.6616379310344828
non_ambiguous_non_truncated,two_point_possession_rate,True,ARC,0.09355509355509356,0.07766990291262135,-0.015885190642472208,-0.16979503775620292,5,3,-2,481,309,0.6424116424116424
non_ambiguous_non_truncated,two_point_possession_rate,True,ATL,0.13473684210526315,0.12012012012012012,-0.014616721985143036,-0.10848348348348347,1,1,0,475,333,0.7010526315789474
non_ambiguous_non_truncated,two_point_possession_rate,True,CAN,0.06698564593301436,0.05303030303030303,-0.013955342902711325,-0.20833333333333334,7,7,0,418,264,0.631578947368421
non_ambiguous_non_truncated,two_point_possession_rate,True,CHA,0.09393346379647749,0.07028753993610223,-0.023645923860375256,-0.25173056443024494,4,6,2,511,313,0.6125244618395304
non_ambiguous_non_truncated,two_point_possession_rate,True,CHR,0.05580357142857143,0.037162162162162164,-0.018641409266409267,-0.33405405405405403,8,8,0,448,296,0.6607142857142857
non_ambiguous_non_truncated,two_point_possession_rate,True,RED,0.11312217194570136,0.09121621621621621,-0.021905955729485144,-0.19364864864864867,2,2,0,442,296,0.669683257918552
non_ambiguous_non_truncated,two_point_possession_rate,True,WAT,0.08812949640287769,0.07650273224043716,-0.011626764162440531,-0.1319281811085089,6,4,-2,556,366,0.658273381294964
non_ambiguous_non_truncated,two_point_possession_rate,True,WHP,0.09482758620689655,0.07166123778501629,-0.023166348421880256,-0.2442996742671009,3,5,2,464,307,0.6616379310344828
