season,player_id,team_id,aggregation_level,player_name,positions,games_played,caused_turnovers,ground_balls,penalties,caused_turnovers_per_game,ground_balls_per_game,penalties_per_game
2026,000216,ALL,SEASON,Marcus Holman,A,14,4,25,4,0.285714285714,1.78571428571,0.285714285714
2026,000216,CAN,STINT,Marcus Holman,A,14,4,25,4,0.285714285714,1.78571428571,0.285714285714
2026,000221,ALL,SEASON,Ryan Ambler,M,13,2,10,1,0.153846153846,0.769230769231,0.0769230769231
2026,000221,ARC,STINT,Ryan Ambler,M,13,2,10,1,0.153846153846,0.769230769231,0.0769230769231
2026,000225,ALL,SEASON,Tom Schreiber,M,1,0,0,0,0,0,0
2026,000225,ARC,STINT,Tom Schreiber,M,1,0,0,0,0,0,0
2026,000240,ALL,SEASON,Kieran McArdle,A,14,1,15,3,0.0714285714286,1.07142857143,0.214285714286
2026,000240,WAT,STINT,Kieran McArdle,A,14,1,15,3,0.0714285714286,1.07142857143,0.214285714286
2026,000242,ALL,SEASON,Kyle Hartzell,LSM,3,1,5,0,0.333333333333,1.66666666667,0
2026,000242,RED,STINT,Kyle Hartzell,LSM,3,1,5,0,0.333333333333,1.66666666667,0
2026,000254,ALL,SEASON,Trevor Baptiste,FO,7,0,54,3,0,7.71428571429,0.428571428571
2026,000254,ATL,STINT,Trevor Baptiste,FO,7,0,54,3,0,7.71428571429,0.428571428571
2026,000258,ALL,SEASON,Blaze Riorden,G,11,6,22,0,0.545454545455,2,0
2026,000258,CHA,STINT,Blaze Riorden,G,11,6,22,0,0.545454545455,2,0
2026,000262,ALL,SEASON,Connor Fields,A,13,1,22,2,0.0769230769231,1.69230769231,0.153846153846
2026,000262,ARC,STINT,Connor Fields,A,13,1,22,2,0.0769230769231,1.69230769231,0.153846153846
2026,000269,ALL,SEASON,Jarrod Neumann,D,12,5,14,6,0.416666666667,1.16666666667,0.5
2026,000269,CHA,STINT,Jarrod Neumann,D,12,5,14,6,0.416666666667,1.16666666667,0.5
2026,000275,ALL,SEASON,Mark Glicini,SSDM,1,0,1,0,0,1,0
2026,000275,CHA,STINT,Mark Glicini,SSDM,1,0,1,0,0,1,0
2026,000281,ALL,SEASON,Troy Reh,LSM,12,12,43,2,1,3.58333333333,0.166666666667
2026,000281,CHA,STINT,Troy Reh,LSM,12,12,43,2,1,3.58333333333,0.166666666667
2026,000302,ALL,SEASON,Michael Manley,D,13,11,25,2,0.846153846154,1.92307692308,0.153846153846
2026,000302,OUT,STINT,Michael Manley,D,13,11,25,2,0.846153846154,1.92307692308,0.153846153846
2026,000305,ALL,SEASON,Romar Dennis,M,2,0,1,0,0,0.5,0
2026,000305,RED,STINT,Romar Dennis,M,2,0,1,0,0,0.5,0
2026,000339,ALL,SEASON,Connor Kelly,M,5,1,2,0,0.2,0.4,0
2026,000339,WAT,STINT,Connor Kelly,M,5,1,2,0,0.2,0.4,0
2026,000345,ALL,SEASON,Jake Bernhardt,SSDM,2,1,2,0,0.5,1,0
2026,000345,WHP,STINT,Jake Bernhardt,SSDM,2,1,2,0,0.5,1,0
2026,000354,ALL,SEASON,Matt Rambo,A,6,1,9,0,0.166666666667,1.5,0
2026,000354,ATL,STINT,Matt Rambo,A,5,1,7,0,0.2,1.4,0
2026,000354,WHP,STINT,Matt Rambo,,1,0,2,0,0,2,0
2026,000355,ALL,SEASON,Matthew Dunn,D,12,9,12,2,0.75,1,0.166666666667
2026,000355,WHP,STINT,Matthew Dunn,D,12,9,12,2,0.75,1,0.166666666667
2026,000359,ALL,SEASON,Tim Muller,D,13,13,15,0,1,1.15384615385,0
2026,000359,WHP,STINT,Tim Muller,D,13,13,15,0,1,1.15384615385,0
2026,000365,ALL,SEASON,Jack Rowlett,D,6,2,4,3,0.333333333333,0.666666666667,0.5
2026,000365,CHA,STINT,Jack Rowlett,D,6,2,4,3,0.333333333333,0.666666666667,0.5
2026,000366,ALL,SEASON,Connor Farrell,FO,5,0,33,0,0,6.6,0
2026,000366,WAT,STINT,Connor Farrell,FO,5,0,33,0,0,6.6,0
2026,000370,ALL,SEASON,Tim Troutner,G,2,0,0,0,0,0,0
2026,000370,WAT,STINT,Tim Troutner,G,2,0,0,0,0,0,0
2026,000373,ALL,SEASON,Ryder Garnsey,M,11,2,20,2,0.181818181818,1.81818181818,0.181818181818
2026,000373,RED,STINT,Ryder Garnsey,M,11,2,20,2,0.181818181818,1.81818181818,0.181818181818
2026,000390,ALL,SEASON,Brad Smith,M,2,0,4,0,0,2,0
2026,000390,WHP,STINT,Brad Smith,M,2,0,4,0,0,2,0
2026,000395,ALL,SEASON,Bryan Costabile,M,11,2,11,2,0.181818181818,1,0.181818181818
2026,000395,ATL,STINT,Bryan Costabile,M,11,2,11,2,0.181818181818,1,0.181818181818
2026,000408,ALL,SEASON,Matt DeLuca,G,10,0,12,0,0,1.2,0
2026,000408,WAT,STINT,Matt DeLuca,G,10,0,12,0,0,1.2,0
2026,000409,ALL,SEASON,Zach Currier,SSDM,13,11,86,2,0.846153846154,6.61538461538,0.153846153846
2026,000409,WAT,STINT,Zach Currier,SSDM,13,11,86,2,0.846153846154,6.61538461538,0.153846153846
2026,000410,ALL,SEASON,Eli Gobrecht,SSDM,10,8,15,2,0.8,1.5,0.2
2026,000410,ATL,STINT,Eli Gobrecht,SSDM,10,8,15,2,0.8,1.5,0.2
2026,000414,ALL,SEASON,Rob Pannell,A,13,2,22,2,0.153846153846,1.69230769231,0.153846153846
2026,000414,WHP,STINT,Rob Pannell,A,13,2,22,2,0.153846153846,1.69230769231,0.153846153846
2026,000418,ALL,SEASON,Dillon Ward,G,13,2,13,1,0.153846153846,1,0.0769230769231
2026,000418,RED,STINT,Dillon Ward,G,13,2,13,1,0.153846153846,1,0.0769230769231
2026,000419,ALL,SEASON,Zed Williams,M,2,0,1,0,0,0.5,0
2026,000419,WAT,STINT,Zed Williams,M,2,0,1,0,0,0.5,0
2026,000815,ALL,SEASON,Austin Kaut,G,4,0,3,0,0,0.75,0
2026,000815,CHA,STINT,Austin Kaut,G,4,0,3,0,0,0.75,0
2026,000925,ALL,SEASON,Liam Byrnes,D,5,6,9,0,1.2,1.8,0
2026,000925,CHA,STINT,Liam Byrnes,D,5,6,9,0,1.2,1.8,0
2026,000978,ALL,SEASON,Kyle Jackson,M,1,0,0,0,0,0,0
2026,000978,ATL,STINT,Kyle Jackson,M,1,0,0,0,0,0,0
2026,001001,ALL,SEASON,Dylan Molloy,A,13,5,19,1,0.384615384615,1.46153846154,0.0769230769231
2026,001001,RED,STINT,Dylan Molloy,A,13,5,19,1,0.384615384615,1.46153846154,0.0769230769231
2026,001009,ALL,SEASON,Colin Heacock,M,13,2,5,1,0.153846153846,0.384615384615,0.0769230769231
2026,001009,WHP,STINT,Colin Heacock,M,13,2,5,1,0.153846153846,0.384615384615,0.0769230769231
2026,001391,ALL,SEASON,Mikie Schlosser,M,1,0,0,0,0,0,0
2026,001391,OUT,STINT,Mikie Schlosser,M,1,0,0,0,0,0,0
2026,001397,ALL,SEASON,Michael Rexrode,D,12,16,12,5,1.33333333333,1,0.416666666667
2026,001397,ATL,STINT,Michael Rexrode,D,12,16,12,5,1.33333333333,1,0.416666666667
2026,001406,ALL,SEASON,Ben Randall,D,13,16,30,3,1.23076923077,2.30769230769,0.230769230769
2026,001406,OUT,STINT,Ben Randall,D,13,16,30,3,1.23076923077,2.30769230769,0.230769230769
2026,001415,ALL,SEASON,Greg Weyl,LSM,12,9,18,2,0.75,1.5,0.166666666667
2026,001415,OUT,STINT,Greg Weyl,LSM,12,9,18,2,0.75,1.5,0.166666666667
2026,001661,ALL,SEASON,Warren Jeffrey,D,11,5,12,7,0.454545454545,1.09090909091,0.636363636364
2026,001661,ARC,STINT,Warren Jeffrey,D,11,5,12,7,0.454545454545,1.09090909091,0.636363636364
2026,001671,ALL,SEASON,Zach Goodrich,SSDM,14,9,4,9,0.642857142857,0.285714285714,0.642857142857
2026,001671,CAN,STINT,Zach Goodrich,SSDM,14,9,4,9,0.642857142857,0.285714285714,0.642857142857
2026,001707,ALL,SEASON,Matt Whitcher,SSDM,13,8,18,4,0.615384615385,1.38461538462,0.307692307692
2026,001707,WAT,STINT,Matt Whitcher,SSDM,13,8,18,4,0.615384615385,1.38461538462,0.307692307692
2026,001729,ALL,SEASON,Chris Aslanian,M,5,0,2,0,0,0.4,0
2026,001729,CHA,STINT,Chris Aslanian,M,5,0,2,0,0,0.4,0
2026,001733,ALL,SEASON,Charlie Hayes,SSDM,12,4,11,1,0.333333333333,0.916666666667,0.0833333333333
2026,001733,WAT,STINT,Charlie Hayes,SSDM,12,4,11,1,0.333333333333,0.916666666667,0.0833333333333
2026,001773,ALL,SEASON,Nick Washuta,G,3,1,5,0,0.333333333333,1.66666666667,0
2026,001773,ARC,STINT,Nick Washuta,G,3,1,5,0,0.333333333333,1.66666666667,0
2026,001795,ALL,SEASON,Christian Scarpello,SSDM,11,2,8,1,0.181818181818,0.727272727273,0.0909090909091
2026,001795,CHA,STINT,Christian Scarpello,SSDM,11,2,8,1,0.181818181818,0.727272727273,0.0909090909091
2026,001810,ALL,SEASON,Michael Sowers,A,14,2,17,0,0.142857142857,1.21428571429,0
2026,001810,WAT,STINT,Michael Sowers,A,14,2,17,0,0.142857142857,1.21428571429,0
2026,001811,ALL,SEASON,JT Giles-Harris,D,14,8,23,4,0.571428571429,1.64285714286,0.285714285714
2026,001811,OUT,STINT,JT Giles-Harris,D,14,8,23,4,0.571428571429,1.64285714286,0.285714285714
2026,001812,ALL,SEASON,TD Ierlan,FO,13,2,119,2,0.153846153846,9.15384615385,0.153846153846
2026,001812,RED,STINT,TD Ierlan,FO,13,2,119,2,0.153846153846,9.15384615385,0.153846153846
2026,001813,ALL,SEASON,Jared Conners,LSM,13,11,35,0,0.846153846154,2.69230769231,0
2026,001813,RED,STINT,Jared Conners,LSM,13,11,35,0,0.846153846154,2.69230769231,0
2026,001814,ALL,SEASON,Mac O'Keefe,A,13,3,13,3,0.230769230769,1,0.230769230769
2026,001814,ARC,STINT,Mac O'Keefe,A,13,3,13,3,0.230769230769,1,0.230769230769
2026,001815,ALL,SEASON,Connor Kirst,M,13,5,24,2,0.384615384615,1.84615384615,0.153846153846
2026,001815,CAN,STINT,Connor Kirst,M,13,5,24,2,0.384615384615,1.84615384615,0.153846153846
2026,001816,ALL,SEASON,Dox Aitken,M,1,0,0,0,0,0,0
2026,001816,WAT,STINT,Dox Aitken,M,1,0,0,0,0,0,0
2026,001817,ALL,SEASON,Jack Kielty,D,14,16,25,1,1.14285714286,1.78571428571,0.0714285714286
2026,001817,CAN,STINT,Jack Kielty,D,14,16,25,1,1.14285714286,1.78571428571,0.0714285714286
2026,001819,ALL,SEASON,Danny Logan,SSDM,9,5,19,1,0.555555555556,2.11111111111,0.111111111111
2026,001819,ATL,STINT,Danny Logan,SSDM,9,5,19,1,0.555555555556,2.11111111111,0.111111111111
2026,001820,ALL,SEASON,Ryan Terefenko,SSDM,13,3,22,2,0.230769230769,1.69230769231,0.153846153846
2026,001820,OUT,STINT,Ryan Terefenko,SSDM,13,3,22,2,0.230769230769,1.69230769231,0.153846153846
2026,001821,ALL,SEASON,Tre Leclaire,M,11,0,7,2,0,0.636363636364,0.181818181818
2026,001821,ARC,STINT,Tre Leclaire,M,11,0,7,2,0,0.636363636364,0.181818181818
2026,001826,ALL,SEASON,Jeff Trainor,SSDM,12,4,14,6,0.333333333333,1.16666666667,0.5
2026,001826,CAN,STINT,Jeff Trainor,SSDM,12,4,14,6,0.333333333333,1.16666666667,0.5
2026,001827,ALL,SEASON,Jared Bernhardt,A,11,4,8,0,0.363636363636,0.727272727273,0
2026,001827,OUT,STINT,Jared Bernhardt,A,11,4,8,0,0.363636363636,0.727272727273,0
2026,001828,ALL,SEASON,Justin Anderson,M,15,2,10,2,0.133333333333,0.666666666667,0.133333333333
2026,001828,OUT,STINT,Justin Anderson,M,15,2,10,2,0.133333333333,0.666666666667,0.133333333333
2026,001839,ALL,SEASON,Nick Grill,LSM,1,0,0,0,0,0,0
2026,001839,OUT,STINT,Nick Grill,LSM,1,0,0,0,0,0,0
2026,001843,ALL,SEASON,Cole Williams,M,2,0,3,0,0,1.5,0
2026,001843,ATL,STINT,Cole Williams,M,1,0,2,0,0,2,0
2026,001843,CHA,STINT,Cole Williams,M,1,0,1,0,0,1,0
2026,001846,ALL,SEASON,Adam Charalambides,A,1,1,2,0,1,2,0
2026,001846,CHA,STINT,Adam Charalambides,A,1,1,2,0,1,2,0
2026,002006,ALL,SEASON,Reid Bowering,A,11,3,16,1,0.272727272727,1.45454545455,0.0909090909091
2026,002006,ATL,STINT,Reid Bowering,A,11,3,16,1,0.272727272727,1.45454545455,0.0909090909091
2026,002015,ALL,SEASON,Logan Wisnauskas,A,15,0,8,0,0,0.533333333333,0
2026,002015,OUT,STINT,Logan Wisnauskas,A,15,0,8,0,0,0.533333333333,0
2026,002017,ALL,SEASON,Arden Cohen,LSM,1,0,1,0,0,1,0
2026,002017,RED,STINT,Arden Cohen,LSM,1,0,1,0,0,1,0
2026,002022,ALL,SEASON,Zach Geddes,SSDM,15,7,20,1,0.466666666667,1.33333333333,0.0666666666667
2026,002022,OUT,STINT,Zach Geddes,SSDM,15,7,20,1,0.466666666667,1.33333333333,0.0666666666667
2026,002023,ALL,SEASON,Brendan Nichtern,A,6,1,9,2,0.166666666667,1.5,0.333333333333
2026,002023,CHA,STINT,Brendan Nichtern,A,6,1,9,2,0.166666666667,1.5,0.333333333333
2026,002024,ALL,SEASON,Asher Nolting,A,1,0,3,0,0,3,0
2026,002024,CAN,STINT,Asher Nolting,A,1,0,3,0,0,3,0
2026,002026,ALL,SEASON,Brett Dobson,G,11,4,19,3,0.363636363636,1.72727272727,0.272727272727
2026,002026,ARC,STINT,Brett Dobson,G,11,4,19,3,0.363636363636,1.72727272727,0.272727272727
2026,002028,ALL,SEASON,Jack Hannah,M,10,0,12,3,0,1.2,0.3
2026,002028,WAT,STINT,Jack Hannah,M,10,0,12,3,0,1.2,0.3
2026,002030,ALL,SEASON,Jonathan Donville,M,3,1,1,0,0.333333333333,0.333333333333,0
2026,002030,OUT,STINT,Jonathan Donville,M,3,1,1,0,0.333333333333,0.333333333333,0
2026,002032,ALL,SEASON,Justin Inacio,FO,9,2,47,1,0.222222222222,5.22222222222,0.111111111111
2026,002032,CHA,STINT,Justin Inacio,FO,9,2,47,1,0.222222222222,5.22222222222,0.111111111111
2026,002033,ALL,SEASON,Nakeie Montgomery,SSDM,1,0,2,0,0,2,0
2026,002033,WAT,STINT,Nakeie Montgomery,SSDM,1,0,2,0,0,2,0
2026,002038,ALL,SEASON,Colin Kirst,G,12,3,14,1,0.25,1.16666666667,0.0833333333333
2026,002038,CAN,STINT,Colin Kirst,G,12,3,14,1,0.25,1.16666666667,0.0833333333333
2026,002039,ALL,SEASON,Owen McElroy,G,4,0,5,0,0,1.25,0
2026,002039,OUT,STINT,Owen McElroy,G,4,0,5,0,0,1.25,0
2026,002042,ALL,SEASON,Jon Robbins,LSM,10,9,9,1,0.9,0.9,0.1
2026,002042,ATL,STINT,Jon Robbins,LSM,10,9,9,1,0.9,0.9,0.1
2026,002054,ALL,SEASON,Chris Merle,SSDM,10,5,14,3,0.5,1.4,0.3
2026,002054,RED,STINT,Chris Merle,SSDM,10,5,14,3,0.5,1.4,0.3
2026,002067,ALL,SEASON,Zac Tucci,FO,4,0,17,1,0,4.25,0.25
2026,002067,ATL,STINT,Zac Tucci,FO,1,0,1,0,0,1,0
2026,002067,CAN,STINT,Zac Tucci,FO,3,0,16,1,0,5.33333333333,0.333333333333
2026,002074,ALL,SEASON,Alexander Smith,SSDM,6,3,6,3,0.5,1,0.5
2026,002074,OUT,STINT,Alexander Smith,SSDM,6,3,6,3,0.5,1,0.5
2026,003004,ALL,SEASON,Mike Sisselberger,FO,13,0,113,1,0,8.69230769231,0.0769230769231
2026,003004,ARC,STINT,Mike Sisselberger,FO,13,0,113,1,0,8.69230769231,0.0769230769231
2026,003005,ALL,SEASON,Connor Maher,SSDM,13,5,7,2,0.384615384615,0.538461538462,0.153846153846
2026,003005,ARC,STINT,Connor Maher,SSDM,13,5,7,2,0.384615384615,0.538461538462,0.153846153846
2026,003006,ALL,SEASON,Piper Bond,SSDM,13,9,21,6,0.692307692308,1.61538461538,0.461538461538
2026,003006,ARC,STINT,Piper Bond,SSDM,13,9,21,6,0.692307692308,1.61538461538,0.461538461538
2026,003007,ALL,SEASON,Cam Wyers,D,12,5,14,7,0.416666666667,1.16666666667,0.583333333333
2026,003007,ARC,STINT,Cam Wyers,D,12,5,14,7,0.416666666667,1.16666666667,0.583333333333
2026,003008,ALL,SEASON,Gavin Adler,D,13,12,11,1,0.923076923077,0.846153846154,0.0769230769231
2026,003008,WAT,STINT,Gavin Adler,D,13,12,11,1,0.923076923077,0.846153846154,0.0769230769231
2026,003009,ALL,SEASON,Brett Makar,D,12,24,52,0,2,4.33333333333,0
2026,003009,ATL,STINT,Brett Makar,D,12,24,52,0,2,4.33333333333,0
2026,003010,ALL,SEASON,Xander Dickson,A,12,1,23,3,0.0833333333333,1.91666666667,0.25
2026,003010,ATL,STINT,Xander Dickson,A,12,1,23,3,0.0833333333333,1.91666666667,0.25
2026,003013,ALL,SEASON,Matt Campbell,M,6,0,4,0,0,0.666666666667,0
2026,003013,CAN,STINT,Matt Campbell,M,6,0,4,0,0,0.666666666667,0
2026,003017,ALL,SEASON,Tye Kurtz,M,2,1,1,0,0.5,0.5,0
2026,003017,CAN,STINT,Tye Kurtz,M,2,1,1,0,0.5,0.5,0
2026,003018,ALL,SEASON,Nick Rowlett,FO,1,1,3,0,1,3,0
2026,003018,CHA,STINT,Nick Rowlett,FO,1,1,3,0,1,3,0
2026,003023,ALL,SEASON,Owen Grant,D,14,13,20,3,0.928571428571,1.42857142857,0.214285714286
2026,003023,CAN,STINT,Owen Grant,D,14,13,20,3,0.928571428571,1.42857142857,0.214285714286
2026,003024,ALL,SEASON,Brian Tevlin,SSDM,13,10,29,2,0.769230769231,2.23076923077,0.153846153846
2026,003024,RED,STINT,Brian Tevlin,SSDM,13,10,29,2,0.769230769231,2.23076923077,0.153846153846
2026,003027,ALL,SEASON,Thomas McConvey,M,4,2,1,0,0.5,0.25,0
2026,003027,WAT,STINT,Thomas McConvey,M,4,2,1,0,0.5,0.25,0
2026,003029,ALL,SEASON,Chris Fake,D,9,7,9,0,0.777777777778,1,0
2026,003029,RED,STINT,Chris Fake,D,9,7,9,0,0.777777777778,1,0
2026,003032,ALL,SEASON,Petey LaSalla,FO,10,2,59,0,0.2,5.9,0
2026,003032,WHP,STINT,Petey LaSalla,FO,10,2,59,0,0.2,5.9,0
2026,003039,ALL,SEASON,Chet Comizio,SSDM,1,0,0,1,0,0,1
2026,003039,ATL,STINT,Chet Comizio,SSDM,1,0,0,1,0,0,1
2026,003041,ALL,SEASON,Ethan Rall,LSM,14,17,53,1,1.21428571429,3.78571428571,0.0714285714286
2026,003041,CAN,STINT,Ethan Rall,LSM,14,17,53,1,1.21428571429,3.78571428571,0.0714285714286
2026,003044,ALL,SEASON,Tate Gallagher,,1,1,1,0,1,1,0
2026,003044,WAT,STINT,Tate Gallagher,,1,1,1,0,1,1,0
2026,003048,ALL,SEASON,TJ Malone,A,13,2,21,0,0.153846153846,1.61538461538,0
2026,003048,WHP,STINT,TJ Malone,A,13,2,21,0,0.153846153846,1.61538461538,0
2026,003059,ALL,SEASON,BJ Farrare,LSM,12,8,15,1,0.666666666667,1.25,0.0833333333333
2026,003059,RED,STINT,BJ Farrare,LSM,12,8,15,1,0.666666666667,1.25,0.0833333333333
2026,003075,ALL,SEASON,Brennan O'Neill,A,14,0,16,0,0,1.14285714286,0
2026,003075,OUT,STINT,Brennan O'Neill,A,14,0,16,0,0,1.14285714286,0
2026,003076,ALL,SEASON,Connor Shellenberger,A,10,1,13,0,0.1,1.3,0
2026,003076,ATL,STINT,Connor Shellenberger,A,10,1,13,0,0.1,1.3,0
2026,003077,ALL,SEASON,Ajax Zappitello,D,13,21,28,1,1.61538461538,2.15384615385,0.0769230769231
2026,003077,WHP,STINT,Ajax Zappitello,D,13,21,28,1,1.61538461538,2.15384615385,0.0769230769231
2026,003078,ALL,SEASON,Shane Knobloch,M,12,2,8,1,0.166666666667,0.666666666667,0.0833333333333
2026,003078,CHA,STINT,Shane Knobloch,M,12,2,8,1,0.166666666667,0.666666666667,0.0833333333333
2026,003079,ALL,SEASON,Liam Entenmann,G,12,0,20,0,0,1.66666666667,0
2026,003079,ATL,STINT,Liam Entenmann,G,12,0,20,0,0,1.66666666667,0
2026,003080,ALL,SEASON,Pat Kavanagh,A,9,1,12,3,0.111111111111,1.33333333333,0.333333333333
2026,003080,OUT,STINT,Pat Kavanagh,A,9,1,12,3,0.111111111111,1.33333333333,0.333333333333
2026,003081,ALL,SEASON,Matt Brandau,M,12,0,11,1,0,0.916666666667,0.0833333333333
2026,003081,WHP,STINT,Matt Brandau,M,12,0,11,1,0,0.916666666667,0.0833333333333
2026,003082,ALL,SEASON,Mason Woodward,D,13,10,32,1,0.769230769231,2.46153846154,0.0769230769231
2026,003082,ARC,STINT,Mason Woodward,D,13,10,32,1,0.769230769231,2.46153846154,0.0769230769231
2026,003083,ALL,SEASON,Jake Piseno,LSM,15,17,45,1,1.13333333333,3,0.0666666666667
2026,003083,OUT,STINT,Jake Piseno,LSM,15,17,45,1,1.13333333333,3,0.0666666666667
2026,003084,ALL,SEASON,Jake Stevens,M,7,1,6,1,0.142857142857,0.857142857143,0.142857142857
2026,003084,ATL,STINT,Jake Stevens,M,7,1,6,1,0.142857142857,0.857142857143,0.142857142857
2026,003085,ALL,SEASON,Graham Bundy,M,15,0,7,2,0,0.466666666667,0.133333333333
2026,003085,OUT,STINT,Graham Bundy,M,15,0,7,2,0,0.466666666667,0.133333333333
2026,003087,ALL,SEASON,Beau Pederson,SSDM,13,7,16,5,0.538461538462,1.23076923077,0.384615384615
2026,003087,ARC,STINT,Beau Pederson,SSDM,13,7,16,5,0.538461538462,1.23076923077,0.384615384615
2026,003089,ALL,SEASON,Kenny Brower,D,14,14,18,8,1,1.28571428571,0.571428571429
2026,003089,WAT,STINT,Kenny Brower,D,14,14,18,8,1,1.28571428571,0.571428571429
2026,003090,ALL,SEASON,Dyson Williams,M,1,0,1,0,0,1,0
2026,003090,ARC,STINT,Dyson Williams,M,1,0,1,0,0,1,0
2026,003091,ALL,SEASON,Garrett Degnon,M,1,0,1,0,0,1,0
2026,003091,WHP,STINT,Garrett Degnon,M,1,0,1,0,0,1,0
2026,003093,ALL,SEASON,Ross Scott,M,12,1,10,0,0.0833333333333,0.833333333333,0
2026,003093,CHA,STINT,Ross Scott,M,12,1,10,0,0.0833333333333,0.833333333333,0
2026,003094,ALL,SEASON,Levi Anderson,M,9,0,9,2,0,1,0.222222222222
2026,003094,ATL,STINT,Levi Anderson,M,9,0,9,2,0,1,0.222222222222
2026,003096,ALL,SEASON,Marcus Hudgins,D,14,12,23,2,0.857142857143,1.64285714286,0.142857142857
2026,003096,WAT,STINT,Marcus Hudgins,D,14,12,23,2,0.857142857143,1.64285714286,0.142857142857
2026,003098,ALL,SEASON,Luke Wierman,FO,15,4,96,1,0.266666666667,6.4,0.0666666666667
2026,003098,OUT,STINT,Luke Wierman,FO,15,4,96,1,0.266666666667,6.4,0.0666666666667
2026,003099,ALL,SEASON,Tyler Carpenter,LSM,12,7,26,1,0.583333333333,2.16666666667,0.0833333333333
2026,003099,ATL,STINT,Tyler Carpenter,LSM,12,7,26,1,0.583333333333,2.16666666667,0.0833333333333
2026,003100,ALL,SEASON,Adam Poitras,M,13,2,34,2,0.153846153846,2.61538461538,0.153846153846
2026,003100,WHP,STINT,Adam Poitras,M,13,2,34,2,0.153846153846,2.61538461538,0.153846153846
2026,003101,ALL,SEASON,Dylan Hess,SSDM,1,0,3,0,0,3,0
2026,003101,WAT,STINT,Dylan Hess,SSDM,1,0,3,0,0,3,0
2026,003103,ALL,SEASON,Scott Smith,D,12,11,27,5,0.916666666667,2.25,0.416666666667
2026,003103,CHA,STINT,Scott Smith,D,12,11,27,5,0.916666666667,2.25,0.416666666667
2026,003104,ALL,SEASON,Michael Boehm,A,7,1,10,2,0.142857142857,1.42857142857,0.285714285714
2026,003104,RED,STINT,Michael Boehm,A,5,0,7,0,0,1.4,0
2026,003104,WHP,STINT,Michael Boehm,A,2,1,3,2,0.5,1.5,1
2026,003105,ALL,SEASON,Cole Kastner,D,5,5,3,0,1,0.6,0
2026,003105,RED,STINT,Cole Kastner,D,5,5,3,0,1,0.6,0
2026,003106,ALL,SEASON,Dalton Young,M,15,1,12,1,0.0666666666667,0.8,0.0666666666667
2026,003106,OUT,STINT,Dalton Young,M,15,1,12,1,0.0666666666667,0.8,0.0666666666667
2026,003108,ALL,SEASON,Will Mark,G,2,1,3,0,0.5,1.5,0
2026,003108,ATL,STINT,Will Mark,G,2,1,3,0,0.5,1.5,0
2026,003109,ALL,SEASON,Chris Conlin,D,13,14,27,0,1.07692307692,2.07692307692,0
2026,003109,RED,STINT,Chris Conlin,D,13,14,27,0,1.07692307692,2.07692307692,0
2026,003111,ALL,SEASON,AJ Mercurio,D,1,1,0,0,1,0,0
2026,003111,WHP,STINT,AJ Mercurio,D,1,1,0,0,1,0,0
2026,003119,ALL,SEASON,Alec Stathakis,FO,9,0,57,0,0,6.33333333333,0
2026,003119,WAT,STINT,Alec Stathakis,FO,9,0,57,0,0,6.33333333333,0
2026,003121,ALL,SEASON,Brayden Mayea,A,3,1,8,2,0.333333333333,2.66666666667,0.666666666667
2026,003121,RED,STINT,Brayden Mayea,A,3,1,8,2,0.333333333333,2.66666666667,0.666666666667
2026,003125,ALL,SEASON,Matt Knote,G,1,0,0,0,0,0,0
2026,003125,WHP,STINT,Matt Knote,G,1,0,0,0,0,0,0
2026,003128,ALL,SEASON,Jack Posey,D,8,7,11,3,0.875,1.375,0.375
2026,003128,WHP,STINT,Jack Posey,D,8,7,11,3,0.875,1.375,0.375
2026,003145,ALL,SEASON,JC Higginbotham,G,8,0,12,0,0,1.5,0
2026,003145,CAN,STINT,JC Higginbotham,G,8,0,12,0,0,1.5,0
2026,003151,ALL,SEASON,Nathan Laliberte,FO,4,2,21,2,0.5,5.25,0.5
2026,003151,ATL,STINT,Nathan Laliberte,FO,4,2,21,2,0.5,5.25,0.5
2026,003152,ALL,SEASON,James Shipley,SSDM,2,1,3,0,0.5,1.5,0
2026,003152,WHP,STINT,James Shipley,SSDM,2,1,3,0,0.5,1.5,0
2026,003153,ALL,SEASON,Richie Connell,A,5,0,2,0,0,0.4,0
2026,003153,WHP,STINT,Richie Connell,A,5,0,2,0,0,0.4,0
2026,003156,ALL,SEASON,Aidan Danenza,M,13,5,12,1,0.384615384615,0.923076923077,0.0769230769231
2026,003156,RED,STINT,Aidan Danenza,M,13,5,12,1,0.384615384615,0.923076923077,0.0769230769231
2026,003157,ALL,SEASON,Graydon Hogg,M,13,0,12,1,0,0.923076923077,0.0769230769231
2026,003157,CAN,STINT,Graydon Hogg,M,13,0,12,1,0,0.923076923077,0.0769230769231
2026,003159,ALL,SEASON,CJ Kirst,A,12,5,21,1,0.416666666667,1.75,0.0833333333333
2026,003159,WAT,STINT,CJ Kirst,A,12,5,21,1,0.416666666667,1.75,0.0833333333333
2026,003160,ALL,SEASON,Andrew McAdorey,M,13,0,17,1,0,1.30769230769,0.0769230769231
2026,003160,RED,STINT,Andrew McAdorey,M,13,0,17,1,0,1.30769230769,0.0769230769231
2026,003161,ALL,SEASON,Sam English,M,11,2,30,0,0.181818181818,2.72727272727,0
2026,003161,RED,STINT,Sam English,M,11,2,30,0,0.181818181818,2.72727272727,0
2026,003162,ALL,SEASON,Coulter Mackesy,A,14,3,26,4,0.214285714286,1.85714285714,0.285714285714
2026,003162,CAN,STINT,Coulter Mackesy,A,14,3,26,4,0.214285714286,1.85714285714,0.285714285714
2026,003163,ALL,SEASON,Brendan Lavelle,D,13,16,36,3,1.23076923077,2.76923076923,0.230769230769
2026,003163,ARC,STINT,Brendan Lavelle,D,13,16,36,3,1.23076923077,2.76923076923,0.230769230769
2026,003164,ALL,SEASON,Matt Traynor,M,11,1,11,1,0.0909090909091,1,0.0909090909091
2026,003164,ATL,STINT,Matt Traynor,M,11,1,11,1,0.0909090909091,1,0.0909090909091
2026,003165,ALL,SEASON,Aidan Carroll,M,13,1,11,0,0.0769230769231,0.846153846154,0
2026,003165,WHP,STINT,Aidan Carroll,M,13,1,11,0,0.0769230769231,0.846153846154,0
2026,003166,ALL,SEASON,Owen Hiltz,A,10,2,11,1,0.2,1.1,0.1
2026,003166,CHA,STINT,Owen Hiltz,A,10,2,11,1,0.2,1.1,0.1
2026,003167,ALL,SEASON,Jake Taylor,A,7,1,8,1,0.142857142857,1.14285714286,0.142857142857
2026,003167,OUT,STINT,Jake Taylor,A,5,0,3,1,0,0.6,0.2
2026,003167,WAT,STINT,Jake Taylor,A,2,1,5,0,0.5,2.5,0
2026,003168,ALL,SEASON,Chris Kavanagh,A,11,2,13,2,0.181818181818,1.18181818182,0.181818181818
2026,003168,RED,STINT,Chris Kavanagh,A,11,2,13,2,0.181818181818,1.18181818182,0.181818181818
2026,003169,ALL,SEASON,Logan McNaney,G,14,8,27,0,0.571428571429,1.92857142857,0
2026,003169,OUT,STINT,Logan McNaney,G,14,8,27,0,0.571428571429,1.92857142857,0
2026,003170,ALL,SEASON,Mic Kelly,M,11,3,7,3,0.272727272727,0.636363636364,0.272727272727
2026,003170,CAN,STINT,Mic Kelly,M,11,3,7,3,0.272727272727,0.636363636364,0.272727272727
2026,003172,ALL,SEASON,Max Krevsky,SSDM,9,8,13,3,0.888888888889,1.44444444444,0.333333333333
2026,003172,ATL,STINT,Max Krevsky,SSDM,9,8,13,3,0.888888888889,1.44444444444,0.333333333333
2026,003173,ALL,SEASON,Jack McDonald,LSM,10,5,10,2,0.5,1,0.2
2026,003173,WHP,STINT,Jack McDonald,LSM,10,5,10,2,0.5,1,0.2
2026,003174,ALL,SEASON,Sam King,M,13,1,23,3,0.0769230769231,1.76923076923,0.230769230769
2026,003174,ARC,STINT,Sam King,M,13,1,23,3,0.0769230769231,1.76923076923,0.230769230769
2026,003176,ALL,SEASON,Emmet Carroll,G,13,2,26,0,0.153846153846,2,0
2026,003176,WHP,STINT,Emmet Carroll,G,13,2,26,0,0.153846153846,2,0
2026,003177,ALL,SEASON,Mitchell Dunham,D,13,12,27,5,0.923076923077,2.07692307692,0.384615384615
2026,003177,ARC,STINT,Mitchell Dunham,D,13,12,27,5,0.923076923077,2.07692307692,0.384615384615
2026,003179,ALL,SEASON,Ben Wayer,LSM,3,2,5,1,0.666666666667,1.66666666667,0.333333333333
2026,003179,WAT,STINT,Ben Wayer,LSM,3,2,5,1,0.666666666667,1.66666666667,0.333333333333
2026,003180,ALL,SEASON,Christian Mazur,SSDM,2,0,1,1,0,0.5,0.5
2026,003180,WHP,STINT,Christian Mazur,SSDM,2,0,1,1,0,0.5,0.5
2026,003181,ALL,SEASON,Jimmy Freehill,D,14,7,12,5,0.5,0.857142857143,0.357142857143
2026,003181,WAT,STINT,Jimmy Freehill,D,14,7,12,5,0.5,0.857142857143,0.357142857143
2026,003182,ALL,SEASON,Kevin Parnham,D,4,3,5,1,0.75,1.25,0.25
2026,003182,OUT,STINT,Kevin Parnham,D,4,3,5,1,0.75,1.25,0.25
2026,003183,ALL,SEASON,Jack Gray,SSDM,13,3,7,9,0.230769230769,0.538461538462,0.692307692308
2026,003183,OUT,STINT,Jack Gray,SSDM,13,3,7,9,0.230769230769,0.538461538462,0.692307692308
2026,003184,ALL,SEASON,Ben Ramsey,SSDM,14,4,23,3,0.285714285714,1.64285714286,0.214285714286
2026,003184,CAN,STINT,Ben Ramsey,SSDM,14,4,23,3,0.285714285714,1.64285714286,0.214285714286
2026,003185,ALL,SEASON,Carter Rice,SSDM,11,2,6,0,0.181818181818,0.545454545455,0
2026,003185,RED,STINT,Carter Rice,SSDM,11,2,6,0,0.181818181818,0.545454545455,0
2026,003186,ALL,SEASON,Hugh Kelleher,M,10,1,12,1,0.1,1.2,0.1
2026,003186,ATL,STINT,Hugh Kelleher,M,10,1,12,1,0.1,1.2,0.1
2026,003188,ALL,SEASON,Bryce Ford,M,1,0,0,0,0,0,0
2026,003188,ARC,STINT,Bryce Ford,M,1,0,0,0,0,0,0
2026,003192,ALL,SEASON,Jackson Eicher,A,12,2,12,1,0.166666666667,1,0.0833333333333
2026,003192,CHA,STINT,Jackson Eicher,A,12,2,12,1,0.166666666667,1,0.0833333333333
2026,003194,ALL,SEASON,Colin Sharkey,SSDM,2,0,1,0,0,0.5,0
2026,003194,ARC,STINT,Colin Sharkey,SSDM,2,0,1,0,0,0.5,0
2026,003195,ALL,SEASON,Brian Kelly,A,13,2,19,2,0.153846153846,1.46153846154,0.153846153846
2026,003195,CAN,STINT,Brian Kelly,A,13,2,19,2,0.153846153846,1.46153846154,0.153846153846
2026,003203,ALL,SEASON,CK Giancola,M,3,0,5,1,0,1.66666666667,0.333333333333
2026,003203,ARC,STINT,CK Giancola,M,3,0,5,1,0,1.66666666667,0.333333333333
2026,003206,ALL,SEASON,Greg Langermeier,SSDM,2,0,5,1,0,2.5,0.5
2026,003206,CHA,STINT,Greg Langermeier,SSDM,2,0,5,1,0,2.5,0.5
2026,003209,ALL,SEASON,Michael Lampert,A,1,0,0,0,0,0,0
2026,003209,WAT,STINT,Michael Lampert,A,1,0,0,0,0,0,0
2026,003211,ALL,SEASON,Josh Balcarcel,M,10,0,4,0,0,0.4,0
2026,003211,RED,STINT,Josh Balcarcel,M,10,0,4,0,0,0.4,0
2026,003212,ALL,SEASON,Ray Dearth,SSDM,12,7,11,1,0.583333333333,0.916666666667,0.0833333333333
2026,003212,CHA,STINT,Ray Dearth,SSDM,12,7,11,1,0.583333333333,0.916666666667,0.0833333333333
2026,003215,ALL,SEASON,Tommy Stull,LSM,2,1,4,0,0.5,2,0
2026,003215,ARC,STINT,Tommy Stull,LSM,2,1,4,0,0.5,2,0
2026,003228,ALL,SEASON,Remington Reynolds,D,4,2,8,3,0.5,2,0.75
2026,003228,CAN,STINT,Remington Reynolds,D,4,2,8,3,0.5,2,0.75
2026,003229,ALL,SEASON,Matt Wright,LSM,2,0,3,0,0,1.5,0
2026,003229,RED,STINT,Matt Wright,LSM,2,0,3,0,0,1.5,0
2026,003232,ALL,SEASON,Casey Wilson,M,6,2,5,1,0.333333333333,0.833333333333,0.166666666667
2026,003232,WAT,STINT,Casey Wilson,M,6,2,5,1,0.333333333333,0.833333333333,0.166666666667
2026,003233,ALL,SEASON,Christian Fournier,,2,0,2,0,0,1,0
2026,003233,CAN,STINT,Christian Fournier,,2,0,2,0,0,1,0
2026,003238,ALL,SEASON,Aidan McLane,M,1,0,0,0,0,0,0
2026,003238,ATL,STINT,Aidan McLane,M,1,0,0,0,0,0,0
2026,003242,ALL,SEASON,Cooper Frankenheimer,SSDM,1,0,1,0,0,1,0
2026,003242,ATL,STINT,Cooper Frankenheimer,SSDM,1,0,1,0,0,1,0
2026,003246,ALL,SEASON,Nathan Kapp,FO,2,0,11,0,0,5.5,0
2026,003246,WHP,STINT,Nathan Kapp,FO,2,0,11,0,0,5.5,0
2026,003248,ALL,SEASON,Ryan Stines,A,13,1,12,1,0.0769230769231,0.923076923077,0.0769230769231
2026,003248,ARC,STINT,Ryan Stines,A,13,1,12,1,0.0769230769231,0.923076923077,0.0769230769231
2026,003249,ALL,SEASON,Logan Ip,M,3,0,0,0,0,0,0
2026,003249,CAN,STINT,Logan Ip,M,3,0,0,0,0,0,0
2026,003250,ALL,SEASON,Eric Spanos,M,9,0,9,0,0,1,0
2026,003250,CHA,STINT,Eric Spanos,M,9,0,9,0,0,1,0
2026,003251,ALL,SEASON,Nikko DiPonio,D,2,1,6,0,0.5,3,0
2026,003251,ATL,STINT,Nikko DiPonio,D,2,1,6,0,0.5,3,0
2026,003252,ALL,SEASON,Leo Johnson,M,10,0,7,0,0,0.7,0
2026,003252,ARC,STINT,Leo Johnson,M,10,0,7,0,0,0.7,0
2026,003253,ALL,SEASON,Marcus Wertheim,M,2,0,1,0,0,0.5,0
2026,003253,RED,STINT,Marcus Wertheim,M,2,0,1,0,0,0.5,0
2026,003254,ALL,SEASON,Peter Detwiler,SSDM,12,2,16,3,0.166666666667,1.33333333333,0.25
2026,003254,CHA,STINT,Peter Detwiler,SSDM,12,2,16,3,0.166666666667,1.33333333333,0.25
2026,003255,ALL,SEASON,Joe Juengerkes,SSDM,8,1,4,1,0.125,0.5,0.125
2026,003255,WHP,STINT,Joe Juengerkes,SSDM,8,1,4,1,0.125,0.5,0.125
2026,003256,ALL,SEASON,Nolan Byrne,M,3,0,2,0,0,0.666666666667,0
2026,003256,OUT,STINT,Nolan Byrne,M,3,0,2,0,0,0.666666666667,0
2026,003257,ALL,SEASON,Teddy Malone,M,10,1,5,0,0.1,0.5,0
2026,003257,CHA,STINT,Teddy Malone,M,10,1,5,0,0.1,0.5,0
2026,003259,ALL,SEASON,Liam Kammar,SSDM,6,1,4,0,0.166666666667,0.666666666667,0
2026,003259,ATL,STINT,Liam Kammar,SSDM,6,1,4,0,0.166666666667,0.666666666667,0
2026,003260,ALL,SEASON,Jack Pilling,SSDM,7,4,13,1,0.571428571429,1.85714285714,0.142857142857
2026,003260,WHP,STINT,Jack Pilling,SSDM,7,4,13,1,0.571428571429,1.85714285714,0.142857142857
2026,003261,ALL,SEASON,Truitt Sunderland,M,6,0,0,0,0,0,0
2026,003261,WHP,STINT,Truitt Sunderland,M,6,0,0,0,0,0,0
2026,003264,ALL,SEASON,Sean Byrne,G,9,3,14,0,0.333333333333,1.55555555556,0
2026,003264,WAT,STINT,Sean Byrne,G,9,3,14,0,0.333333333333,1.55555555556,0
2026,003266,ALL,SEASON,Silas Richmond,A,9,3,14,1,0.333333333333,1.55555555556,0.111111111111
2026,003266,WAT,STINT,Silas Richmond,A,9,3,14,1,0.333333333333,1.55555555556,0.111111111111
2026,003267,ALL,SEASON,Mikey Weisshaar,M,14,4,16,0,0.285714285714,1.14285714286,0
2026,003267,CAN,STINT,Mikey Weisshaar,M,14,4,16,0,0.285714285714,1.14285714286,0
2026,003268,ALL,SEASON,Jack Taylor,M,1,0,1,0,0,1,0
2026,003268,CHA,STINT,Jack Taylor,M,1,0,1,0,0,1,0
2026,003269,ALL,SEASON,Brendan Staub,LSM,12,8,18,2,0.666666666667,1.5,0.166666666667
2026,003269,WAT,STINT,Brendan Staub,LSM,12,8,18,2,0.666666666667,1.5,0.166666666667
2026,003270,ALL,SEASON,Evan Plunkett,M,9,1,5,0,0.111111111111,0.555555555556,0
2026,003270,OUT,STINT,Evan Plunkett,M,9,1,5,0,0.111111111111,0.555555555556,0
2026,003271,ALL,SEASON,Hunter Smith,LSM,11,11,21,2,1,1.90909090909,0.181818181818
2026,003271,CAN,STINT,Hunter Smith,LSM,11,11,21,2,1,1.90909090909,0.181818181818
2026,003273,ALL,SEASON,Matt Collison,M,10,1,2,1,0.1,0.2,0.1
2026,003273,WAT,STINT,Matt Collison,M,10,1,2,1,0.1,0.2,0.1
2026,003274,ALL,SEASON,Patty Eldredge,SSDM,1,1,2,0,1,2,0
2026,003274,WAT,STINT,Patty Eldredge,SSDM,1,1,2,0,1,2,0
2026,003275,ALL,SEASON,Andrew McMeekin,FO,11,4,90,1,0.363636363636,8.18181818182,0.0909090909091
2026,003275,CAN,STINT,Andrew McMeekin,FO,11,4,90,1,0.363636363636,8.18181818182,0.0909090909091
2026,003276,ALL,SEASON,Richard Checo,LSM,6,8,2,0,1.33333333333,0.333333333333,0
2026,003276,CHA,STINT,Richard Checo,LSM,6,8,2,0,1.33333333333,0.333333333333,0
2026,003277,ALL,SEASON,Joey Spallina,A,11,1,16,3,0.0909090909091,1.45454545455,0.272727272727
2026,003277,WHP,STINT,Joey Spallina,A,11,1,16,3,0.0909090909091,1.45454545455,0.272727272727
2026,003278,ALL,SEASON,Aidan Maguire,SSDM,11,2,12,3,0.181818181818,1.09090909091,0.272727272727
2026,003278,ARC,STINT,Aidan Maguire,SSDM,11,2,12,3,0.181818181818,1.09090909091,0.272727272727
2026,003279,ALL,SEASON,Luke Rhoa,M,2,1,1,0,0.5,0.5,0
2026,003279,ATL,STINT,Luke Rhoa,M,2,1,1,0,0.5,0.5,0
2026,003280,ALL,SEASON,Chad Palumbo,M,10,4,8,1,0.4,0.8,0.1
2026,003280,CHA,STINT,Chad Palumbo,M,10,4,8,1,0.4,0.8,0.1
2026,003281,ALL,SEASON,Kyle Lewis,M,11,4,6,1,0.363636363636,0.545454545455,0.0909090909091
2026,003281,WAT,STINT,Kyle Lewis,M,11,4,6,1,0.363636363636,0.545454545455,0.0909090909091
2026,003282,ALL,SEASON,Billy Dwan,D,9,3,11,2,0.333333333333,1.22222222222,0.222222222222
2026,003282,WHP,STINT,Billy Dwan,D,9,3,11,2,0.333333333333,1.22222222222,0.222222222222
2026,003283,ALL,SEASON,Blake Eiland,SSDM,10,3,11,1,0.3,1.1,0.1
2026,003283,WHP,STINT,Blake Eiland,SSDM,10,3,11,1,0.3,1.1,0.1
2026,003284,ALL,SEASON,Eric Kolar,SSDM,7,2,8,0,0.285714285714,1.14285714286,0
2026,003284,WHP,STINT,Eric Kolar,SSDM,7,2,8,0,0.285714285714,1.14285714286,0
2026,003285,ALL,SEASON,Jack Regnery,A,10,2,4,0,0.2,0.4,0
2026,003285,CAN,STINT,Jack Regnery,A,10,2,4,0,0.2,0.4,0
2026,003286,ALL,SEASON,Will Donovan,D,11,13,27,2,1.18181818182,2.45454545455,0.181818181818
2026,003286,CAN,STINT,Will Donovan,D,11,13,27,2,1.18181818182,2.45454545455,0.181818181818
2026,003287,ALL,SEASON,Dante Bowen,SSDM,2,2,2,0,1,1,0
2026,003287,RED,STINT,Dante Bowen,SSDM,2,2,2,0,1,1,0
2026,003288,ALL,SEASON,Josh Yago,M,12,0,12,1,0,1,0.0833333333333
2026,003288,WAT,STINT,Josh Yago,M,12,0,12,1,0,1,0.0833333333333
2026,003289,ALL,SEASON,Alex Ross,D,10,4,20,2,0.4,2,0.2
2026,003289,ATL,STINT,Alex Ross,D,10,4,20,2,0.4,2,0.2
2026,003290,ALL,SEASON,John Dunphey,M,4,0,2,0,0,0.5,0
2026,003290,OUT,STINT,John Dunphey,M,4,0,2,0,0,0.5,0
2026,003291,ALL,SEASON,Ryan Croddick,G,5,1,4,0,0.2,0.8,0
2026,003291,RED,STINT,Ryan Croddick,G,5,1,4,0,0.2,0.8,0
2026,003292,ALL,SEASON,Henry Bard,D,5,3,8,0,0.6,1.6,0
2026,003292,CHA,STINT,Henry Bard,D,5,3,8,0,0.6,1.6,0
2026,003293,ALL,SEASON,Hunter Drouin,A,2,0,1,1,0,0.5,0.5
2026,003293,ATL,STINT,Hunter Drouin,A,2,0,1,1,0,0.5,0.5
2026,003296,ALL,SEASON,Cullen Brown,D,11,13,23,0,1.18181818182,2.09090909091,0
2026,003296,RED,STINT,Cullen Brown,D,11,13,23,0,1.18181818182,2.09090909091,0
2026,003297,ALL,SEASON,Michael Leo,M,5,0,1,0,0,0.2,0
2026,003297,RED,STINT,Michael Leo,M,5,0,1,0,0,0.2,0
2026,003298,ALL,SEASON,Finn Thomson,A,5,2,6,1,0.4,1.2,0.2
2026,003298,RED,STINT,Finn Thomson,A,5,2,6,1,0.4,1.2,0.2
2026,003300,ALL,SEASON,Ty English,M,7,10,15,4,1.42857142857,2.14285714286,0.571428571429
2026,003300,CHA,STINT,Ty English,M,7,10,15,4,1.42857142857,2.14285714286,0.571428571429
2026,003301,ALL,SEASON,Carson Billig,SSDM,2,0,0,0,0,0,0
2026,003301,ATL,STINT,Carson Billig,SSDM,2,0,0,0,0,0,0
2026,003302,ALL,SEASON,Vinny Butrico,A,2,0,2,0,0,1,0
2026,003302,ATL,STINT,Vinny Butrico,A,2,0,2,0,0,1,0
2026,003303,ALL,SEASON,Leif Hagerup,SSDM,2,1,1,0,0.5,0.5,0
2026,003303,CHA,STINT,Leif Hagerup,SSDM,2,1,1,0,0.5,0.5,0
