entity_level,metric_a,metric_b,n_pairs,pearson_r,spearman_rho,declared_class_a,declared_class_b,measured_verdict,note
player_season,EPA_per_recorded_opportunity,efficiency_position_percentile,189,0.8099961599190214,0.9642136621942737,DISTINCT,DISTINCT,HIGHLY_OVERLAPPING,"|r| or |rho| >= 0.95 at n=189. Related, but they can still order the table differently."
player_season,EPA_points_null_sd,save_posterior_ci_width,17,-0.9943948636065624,-0.9852941176470589,DISTINCT,DISTINCT,HIGHLY_OVERLAPPING,"|r| or |rho| >= 0.95 at n=17. Related, but they can still order the table differently."
player_season,EPA_points_null_sd,save_reliability,17,0.9957553926217831,0.9852941176470589,DISTINCT,DISTINCT,HIGHLY_OVERLAPPING,"|r| or |rho| >= 0.95 at n=17. Related, but they can still order the table differently."
player_season,EPA_points_null_z,goalie_value_null_z,17,0.9978978355507931,0.9950980392156863,DISTINCT,DISTINCT,EMPIRICALLY_INTERCHANGEABLE,|r| >= 0.99 AND |rho| >= 0.99 at n=17. Publishing both as separate findings double-counts one fact.
player_season,EPA_points_per_game,goalie_value_null_z,17,0.9704295267655391,0.9681372549019608,DISTINCT,DISTINCT,HIGHLY_OVERLAPPING,"|r| or |rho| >= 0.95 at n=17. Related, but they can still order the table differently."
player_season,EPA_points_raw,EPA_position_percentile,200,0.791123867821432,0.9549623132854992,DISTINCT,DISTINCT,HIGHLY_OVERLAPPING,"|r| or |rho| >= 0.95 at n=200. Related, but they can still order the table differently."
player_season,EPA_points_raw,EPA_position_robust_z,197,0.8800798709253381,0.9638470062690512,DISTINCT,DISTINCT,HIGHLY_OVERLAPPING,"|r| or |rho| >= 0.95 at n=197. Related, but they can still order the table differently."
player_season,EPA_points_raw,EPA_position_z,197,0.8822083684428085,0.9539050507143328,DISTINCT,DISTINCT,HIGHLY_OVERLAPPING,"|r| or |rho| >= 0.95 at n=197. Related, but they can still order the table differently."
player_season,EPA_points_raw,save_rate_shrunk,17,0.9655277327889883,0.9313725490196079,DISTINCT,DISTINCT,HIGHLY_OVERLAPPING,"|r| or |rho| >= 0.95 at n=17. Related, but they can still order the table differently."
player_season,EPA_position_percentile,EPA_position_robust_z,197,0.8433590257871194,0.9895561224571529,DISTINCT,DISTINCT,HIGHLY_OVERLAPPING,"|r| or |rho| >= 0.95 at n=197. Related, but they can still order the table differently."
player_season,EPA_position_percentile,EPA_position_z,197,0.8784058536386329,0.9729667793324092,DISTINCT,DISTINCT,HIGHLY_OVERLAPPING,"|r| or |rho| >= 0.95 at n=197. Related, but they can still order the table differently."
player_season,EPA_position_robust_z,EPA_position_z,197,0.9725356624593144,0.9635581966981532,DISTINCT,DISTINCT,HIGHLY_OVERLAPPING,"|r| or |rho| >= 0.95 at n=197. Related, but they can still order the table differently."
player_season,faceoff_EPA_per_faceoff,faceoff_rate_raw,40,0.9999999999999998,1.0,ALGEBRAICALLY_REDUNDANT (linear in faceoff_win_pct),IDENTICAL(faceoff_win_pct),EMPIRICALLY_INTERCHANGEABLE,|r| >= 0.99 AND |rho| >= 0.99 at n=40. Publishing both as separate findings double-counts one fact.
player_season,faceoff_losses,faceoff_posterior_ci_width,40,-0.7742472631584851,-0.9761358738191194,DISTINCT,DISTINCT,HIGHLY_OVERLAPPING,"|r| or |rho| >= 0.95 at n=40. Related, but they can still order the table differently."
player_season,faceoff_losses,faceoff_reliability,40,0.6841048365563157,0.974621070464352,DISTINCT,DISTINCT,HIGHLY_OVERLAPPING,"|r| or |rho| >= 0.95 at n=40. Related, but they can still order the table differently."
player_season,faceoff_losses,faceoff_share_of_absolute_value,200,0.7782272137999525,0.9838075873217391,DISTINCT,DISTINCT,HIGHLY_OVERLAPPING,"|r| or |rho| >= 0.95 at n=200. Related, but they can still order the table differently."
player_season,faceoff_losses,faceoff_team_share,200,0.7958981849636183,0.9868440784060132,DISTINCT,DISTINCT,HIGHLY_OVERLAPPING,"|r| or |rho| >= 0.95 at n=200. Related, but they can still order the table differently."
player_season,faceoff_reliability,faceoff_posterior_ci_width,40,-0.9682589234424157,-0.98047523548174,DISTINCT,DISTINCT,HIGHLY_OVERLAPPING,"|r| or |rho| >= 0.95 at n=40. Related, but they can still order the table differently."
player_season,faceoff_team_share,faceoff_share_of_absolute_value,200,0.7473026344128773,0.9963114376171887,DISTINCT,DISTINCT,HIGHLY_OVERLAPPING,"|r| or |rho| >= 0.95 at n=200. Related, but they can still order the table differently."
player_season,faceoff_value_raw,EPA_points_raw,40,0.9548570985276725,0.8305864639611832,DISTINCT,DISTINCT,HIGHLY_OVERLAPPING,"|r| or |rho| >= 0.95 at n=40. Related, but they can still order the table differently."
player_season,faceoff_value_raw,faceoff_value_null_z,40,0.9619086679940599,0.9680180603894272,DISTINCT,DISTINCT,HIGHLY_OVERLAPPING,"|r| or |rho| >= 0.95 at n=40. Related, but they can still order the table differently."
player_season,faceoff_win_pct,faceoff_EPA_per_faceoff,40,0.9999999999999998,1.0,DISTINCT,ALGEBRAICALLY_REDUNDANT (linear in faceoff_win_pct),EMPIRICALLY_INTERCHANGEABLE,|r| >= 0.99 AND |rho| >= 0.99 at n=40. Publishing both as separate findings double-counts one fact.
player_season,faceoff_win_pct,faceoff_rate_raw,40,1.0,1.0,DISTINCT,IDENTICAL(faceoff_win_pct),EMPIRICALLY_INTERCHANGEABLE,|r| >= 0.99 AND |rho| >= 0.99 at n=40. Publishing both as separate findings double-counts one fact.
player_season,faceoffs,faceoff_losses,200,0.8947489476673356,0.9872742383135427,DISTINCT,DISTINCT,HIGHLY_OVERLAPPING,"|r| or |rho| >= 0.95 at n=200. Related, but they can still order the table differently."
player_season,faceoffs,faceoff_posterior_ci_width,40,-0.7199836842885939,-0.98047523548174,DISTINCT,DISTINCT,HIGHLY_OVERLAPPING,"|r| or |rho| >= 0.95 at n=40. Related, but they can still order the table differently."
player_season,faceoffs,faceoff_reliability,40,0.6370453516819052,1.0,DISTINCT,DISTINCT,HIGHLY_OVERLAPPING,"|r| or |rho| >= 0.95 at n=40. Related, but they can still order the table differently."
player_season,faceoffs,faceoff_share_of_absolute_value,200,0.7202057541175513,0.996919965585096,DISTINCT,DISTINCT,HIGHLY_OVERLAPPING,"|r| or |rho| >= 0.95 at n=200. Related, but they can still order the table differently."
player_season,faceoffs,faceoff_team_share,200,0.8717121671285224,0.9989948393259805,DISTINCT,DISTINCT,HIGHLY_OVERLAPPING,"|r| or |rho| >= 0.95 at n=200. Related, but they can still order the table differently."
player_season,games_played,save_posterior_ci_width,17,-0.9678485050113834,-0.8901478781917437,DISTINCT,DISTINCT,HIGHLY_OVERLAPPING,"|r| or |rho| >= 0.95 at n=17. Related, but they can still order the table differently."
player_season,games_played,save_reliability,17,0.9666224130602701,0.8901478781917437,DISTINCT,DISTINCT,HIGHLY_OVERLAPPING,"|r| or |rho| >= 0.95 at n=17. Related, but they can still order the table differently."
player_season,goalie_EPA_per_SOG,EPA_points_null_z,17,0.7259767967375016,0.9534313725490197,RELATED_BUT_DISTINCT,DISTINCT,HIGHLY_OVERLAPPING,"|r| or |rho| >= 0.95 at n=17. Related, but they can still order the table differently."
player_season,goalie_EPA_per_SOG,goalie_value_null_z,17,0.7477940578111871,0.9534313725490197,RELATED_BUT_DISTINCT,DISTINCT,HIGHLY_OVERLAPPING,"|r| or |rho| >= 0.95 at n=17. Related, but they can still order the table differently."
player_season,goalie_value_raw,EPA_points_null_z,17,0.9551846347334796,0.9191176470588235,DISTINCT,DISTINCT,HIGHLY_OVERLAPPING,"|r| or |rho| >= 0.95 at n=17. Related, but they can still order the table differently."
player_season,goalie_value_raw,EPA_points_raw,17,0.9985536817943095,0.9877450980392157,DISTINCT,DISTINCT,HIGHLY_OVERLAPPING,"|r| or |rho| >= 0.95 at n=17. Related, but they can still order the table differently."
player_season,goalie_value_raw,EPA_position_percentile,17,0.8922331307638286,0.9877450980392157,DISTINCT,DISTINCT,HIGHLY_OVERLAPPING,"|r| or |rho| >= 0.95 at n=17. Related, but they can still order the table differently."
player_season,goalie_value_raw,EPA_position_robust_z,17,0.9985536817943099,0.9877450980392157,DISTINCT,DISTINCT,HIGHLY_OVERLAPPING,"|r| or |rho| >= 0.95 at n=17. Related, but they can still order the table differently."
player_season,goalie_value_raw,EPA_position_z,17,0.9985536817943096,0.9877450980392157,DISTINCT,DISTINCT,HIGHLY_OVERLAPPING,"|r| or |rho| >= 0.95 at n=17. Related, but they can still order the table differently."
player_season,goalie_value_raw,goalie_value_null_z,17,0.9510673512703474,0.9117647058823529,DISTINCT,DISTINCT,HIGHLY_OVERLAPPING,"|r| or |rho| >= 0.95 at n=17. Related, but they can still order the table differently."
player_season,goalie_value_raw,save_rate_shrunk,17,0.9630832080749546,0.9215686274509803,DISTINCT,DISTINCT,HIGHLY_OVERLAPPING,"|r| or |rho| >= 0.95 at n=17. Related, but they can still order the table differently."
player_season,goals,one_point_attempts,200,0.9575738664444192,0.9094752740369905,DISTINCT,DISTINCT,HIGHLY_OVERLAPPING,"|r| or |rho| >= 0.95 at n=200. Related, but they can still order the table differently."
player_season,goals,one_point_goals,200,0.9925377089456856,0.967151355634626,DISTINCT,DISTINCT,HIGHLY_OVERLAPPING,"|r| or |rho| >= 0.95 at n=200. Related, but they can still order the table differently."
player_season,goals,one_point_reliability,157,0.9514350226284425,0.8981617541435317,DISTINCT,DISTINCT,HIGHLY_OVERLAPPING,"|r| or |rho| >= 0.95 at n=157. Related, but they can still order the table differently."
player_season,goals,scoring_points,200,0.9938336129519986,0.9949553622308045,DISTINCT,DISTINCT,EMPIRICALLY_INTERCHANGEABLE,|r| >= 0.99 AND |rho| >= 0.99 at n=200. Publishing both as separate findings double-counts one fact.
player_season,goals,shots,200,0.9543880995150016,0.9276007983790285,DISTINCT,DISTINCT,HIGHLY_OVERLAPPING,"|r| or |rho| >= 0.95 at n=200. Related, but they can still order the table differently."
player_season,goals,shots_on_goal,200,0.9712929722503795,0.9396971781926332,DISTINCT,DISTINCT,HIGHLY_OVERLAPPING,"|r| or |rho| >= 0.95 at n=200. Related, but they can still order the table differently."
player_season,goals_allowed,one_point_shots_on_goal_faced,200,0.9970336063515023,0.9999422918061122,DISTINCT,DISTINCT,EMPIRICALLY_INTERCHANGEABLE,|r| >= 0.99 AND |rho| >= 0.99 at n=200. Publishing both as separate findings double-counts one fact.
player_season,goals_allowed,pll_points_allowed,200,0.9997657039609136,0.999987175916371,DISTINCT,DISTINCT,EMPIRICALLY_INTERCHANGEABLE,|r| >= 0.99 AND |rho| >= 0.99 at n=200. Publishing both as separate findings double-counts one fact.
player_season,goals_allowed,save_posterior_ci_width,17,-0.9866189058727743,-0.970518899964276,DISTINCT,DISTINCT,HIGHLY_OVERLAPPING,"|r| or |rho| >= 0.95 at n=17. Related, but they can still order the table differently."
player_season,goals_allowed,save_reliability,17,0.9893102184205658,0.970518899964276,DISTINCT,DISTINCT,HIGHLY_OVERLAPPING,"|r| or |rho| >= 0.95 at n=17. Related, but they can still order the table differently."
player_season,goals_allowed,shots_on_goal_faced,200,0.9960560698213622,0.9999246586108216,DISTINCT,DISTINCT,EMPIRICALLY_INTERCHANGEABLE,|r| >= 0.99 AND |rho| >= 0.99 at n=200. Publishing both as separate findings double-counts one fact.
player_season,goals_allowed,two_point_goals_allowed,200,0.9582332736744317,0.9096756022643834,DISTINCT,DISTINCT,HIGHLY_OVERLAPPING,"|r| or |rho| >= 0.95 at n=200. Related, but they can still order the table differently."
player_season,goals_allowed,two_point_shots_on_goal_faced,200,0.9698739185763273,0.9997146613010492,DISTINCT,DISTINCT,HIGHLY_OVERLAPPING,"|r| or |rho| >= 0.95 at n=200. Related, but they can still order the table differently."
player_season,offensive_EPA_points_raw,EPA_vs_usage_expectation,164,0.9999999999999999,1.0,ALGEBRAICALLY_REDUNDANT (sum of two published components),"ALGEBRAICALLY_REDUNDANT (a constant offset of offensive_EPA_points_raw: Pearson r and Spearman rho are both exactly 1.000 in metric_redundancy_2026.csv, because the fitted model is flat). Phase 9 refitted on five seasons and the constant still won, so this is now a settled property rather than a one-season accident.",EMPIRICALLY_INTERCHANGEABLE,|r| >= 0.99 AND |rho| >= 0.99 at n=164. Publishing both as separate findings double-counts one fact.
player_season,offensive_opportunities_per_game,offensive_play_share,200,0.9978242844674007,0.9989290895734436,DISTINCT,DISTINCT,EMPIRICALLY_INTERCHANGEABLE,|r| >= 0.99 AND |rho| >= 0.99 at n=200. Publishing both as separate findings double-counts one fact.
player_season,offensive_opportunities_per_game,shot_share,200,0.9746320132379417,0.9664088673635104,DISTINCT,HIGHLY_OVERLAPPING,HIGHLY_OVERLAPPING,"|r| or |rho| >= 0.95 at n=200. Related, but they can still order the table differently."
player_season,offensive_play_share,shot_share,200,0.9777495902142981,0.968096638129942,DISTINCT,HIGHLY_OVERLAPPING,HIGHLY_OVERLAPPING,"|r| or |rho| >= 0.95 at n=200. Related, but they can still order the table differently."
player_season,offensive_play_share_season,one_point_reliability,157,0.9701219635521012,0.9326098898755014,DISTINCT,DISTINCT,HIGHLY_OVERLAPPING,"|r| or |rho| >= 0.95 at n=157. Related, but they can still order the table differently."
player_season,offensive_play_share_season,shooting_posterior_ci_width,167,-0.9629170493961495,-0.9457233068048376,DISTINCT,DISTINCT,HIGHLY_OVERLAPPING,"|r| or |rho| >= 0.95 at n=167. Related, but they can still order the table differently."
player_season,offensive_play_share_season,shooting_reliability,167,0.9794672303475814,0.9666441030102177,DISTINCT,DISTINCT,HIGHLY_OVERLAPPING,"|r| or |rho| >= 0.95 at n=167. Related, but they can still order the table differently."
player_season,one_point_attempts,offensive_play_share_season,200,0.971396665279725,0.9242757418173269,DISTINCT,DISTINCT,HIGHLY_OVERLAPPING,"|r| or |rho| >= 0.95 at n=200. Related, but they can still order the table differently."
player_season,one_point_attempts,one_point_reliability,157,0.9995201056008016,1.0,DISTINCT,DISTINCT,EMPIRICALLY_INTERCHANGEABLE,|r| >= 0.99 AND |rho| >= 0.99 at n=157. Publishing both as separate findings double-counts one fact.
player_season,one_point_attempts,recorded_offensive_opportunities,200,0.9813095484432962,0.9279480877594057,DISTINCT,DISTINCT,HIGHLY_OVERLAPPING,"|r| or |rho| >= 0.95 at n=200. Related, but they can still order the table differently."
player_season,one_point_attempts,shooting_reliability,167,0.979846971921336,0.9461826940477945,DISTINCT,DISTINCT,HIGHLY_OVERLAPPING,"|r| or |rho| >= 0.95 at n=167. Related, but they can still order the table differently."
player_season,one_point_conversion_pct,one_point_rate_raw,157,1.0,1.0,DISTINCT,IDENTICAL(one_point_conversion_pct),EMPIRICALLY_INTERCHANGEABLE,|r| >= 0.99 AND |rho| >= 0.99 at n=157. Publishing both as separate findings double-counts one fact.
player_season,one_point_goals,one_point_attempts,200,0.9604257505628504,0.9235857744499273,DISTINCT,DISTINCT,HIGHLY_OVERLAPPING,"|r| or |rho| >= 0.95 at n=200. Related, but they can still order the table differently."
player_season,one_point_goals,one_point_reliability,157,0.9545086790433996,0.9180729116153109,DISTINCT,DISTINCT,HIGHLY_OVERLAPPING,"|r| or |rho| >= 0.95 at n=157. Related, but they can still order the table differently."
player_season,one_point_goals,scoring_points,200,0.9728966361231323,0.9393661613336306,DISTINCT,DISTINCT,HIGHLY_OVERLAPPING,"|r| or |rho| >= 0.95 at n=200. Related, but they can still order the table differently."
player_season,one_point_goals,shots_on_goal,200,0.9645128823816781,0.9181195808384269,DISTINCT,DISTINCT,HIGHLY_OVERLAPPING,"|r| or |rho| >= 0.95 at n=200. Related, but they can still order the table differently."
player_season,one_point_shots_on_goal_faced,save_posterior_ci_width,17,-0.9980051419583913,-0.9877450980392157,DISTINCT,DISTINCT,HIGHLY_OVERLAPPING,"|r| or |rho| >= 0.95 at n=17. Related, but they can still order the table differently."
player_season,one_point_shots_on_goal_faced,save_reliability,17,0.9983017203300839,0.9877450980392157,DISTINCT,DISTINCT,HIGHLY_OVERLAPPING,"|r| or |rho| >= 0.95 at n=17. Related, but they can still order the table differently."
player_season,one_point_shots_on_goal_faced,two_point_shots_on_goal_faced,200,0.978307607280055,0.9997435174845524,DISTINCT,DISTINCT,HIGHLY_OVERLAPPING,"|r| or |rho| >= 0.95 at n=200. Related, but they can still order the table differently."
player_season,pll_points_allowed,one_point_shots_on_goal_faced,200,0.9967868657520683,0.9999198499642622,DISTINCT,DISTINCT,EMPIRICALLY_INTERCHANGEABLE,|r| >= 0.99 AND |rho| >= 0.99 at n=200. Publishing both as separate findings double-counts one fact.
player_season,pll_points_allowed,save_posterior_ci_width,17,-0.9860141926591419,-0.9680988882526648,DISTINCT,DISTINCT,HIGHLY_OVERLAPPING,"|r| or |rho| >= 0.95 at n=17. Related, but they can still order the table differently."
player_season,pll_points_allowed,save_reliability,17,0.9884844390532895,0.9680988882526648,DISTINCT,DISTINCT,HIGHLY_OVERLAPPING,"|r| or |rho| >= 0.95 at n=17. Related, but they can still order the table differently."
player_season,pll_points_allowed,shots_on_goal_faced,200,0.9960653238246164,0.9999230558387017,DISTINCT,DISTINCT,EMPIRICALLY_INTERCHANGEABLE,|r| >= 0.99 AND |rho| >= 0.99 at n=200. Publishing both as separate findings double-counts one fact.
player_season,pll_points_allowed,two_point_shots_on_goal_faced,200,0.971755855972871,0.9997483256904166,DISTINCT,DISTINCT,HIGHLY_OVERLAPPING,"|r| or |rho| >= 0.95 at n=200. Related, but they can still order the table differently."
player_season,points_allowed_per_sog_faced,EPA_points_null_z,17,-0.6932324141924943,-0.9625998130564096,RELATED_BUT_DISTINCT,DISTINCT,HIGHLY_OVERLAPPING,"|r| or |rho| >= 0.95 at n=17. Related, but they can still order the table differently."
player_season,points_allowed_per_sog_faced,goalie_EPA_per_SOG,17,-0.9964417820356238,-0.9822196818575594,RELATED_BUT_DISTINCT,RELATED_BUT_DISTINCT,HIGHLY_OVERLAPPING,"|r| or |rho| >= 0.95 at n=17. Related, but they can still order the table differently."
player_season,points_allowed_per_sog_faced,goalie_value_null_z,17,-0.7175000406543112,-0.9675047802566971,RELATED_BUT_DISTINCT,DISTINCT,HIGHLY_OVERLAPPING,"|r| or |rho| >= 0.95 at n=17. Related, but they can still order the table differently."
player_season,points_per_shot,shooting_EPA_per_shot,167,0.99998505931788,0.9961271370793524,RELATED_BUT_DISTINCT,RELATED_BUT_DISTINCT,EMPIRICALLY_INTERCHANGEABLE,|r| >= 0.99 AND |rho| >= 0.99 at n=167. Publishing both as separate findings double-counts one fact.
player_season,position_n_players,position_EPA_sd,197,-0.9220272837723594,-0.9959592331522471,DISTINCT,DISTINCT,HIGHLY_OVERLAPPING,"|r| or |rho| >= 0.95 at n=197. Related, but they can still order the table differently."
player_season,recorded_offensive_opportunities,offensive_play_share_season,200,0.9920219765127425,0.9968254040322395,DISTINCT,DISTINCT,EMPIRICALLY_INTERCHANGEABLE,|r| >= 0.99 AND |rho| >= 0.99 at n=200. Publishing both as separate findings double-counts one fact.
player_season,recorded_offensive_opportunities,one_point_reliability,157,0.9799933218120266,0.938920583158325,DISTINCT,DISTINCT,HIGHLY_OVERLAPPING,"|r| or |rho| >= 0.95 at n=157. Related, but they can still order the table differently."
player_season,recorded_offensive_opportunities,shooting_posterior_ci_width,167,-0.9685387593938262,-0.9483435664419186,DISTINCT,DISTINCT,HIGHLY_OVERLAPPING,"|r| or |rho| >= 0.95 at n=167. Related, but they can still order the table differently."
player_season,recorded_offensive_opportunities,shooting_reliability,167,0.9867770000913045,0.9721044709379059,DISTINCT,DISTINCT,HIGHLY_OVERLAPPING,"|r| or |rho| >= 0.95 at n=167. Related, but they can still order the table differently."
player_season,save_pct,save_rate_raw,17,1.0,1.0,DISTINCT,IDENTICAL(save_pct),EMPIRICALLY_INTERCHANGEABLE,|r| >= 0.99 AND |rho| >= 0.99 at n=17. Publishing both as separate findings double-counts one fact.
player_season,save_posterior_ci_width,role_rate_reliability,17,-0.999635986065837,-1.0,DISTINCT,DISTINCT,EMPIRICALLY_INTERCHANGEABLE,|r| >= 0.99 AND |rho| >= 0.99 at n=17. Publishing both as separate findings double-counts one fact.
player_season,save_rate_shrunk,EPA_position_robust_z,17,0.9655277327889906,0.9313725490196079,DISTINCT,DISTINCT,HIGHLY_OVERLAPPING,"|r| or |rho| >= 0.95 at n=17. Related, but they can still order the table differently."
player_season,save_rate_shrunk,EPA_position_z,17,0.9655277327889904,0.9313725490196079,DISTINCT,DISTINCT,HIGHLY_OVERLAPPING,"|r| or |rho| >= 0.95 at n=17. Related, but they can still order the table differently."
player_season,save_reliability,role_rate_reliability,17,1.0,1.0,DISTINCT,DISTINCT,EMPIRICALLY_INTERCHANGEABLE,|r| >= 0.99 AND |rho| >= 0.99 at n=17. Publishing both as separate findings double-counts one fact.
player_season,save_reliability,save_posterior_ci_width,17,-0.9996359860658368,-1.0,DISTINCT,DISTINCT,EMPIRICALLY_INTERCHANGEABLE,|r| >= 0.99 AND |rho| >= 0.99 at n=17. Publishing both as separate findings double-counts one fact.
player_season,saves,goals_allowed,200,0.9855458233876996,0.9998284780992364,DISTINCT,DISTINCT,HIGHLY_OVERLAPPING,"|r| or |rho| >= 0.95 at n=200. Related, but they can still order the table differently."
player_season,saves,one_point_shots_on_goal_faced,200,0.9945613923228026,0.9999086291011531,DISTINCT,DISTINCT,EMPIRICALLY_INTERCHANGEABLE,|r| >= 0.99 AND |rho| >= 0.99 at n=200. Publishing both as separate findings double-counts one fact.
player_season,saves,pll_points_allowed,200,0.9857113024705194,0.9998220666253114,DISTINCT,DISTINCT,HIGHLY_OVERLAPPING,"|r| or |rho| >= 0.95 at n=200. Related, but they can still order the table differently."
player_season,saves,save_posterior_ci_width,17,-0.9931813363086405,-0.985898407257775,DISTINCT,DISTINCT,HIGHLY_OVERLAPPING,"|r| or |rho| >= 0.95 at n=17. Related, but they can still order the table differently."
player_season,saves,save_reliability,17,0.9897520315450897,0.985898407257775,DISTINCT,DISTINCT,HIGHLY_OVERLAPPING,"|r| or |rho| >= 0.95 at n=17. Related, but they can still order the table differently."
player_season,saves,shots_on_goal_faced,200,0.99639312212968,0.9999310709648462,DISTINCT,DISTINCT,EMPIRICALLY_INTERCHANGEABLE,|r| >= 0.99 AND |rho| >= 0.99 at n=200. Publishing both as separate findings double-counts one fact.
player_season,saves,two_point_shots_on_goal_faced,200,0.9907571641853586,0.9998509193140813,DISTINCT,DISTINCT,EMPIRICALLY_INTERCHANGEABLE,|r| >= 0.99 AND |rho| >= 0.99 at n=200. Publishing both as separate findings double-counts one fact.
player_season,scoring_points,shots,200,0.9533277888842362,0.9260594736910297,DISTINCT,DISTINCT,HIGHLY_OVERLAPPING,"|r| or |rho| >= 0.95 at n=200. Related, but they can still order the table differently."
player_season,scoring_points,shots_on_goal,200,0.9648780557114576,0.9327557540787603,DISTINCT,DISTINCT,HIGHLY_OVERLAPPING,"|r| or |rho| >= 0.95 at n=200. Related, but they can still order the table differently."
player_season,shooting_pct,shooting_rate_raw,167,1.0,1.0,DISTINCT,IDENTICAL(shooting_pct),EMPIRICALLY_INTERCHANGEABLE,|r| >= 0.99 AND |rho| >= 0.99 at n=167. Publishing both as separate findings double-counts one fact.
player_season,shooting_reliability,one_point_reliability,157,0.9821472632951014,0.9542300741013654,DISTINCT,DISTINCT,HIGHLY_OVERLAPPING,"|r| or |rho| >= 0.95 at n=157. Related, but they can still order the table differently."
player_season,shooting_reliability,shooting_posterior_ci_width,167,-0.9780433585863265,-0.9737390054443831,DISTINCT,DISTINCT,HIGHLY_OVERLAPPING,"|r| or |rho| >= 0.95 at n=167. Related, but they can still order the table differently."
player_season,shooting_value_one_point_raw,one_point_rate_shrunk,157,0.9996579682838097,0.9997205086122166,ALGEBRAICALLY_REDUNDANT (component of shooting_value_raw),DISTINCT,EMPIRICALLY_INTERCHANGEABLE,|r| >= 0.99 AND |rho| >= 0.99 at n=157. Publishing both as separate findings double-counts one fact.
player_season,shooting_value_raw,EPA_vs_usage_expectation,164,0.9698977534897342,0.9499182526326119,DISTINCT,"ALGEBRAICALLY_REDUNDANT (a constant offset of offensive_EPA_points_raw: Pearson r and Spearman rho are both exactly 1.000 in metric_redundancy_2026.csv, because the fitted model is flat). Phase 9 refitted on five seasons and the constant still won, so this is now a settled property rather than a one-season accident.",HIGHLY_OVERLAPPING,"|r| or |rho| >= 0.95 at n=164. Related, but they can still order the table differently."
player_season,shooting_value_raw,offensive_EPA_points_raw,200,0.9653761070283081,0.9203485639126708,DISTINCT,ALGEBRAICALLY_REDUNDANT (sum of two published components),HIGHLY_OVERLAPPING,"|r| or |rho| >= 0.95 at n=200. Related, but they can still order the table differently."
player_season,shots,offensive_play_share_season,200,0.9794318458801801,0.9603415884552217,DISTINCT,DISTINCT,HIGHLY_OVERLAPPING,"|r| or |rho| >= 0.95 at n=200. Related, but they can still order the table differently."
player_season,shots,one_point_attempts,200,0.9857865305790346,0.9607210889409442,DISTINCT,DISTINCT,HIGHLY_OVERLAPPING,"|r| or |rho| >= 0.95 at n=200. Related, but they can still order the table differently."
player_season,shots,one_point_reliability,157,0.9844952114360568,0.9542300741013654,DISTINCT,DISTINCT,HIGHLY_OVERLAPPING,"|r| or |rho| >= 0.95 at n=157. Related, but they can still order the table differently."
player_season,shots,recorded_offensive_opportunities,200,0.9896240172416045,0.964290374008601,DISTINCT,DISTINCT,HIGHLY_OVERLAPPING,"|r| or |rho| >= 0.95 at n=200. Related, but they can still order the table differently."
player_season,shots,shooting_posterior_ci_width,167,-0.9760702670165065,-0.9737390054443831,DISTINCT,DISTINCT,HIGHLY_OVERLAPPING,"|r| or |rho| >= 0.95 at n=167. Related, but they can still order the table differently."
player_season,shots,shooting_reliability,167,0.9968757139433696,1.0,DISTINCT,DISTINCT,EMPIRICALLY_INTERCHANGEABLE,|r| >= 0.99 AND |rho| >= 0.99 at n=167. Publishing both as separate findings double-counts one fact.
player_season,shots,shots_on_goal,200,0.9887471657026361,0.9742910317704626,DISTINCT,DISTINCT,HIGHLY_OVERLAPPING,"|r| or |rho| >= 0.95 at n=200. Related, but they can still order the table differently."
player_season,shots_on_goal,offensive_play_share_season,200,0.9713522927501954,0.9394317499302303,DISTINCT,DISTINCT,HIGHLY_OVERLAPPING,"|r| or |rho| >= 0.95 at n=200. Related, but they can still order the table differently."
player_season,shots_on_goal,one_point_attempts,200,0.9847535164596589,0.9580509114899218,DISTINCT,DISTINCT,HIGHLY_OVERLAPPING,"|r| or |rho| >= 0.95 at n=200. Related, but they can still order the table differently."
player_season,shots_on_goal,one_point_reliability,157,0.983082830910015,0.9507269783393133,DISTINCT,DISTINCT,HIGHLY_OVERLAPPING,"|r| or |rho| >= 0.95 at n=157. Related, but they can still order the table differently."
player_season,shots_on_goal,recorded_offensive_opportunities,200,0.9786163282098402,0.944633287076684,DISTINCT,DISTINCT,HIGHLY_OVERLAPPING,"|r| or |rho| >= 0.95 at n=200. Related, but they can still order the table differently."
player_season,shots_on_goal,shooting_reliability,167,0.9849531375566941,0.965412815488378,DISTINCT,DISTINCT,HIGHLY_OVERLAPPING,"|r| or |rho| >= 0.95 at n=167. Related, but they can still order the table differently."
player_season,shots_on_goal_faced,one_point_shots_on_goal_faced,200,0.9996882500614395,0.999975955027566,DISTINCT,DISTINCT,EMPIRICALLY_INTERCHANGEABLE,|r| >= 0.99 AND |rho| >= 0.99 at n=200. Publishing both as separate findings double-counts one fact.
player_season,shots_on_goal_faced,save_posterior_ci_width,17,-0.9992652852865321,-0.9920296162581342,DISTINCT,DISTINCT,EMPIRICALLY_INTERCHANGEABLE,|r| >= 0.99 AND |rho| >= 0.99 at n=17. Publishing both as separate findings double-counts one fact.
player_season,shots_on_goal_faced,save_reliability,17,0.9988698621605914,0.9920296162581342,DISTINCT,DISTINCT,EMPIRICALLY_INTERCHANGEABLE,|r| >= 0.99 AND |rho| >= 0.99 at n=17. Publishing both as separate findings double-counts one fact.
player_season,shots_on_goal_faced,two_point_shots_on_goal_faced,200,0.9831749350539486,0.99983168308842,DISTINCT,DISTINCT,HIGHLY_OVERLAPPING,"|r| or |rho| >= 0.95 at n=200. Related, but they can still order the table differently."
player_season,two_point_attempts,two_point_reliability,114,0.9999999999330119,1.0,DISTINCT,DISTINCT,EMPIRICALLY_INTERCHANGEABLE,|r| >= 0.99 AND |rho| >= 0.99 at n=114. Publishing both as separate findings double-counts one fact.
player_season,two_point_conversion_pct,two_point_rate_raw,114,1.0,1.0,DISTINCT,IDENTICAL(two_point_conversion_pct),EMPIRICALLY_INTERCHANGEABLE,|r| >= 0.99 AND |rho| >= 0.99 at n=114. Publishing both as separate findings double-counts one fact.
player_season,two_point_goals,two_point_conversion_pct,114,0.6162685076127408,0.9643900052556962,DISTINCT,DISTINCT,HIGHLY_OVERLAPPING,"|r| or |rho| >= 0.95 at n=114. Related, but they can still order the table differently."
player_season,two_point_goals,two_point_rate_raw,114,0.6162685076127408,0.9643900052556962,DISTINCT,IDENTICAL(two_point_conversion_pct),HIGHLY_OVERLAPPING,"|r| or |rho| >= 0.95 at n=114. Related, but they can still order the table differently."
player_season,two_point_goals_allowed,one_point_shots_on_goal_faced,200,0.9552171737855026,0.9096206879074148,DISTINCT,DISTINCT,HIGHLY_OVERLAPPING,"|r| or |rho| >= 0.95 at n=200. Related, but they can still order the table differently."
player_season,two_point_goals_allowed,pll_points_allowed,200,0.9641991741053667,0.9106981421775219,DISTINCT,DISTINCT,HIGHLY_OVERLAPPING,"|r| or |rho| >= 0.95 at n=200. Related, but they can still order the table differently."
player_season,two_point_goals_allowed,shots_on_goal_faced,200,0.957659693644789,0.9106476007337759,DISTINCT,DISTINCT,HIGHLY_OVERLAPPING,"|r| or |rho| >= 0.95 at n=200. Related, but they can still order the table differently."
player_season,two_point_goals_allowed,two_point_shots_on_goal_faced,200,0.9572323188940036,0.9116885443004448,DISTINCT,DISTINCT,HIGHLY_OVERLAPPING,"|r| or |rho| >= 0.95 at n=200. Related, but they can still order the table differently."
player_season,two_point_shots_on_goal_faced,save_posterior_ci_width,17,-0.9668543573245281,-0.9285826953860664,DISTINCT,DISTINCT,HIGHLY_OVERLAPPING,"|r| or |rho| >= 0.95 at n=17. Related, but they can still order the table differently."
player_season,two_point_shots_on_goal_faced,save_reliability,17,0.9618818022580147,0.9285826953860664,DISTINCT,DISTINCT,HIGHLY_OVERLAPPING,"|r| or |rho| >= 0.95 at n=17. Related, but they can still order the table differently."
team_season,clears,clear_attempts,8,0.9975664017315832,0.9761904761904762,DISTINCT,DISTINCT,HIGHLY_OVERLAPPING,"|r| or |rho| >= 0.95 at n=8. Related, but they can still order the table differently."
team_season,defensive_efficiency,defensive_efficiency_per_100,8,0.9999999999999999,1.0,IDENTICAL(points_allowed_per_possession),ALGEBRAICALLY_REDUNDANT,EMPIRICALLY_INTERCHANGEABLE,|r| >= 0.99 AND |rho| >= 0.99 at n=8. Publishing both as separate findings double-counts one fact.
team_season,defensive_possessions,man_up_goals,8,0.8129194285637066,0.9639253854237597,DISTINCT,DISTINCT,HIGHLY_OVERLAPPING,"|r| or |rho| >= 0.95 at n=8. Related, but they can still order the table differently."
team_season,defensive_possessions,man_up_points,8,0.8670234696728287,0.9518763181059627,DISTINCT,DISTINCT,HIGHLY_OVERLAPPING,"|r| or |rho| >= 0.95 at n=8. Related, but they can still order the table differently."
team_season,defensive_possessions,shots_allowed,8,0.8831691565385971,0.9523809523809523,DISTINCT,DISTINCT,HIGHLY_OVERLAPPING,"|r| or |rho| >= 0.95 at n=8. Related, but they can still order the table differently."
team_season,defensive_possessions,turnovers_forced,8,0.9536989917841444,0.790433332862751,DISTINCT,DISTINCT,HIGHLY_OVERLAPPING,"|r| or |rho| >= 0.95 at n=8. Related, but they can still order the table differently."
team_season,faceoff_losses,faceoff_win_pct,8,-0.9587343966013853,-0.9285714285714286,DISTINCT,DISTINCT,HIGHLY_OVERLAPPING,"|r| or |rho| >= 0.95 at n=8. Related, but they can still order the table differently."
team_season,faceoff_losses,turnovers_forced,8,0.9640875306255561,0.5988131309566295,DISTINCT,DISTINCT,HIGHLY_OVERLAPPING,"|r| or |rho| >= 0.95 at n=8. Related, but they can still order the table differently."
team_season,faceoff_start_possession_share,faceoff_win_pct,8,0.990782168957317,0.9761904761904762,DISTINCT,DISTINCT,HIGHLY_OVERLAPPING,"|r| or |rho| >= 0.95 at n=8. Related, but they can still order the table differently."
team_season,faceoff_start_possession_share,faceoff_wins,8,0.9686738626513555,0.9761904761904762,DISTINCT,DISTINCT,HIGHLY_OVERLAPPING,"|r| or |rho| >= 0.95 at n=8. Related, but they can still order the table differently."
team_season,faceoff_start_possession_share,ground_balls_per_possession,8,0.8938060393800481,0.9523809523809523,DISTINCT,DISTINCT,HIGHLY_OVERLAPPING,"|r| or |rho| >= 0.95 at n=8. Related, but they can still order the table differently."
team_season,faceoff_start_possession_share,turnovers_forced_per_defensive_possession,8,-0.9329606003259192,-0.9761904761904762,DISTINCT,DISTINCT,HIGHLY_OVERLAPPING,"|r| or |rho| >= 0.95 at n=8. Related, but they can still order the table differently."
team_season,faceoff_start_possessions,faceoff_start_possession_share,8,0.9697861844706459,0.9761904761904762,DISTINCT,DISTINCT,HIGHLY_OVERLAPPING,"|r| or |rho| >= 0.95 at n=8. Related, but they can still order the table differently."
team_season,faceoff_start_possessions,faceoff_win_pct,8,0.9634831249921257,1.0,DISTINCT,DISTINCT,HIGHLY_OVERLAPPING,"|r| or |rho| >= 0.95 at n=8. Related, but they can still order the table differently."
team_season,faceoff_start_possessions,faceoff_wins,8,0.998049777999589,1.0,DISTINCT,DISTINCT,EMPIRICALLY_INTERCHANGEABLE,|r| >= 0.99 AND |rho| >= 0.99 at n=8. Publishing both as separate findings double-counts one fact.
team_season,faceoff_start_possessions,ground_balls_per_possession,8,0.9478560427756302,0.9761904761904762,DISTINCT,DISTINCT,HIGHLY_OVERLAPPING,"|r| or |rho| >= 0.95 at n=8. Related, but they can still order the table differently."
team_season,faceoff_start_possessions,turnovers_forced_per_defensive_possession,8,-0.9582553920620925,-0.9523809523809523,DISTINCT,DISTINCT,HIGHLY_OVERLAPPING,"|r| or |rho| >= 0.95 at n=8. Related, but they can still order the table differently."
team_season,faceoff_win_pct,ground_balls_per_possession,8,0.8941283406883724,0.9761904761904762,DISTINCT,DISTINCT,HIGHLY_OVERLAPPING,"|r| or |rho| >= 0.95 at n=8. Related, but they can still order the table differently."
team_season,faceoff_win_pct,turnovers_forced_per_defensive_possession,8,-0.9026471157109978,-0.9523809523809523,DISTINCT,DISTINCT,HIGHLY_OVERLAPPING,"|r| or |rho| >= 0.95 at n=8. Related, but they can still order the table differently."
team_season,faceoff_wins,faceoff_win_pct,8,0.9635667485433014,1.0,DISTINCT,DISTINCT,HIGHLY_OVERLAPPING,"|r| or |rho| >= 0.95 at n=8. Related, but they can still order the table differently."
team_season,faceoff_wins,ground_balls_per_possession,8,0.961217102331235,0.9761904761904762,DISTINCT,DISTINCT,HIGHLY_OVERLAPPING,"|r| or |rho| >= 0.95 at n=8. Related, but they can still order the table differently."
team_season,faceoff_wins,turnovers_forced_per_defensive_possession,8,-0.9497006817113355,-0.9523809523809523,DISTINCT,DISTINCT,HIGHLY_OVERLAPPING,"|r| or |rho| >= 0.95 at n=8. Related, but they can still order the table differently."
team_season,games_played,clear_attempts,8,0.9048968897804065,0.9511897312113419,DISTINCT,DISTINCT,HIGHLY_OVERLAPPING,"|r| or |rho| >= 0.95 at n=8. Related, but they can still order the table differently."
team_season,games_played,defensive_possessions,8,0.8740792106817965,0.9511897312113419,DISTINCT,DISTINCT,HIGHLY_OVERLAPPING,"|r| or |rho| >= 0.95 at n=8. Related, but they can still order the table differently."
team_season,games_played,goals,8,0.9023598256171046,0.9627197246824659,DISTINCT,DISTINCT,HIGHLY_OVERLAPPING,"|r| or |rho| >= 0.95 at n=8. Related, but they can still order the table differently."
team_season,games_played,one_point_attempts,8,0.9710381365323555,0.9511897312113419,DISTINCT,DISTINCT,HIGHLY_OVERLAPPING,"|r| or |rho| >= 0.95 at n=8. Related, but they can still order the table differently."
team_season,games_played,one_point_goals,8,0.913828580388582,0.9511897312113419,DISTINCT,DISTINCT,HIGHLY_OVERLAPPING,"|r| or |rho| >= 0.95 at n=8. Related, but they can still order the table differently."
team_season,games_played,one_point_points,8,0.913828580388582,0.9511897312113419,DISTINCT,ALGEBRAICALLY_REDUNDANT,HIGHLY_OVERLAPPING,"|r| or |rho| >= 0.95 at n=8. Related, but they can still order the table differently."
team_season,games_played,playoff_games,8,1.0000000000000002,1.0,DISTINCT,DISTINCT,EMPIRICALLY_INTERCHANGEABLE,|r| >= 0.99 AND |rho| >= 0.99 at n=8. Publishing both as separate findings double-counts one fact.
team_season,games_played,ride_attempts,8,0.8774430268780264,0.9511897312113419,DISTINCT,DISTINCT,HIGHLY_OVERLAPPING,"|r| or |rho| >= 0.95 at n=8. Related, but they can still order the table differently."
team_season,games_played,shots,8,0.9522115869391433,0.9511897312113419,DISTINCT,DISTINCT,HIGHLY_OVERLAPPING,"|r| or |rho| >= 0.95 at n=8. Related, but they can still order the table differently."
team_season,games_played,shots_allowed,8,0.9538656390856509,0.9511897312113419,DISTINCT,DISTINCT,HIGHLY_OVERLAPPING,"|r| or |rho| >= 0.95 at n=8. Related, but they can still order the table differently."
team_season,games_played,shots_on_goal,8,0.9685522863200889,0.9511897312113419,DISTINCT,DISTINCT,HIGHLY_OVERLAPPING,"|r| or |rho| >= 0.95 at n=8. Related, but they can still order the table differently."
team_season,games_played,total_game_possessions,8,0.985728696184812,0.9511897312113419,DISTINCT,DISTINCT,HIGHLY_OVERLAPPING,"|r| or |rho| >= 0.95 at n=8. Related, but they can still order the table differently."
team_season,goals,faceoffs,8,0.9564280958077239,0.9518763181059627,DISTINCT,DISTINCT,HIGHLY_OVERLAPPING,"|r| or |rho| >= 0.95 at n=8. Related, but they can still order the table differently."
team_season,goals,one_point_goals,8,0.9907069202352238,0.9518763181059627,DISTINCT,DISTINCT,HIGHLY_OVERLAPPING,"|r| or |rho| >= 0.95 at n=8. Related, but they can still order the table differently."
team_season,goals,one_point_points,8,0.9907069202352238,0.9518763181059627,DISTINCT,ALGEBRAICALLY_REDUNDANT,HIGHLY_OVERLAPPING,"|r| or |rho| >= 0.95 at n=8. Related, but they can still order the table differently."
team_season,goals,ride_attempts,8,0.7138583304776436,0.9518763181059627,DISTINCT,DISTINCT,HIGHLY_OVERLAPPING,"|r| or |rho| >= 0.95 at n=8. Related, but they can still order the table differently."
team_season,goals,shots_allowed,8,0.9018760902525668,0.9518763181059627,DISTINCT,DISTINCT,HIGHLY_OVERLAPPING,"|r| or |rho| >= 0.95 at n=8. Related, but they can still order the table differently."
team_season,goals_per_possession,points_per_shot,8,0.9430311965033618,0.9761904761904762,RELATED_BUT_DISTINCT,RELATED_BUT_DISTINCT,HIGHLY_OVERLAPPING,"|r| or |rho| >= 0.95 at n=8. Related, but they can still order the table differently."
team_season,goals_per_possession,points_per_two_point_attempt,8,0.9398586667795732,0.9523809523809523,RELATED_BUT_DISTINCT,DISTINCT,HIGHLY_OVERLAPPING,"|r| or |rho| >= 0.95 at n=8. Related, but they can still order the table differently."
team_season,goals_per_possession,two_point_conversion_pct,8,0.9398586667795732,0.9523809523809523,RELATED_BUT_DISTINCT,DISTINCT,HIGHLY_OVERLAPPING,"|r| or |rho| >= 0.95 at n=8. Related, but they can still order the table differently."
team_season,losses,win_pct,8,-0.9932797708271679,-0.9880235200593538,DISTINCT,DISTINCT,HIGHLY_OVERLAPPING,"|r| or |rho| >= 0.95 at n=8. Related, but they can still order the table differently."
team_season,man_up_goals,man_up_points,8,0.9764127543194971,0.9695121951219512,DISTINCT,DISTINCT,HIGHLY_OVERLAPPING,"|r| or |rho| >= 0.95 at n=8. Related, but they can still order the table differently."
team_season,man_up_goals_per_opportunity,man_up_points_per_opportunity,8,0.9804374712290124,0.9285714285714286,DISTINCT,DISTINCT,HIGHLY_OVERLAPPING,"|r| or |rho| >= 0.95 at n=8. Related, but they can still order the table differently."
team_season,man_up_shots,man_up_goals,8,0.8861789131187356,0.9518763181059627,DISTINCT,DISTINCT,HIGHLY_OVERLAPPING,"|r| or |rho| >= 0.95 at n=8. Related, but they can still order the table differently."
team_season,net_efficiency,net_efficiency_per_100,8,0.9999999999999998,1.0,DISTINCT,ALGEBRAICALLY_REDUNDANT,EMPIRICALLY_INTERCHANGEABLE,|r| >= 0.99 AND |rho| >= 0.99 at n=8. Publishing both as separate findings double-counts one fact.
team_season,offensive_efficiency,goals_per_possession,8,0.994140730592779,1.0,IDENTICAL(points_per_possession),RELATED_BUT_DISTINCT,EMPIRICALLY_INTERCHANGEABLE,|r| >= 0.99 AND |rho| >= 0.99 at n=8. Publishing both as separate findings double-counts one fact.
team_season,offensive_efficiency,offensive_efficiency_per_100,8,1.0000000000000002,1.0,IDENTICAL(points_per_possession),ALGEBRAICALLY_REDUNDANT,EMPIRICALLY_INTERCHANGEABLE,|r| >= 0.99 AND |rho| >= 0.99 at n=8. Publishing both as separate findings double-counts one fact.
team_season,offensive_efficiency,points_per_shot,8,0.9431937284528606,0.9761904761904762,IDENTICAL(points_per_possession),RELATED_BUT_DISTINCT,HIGHLY_OVERLAPPING,"|r| or |rho| >= 0.95 at n=8. Related, but they can still order the table differently."
team_season,offensive_efficiency,points_per_two_point_attempt,8,0.9662964549040463,0.9523809523809523,IDENTICAL(points_per_possession),DISTINCT,HIGHLY_OVERLAPPING,"|r| or |rho| >= 0.95 at n=8. Related, but they can still order the table differently."
team_season,offensive_efficiency,two_point_conversion_pct,8,0.9662964549040463,0.9523809523809523,IDENTICAL(points_per_possession),DISTINCT,HIGHLY_OVERLAPPING,"|r| or |rho| >= 0.95 at n=8. Related, but they can still order the table differently."
team_season,offensive_efficiency_per_100,goals_per_possession,8,0.9941407305927789,1.0,ALGEBRAICALLY_REDUNDANT,RELATED_BUT_DISTINCT,EMPIRICALLY_INTERCHANGEABLE,|r| >= 0.99 AND |rho| >= 0.99 at n=8. Publishing both as separate findings double-counts one fact.
team_season,offensive_efficiency_per_100,points_per_shot,8,0.9431937284528608,0.9761904761904762,ALGEBRAICALLY_REDUNDANT,RELATED_BUT_DISTINCT,HIGHLY_OVERLAPPING,"|r| or |rho| >= 0.95 at n=8. Related, but they can still order the table differently."
team_season,offensive_efficiency_per_100,points_per_two_point_attempt,8,0.9662964549040459,0.9523809523809523,ALGEBRAICALLY_REDUNDANT,DISTINCT,HIGHLY_OVERLAPPING,"|r| or |rho| >= 0.95 at n=8. Related, but they can still order the table differently."
team_season,offensive_efficiency_per_100,two_point_conversion_pct,8,0.9662964549040459,0.9523809523809523,ALGEBRAICALLY_REDUNDANT,DISTINCT,HIGHLY_OVERLAPPING,"|r| or |rho| >= 0.95 at n=8. Related, but they can still order the table differently."
team_season,one_point_attempts,clear_attempts,8,0.9485443989219023,0.9761904761904762,DISTINCT,DISTINCT,HIGHLY_OVERLAPPING,"|r| or |rho| >= 0.95 at n=8. Related, but they can still order the table differently."
team_season,one_point_attempts,clears,8,0.9489243705813105,0.9523809523809523,DISTINCT,DISTINCT,HIGHLY_OVERLAPPING,"|r| or |rho| >= 0.95 at n=8. Related, but they can still order the table differently."
team_season,one_point_conversion_pct,points_per_one_point_attempt,8,1.0,1.0,ALGEBRAICALLY_REDUNDANT,ALGEBRAICALLY_REDUNDANT,EMPIRICALLY_INTERCHANGEABLE,|r| >= 0.99 AND |rho| >= 0.99 at n=8. Publishing both as separate findings double-counts one fact.
team_season,one_point_goals,clear_attempts,8,0.9267650767093965,0.9523809523809523,DISTINCT,DISTINCT,HIGHLY_OVERLAPPING,"|r| or |rho| >= 0.95 at n=8. Related, but they can still order the table differently."
team_season,one_point_goals,one_point_points,8,1.0,1.0,DISTINCT,ALGEBRAICALLY_REDUNDANT,EMPIRICALLY_INTERCHANGEABLE,|r| >= 0.99 AND |rho| >= 0.99 at n=8. Publishing both as separate findings double-counts one fact.
team_season,one_point_points,clear_attempts,8,0.9267650767093965,0.9523809523809523,ALGEBRAICALLY_REDUNDANT,DISTINCT,HIGHLY_OVERLAPPING,"|r| or |rho| >= 0.95 at n=8. Related, but they can still order the table differently."
team_season,opponent_shooting_pct,opponent_shooting_pct_on_goal,8,0.9581259840649782,0.9761904761904762,DISTINCT,HIGHLY_OVERLAPPING,HIGHLY_OVERLAPPING,"|r| or |rho| >= 0.95 at n=8. Related, but they can still order the table differently."
team_season,penalties,man_down_opportunities,8,0.9746976180588166,0.8975903614457831,DISTINCT,DISTINCT,HIGHLY_OVERLAPPING,"|r| or |rho| >= 0.95 at n=8. Related, but they can still order the table differently."
team_season,penalties,penalty_minutes,8,0.9898641906701562,0.9572173526639413,DISTINCT,DISTINCT,HIGHLY_OVERLAPPING,"|r| or |rho| >= 0.95 at n=8. Related, but they can still order the table differently."
team_season,penalty_minutes,man_down_opportunities,8,0.9526960487395426,0.7854091098781056,DISTINCT,DISTINCT,HIGHLY_OVERLAPPING,"|r| or |rho| >= 0.95 at n=8. Related, but they can still order the table differently."
team_season,playoff_games,clear_attempts,8,0.9048968897804065,0.9511897312113419,DISTINCT,DISTINCT,HIGHLY_OVERLAPPING,"|r| or |rho| >= 0.95 at n=8. Related, but they can still order the table differently."
team_season,playoff_games,defensive_possessions,8,0.8740792106817966,0.9511897312113419,DISTINCT,DISTINCT,HIGHLY_OVERLAPPING,"|r| or |rho| >= 0.95 at n=8. Related, but they can still order the table differently."
team_season,playoff_games,goals,8,0.9023598256171044,0.9627197246824659,DISTINCT,DISTINCT,HIGHLY_OVERLAPPING,"|r| or |rho| >= 0.95 at n=8. Related, but they can still order the table differently."
team_season,playoff_games,one_point_attempts,8,0.9710381365323554,0.9511897312113419,DISTINCT,DISTINCT,HIGHLY_OVERLAPPING,"|r| or |rho| >= 0.95 at n=8. Related, but they can still order the table differently."
team_season,playoff_games,one_point_goals,8,0.9138285803885817,0.9511897312113419,DISTINCT,DISTINCT,HIGHLY_OVERLAPPING,"|r| or |rho| >= 0.95 at n=8. Related, but they can still order the table differently."
team_season,playoff_games,one_point_points,8,0.9138285803885817,0.9511897312113419,DISTINCT,ALGEBRAICALLY_REDUNDANT,HIGHLY_OVERLAPPING,"|r| or |rho| >= 0.95 at n=8. Related, but they can still order the table differently."
team_season,playoff_games,ride_attempts,8,0.8774430268780262,0.9511897312113419,DISTINCT,DISTINCT,HIGHLY_OVERLAPPING,"|r| or |rho| >= 0.95 at n=8. Related, but they can still order the table differently."
team_season,playoff_games,shots,8,0.952211586939143,0.9511897312113419,DISTINCT,DISTINCT,HIGHLY_OVERLAPPING,"|r| or |rho| >= 0.95 at n=8. Related, but they can still order the table differently."
team_season,playoff_games,shots_allowed,8,0.9538656390856507,0.9511897312113419,DISTINCT,DISTINCT,HIGHLY_OVERLAPPING,"|r| or |rho| >= 0.95 at n=8. Related, but they can still order the table differently."
team_season,playoff_games,shots_on_goal,8,0.9685522863200889,0.9511897312113419,DISTINCT,DISTINCT,HIGHLY_OVERLAPPING,"|r| or |rho| >= 0.95 at n=8. Related, but they can still order the table differently."
team_season,playoff_games,total_game_possessions,8,0.985728696184812,0.9511897312113419,DISTINCT,DISTINCT,HIGHLY_OVERLAPPING,"|r| or |rho| >= 0.95 at n=8. Related, but they can still order the table differently."
team_season,point_differential,point_differential_per_game,8,0.9975412753053675,1.0,DISTINCT,DISTINCT,EMPIRICALLY_INTERCHANGEABLE,|r| >= 0.99 AND |rho| >= 0.99 at n=8. Publishing both as separate findings double-counts one fact.
team_season,points_allowed,goals_allowed,8,0.989547771565425,0.994029797388005,DISTINCT,DISTINCT,HIGHLY_OVERLAPPING,"|r| or |rho| >= 0.95 at n=8. Related, but they can still order the table differently."
team_season,points_allowed_per_game,opponent_shooting_pct,8,0.9605050455325169,0.8333333333333334,RELATED_BUT_DISTINCT,DISTINCT,HIGHLY_OVERLAPPING,"|r| or |rho| >= 0.95 at n=8. Related, but they can still order the table differently."
team_season,points_per_game,goals,8,0.9504789306139337,0.7711403083390078,RELATED_BUT_DISTINCT,DISTINCT,HIGHLY_OVERLAPPING,"|r| or |rho| >= 0.95 at n=8. Related, but they can still order the table differently."
team_season,points_per_game,goals_per_possession,8,0.9309110505860007,0.9523809523809523,RELATED_BUT_DISTINCT,RELATED_BUT_DISTINCT,HIGHLY_OVERLAPPING,"|r| or |rho| >= 0.95 at n=8. Related, but they can still order the table differently."
team_season,points_per_game,offensive_efficiency,8,0.9329524456990625,0.9523809523809523,RELATED_BUT_DISTINCT,IDENTICAL(points_per_possession),HIGHLY_OVERLAPPING,"|r| or |rho| >= 0.95 at n=8. Related, but they can still order the table differently."
team_season,points_per_game,offensive_efficiency_per_100,8,0.9329524456990623,0.9523809523809523,RELATED_BUT_DISTINCT,ALGEBRAICALLY_REDUNDANT,HIGHLY_OVERLAPPING,"|r| or |rho| >= 0.95 at n=8. Related, but they can still order the table differently."
team_season,points_per_game,points_per_shot,8,0.9389931548834637,0.9761904761904762,RELATED_BUT_DISTINCT,RELATED_BUT_DISTINCT,HIGHLY_OVERLAPPING,"|r| or |rho| >= 0.95 at n=8. Related, but they can still order the table differently."
team_season,points_per_two_point_attempt,two_point_minus_one_point_return,8,0.9867523339029911,0.9761904761904762,DISTINCT,DISTINCT,HIGHLY_OVERLAPPING,"|r| or |rho| >= 0.95 at n=8. Related, but they can still order the table differently."
team_season,points_scored,faceoffs,8,0.951131903173831,0.9047619047619048,DISTINCT,DISTINCT,HIGHLY_OVERLAPPING,"|r| or |rho| >= 0.95 at n=8. Related, but they can still order the table differently."
team_season,points_scored,goals,8,0.9950694159062042,0.9518763181059627,DISTINCT,DISTINCT,HIGHLY_OVERLAPPING,"|r| or |rho| >= 0.95 at n=8. Related, but they can still order the table differently."
team_season,points_scored,one_point_goals,8,0.9723321646375627,0.8333333333333334,DISTINCT,DISTINCT,HIGHLY_OVERLAPPING,"|r| or |rho| >= 0.95 at n=8. Related, but they can still order the table differently."
team_season,points_scored,one_point_points,8,0.9723321646375627,0.8333333333333334,DISTINCT,ALGEBRAICALLY_REDUNDANT,HIGHLY_OVERLAPPING,"|r| or |rho| >= 0.95 at n=8. Related, but they can still order the table differently."
team_season,points_scored,points_per_game,8,0.9656864268945659,0.8571428571428571,DISTINCT,RELATED_BUT_DISTINCT,HIGHLY_OVERLAPPING,"|r| or |rho| >= 0.95 at n=8. Related, but they can still order the table differently."
team_season,points_scored,shots_allowed,8,0.8916052354071011,0.9523809523809523,DISTINCT,DISTINCT,HIGHLY_OVERLAPPING,"|r| or |rho| >= 0.95 at n=8. Related, but they can still order the table differently."
team_season,points_scored,shots_on_goal,8,0.9519972552857087,0.9523809523809523,DISTINCT,DISTINCT,HIGHLY_OVERLAPPING,"|r| or |rho| >= 0.95 at n=8. Related, but they can still order the table differently."
team_season,points_scored,turnover_rate,8,-0.8965400281010241,-0.9523809523809523,DISTINCT,IDENTICAL(turnovers_per_possession),HIGHLY_OVERLAPPING,"|r| or |rho| >= 0.95 at n=8. Related, but they can still order the table differently."
team_season,points_scored,turnovers_per_possession,8,-0.8965400281010241,-0.9523809523809523,DISTINCT,IDENTICAL(turnover_rate),HIGHLY_OVERLAPPING,"|r| or |rho| >= 0.95 at n=8. Related, but they can still order the table differently."
team_season,possession_differential,faceoff_start_possession_share,8,0.9803919824177088,0.9761904761904762,HIGHLY_OVERLAPPING,DISTINCT,HIGHLY_OVERLAPPING,"|r| or |rho| >= 0.95 at n=8. Related, but they can still order the table differently."
team_season,possession_differential,faceoff_start_possessions,8,0.9772256831120575,1.0,HIGHLY_OVERLAPPING,DISTINCT,HIGHLY_OVERLAPPING,"|r| or |rho| >= 0.95 at n=8. Related, but they can still order the table differently."
team_season,possession_differential,faceoff_win_pct,8,0.9848111234323775,1.0,HIGHLY_OVERLAPPING,DISTINCT,HIGHLY_OVERLAPPING,"|r| or |rho| >= 0.95 at n=8. Related, but they can still order the table differently."
team_season,possession_differential,faceoff_wins,8,0.9707206138970615,1.0,HIGHLY_OVERLAPPING,DISTINCT,HIGHLY_OVERLAPPING,"|r| or |rho| >= 0.95 at n=8. Related, but they can still order the table differently."
team_season,possession_differential,ground_balls_per_possession,8,0.9046822335026853,0.9761904761904762,HIGHLY_OVERLAPPING,DISTINCT,HIGHLY_OVERLAPPING,"|r| or |rho| >= 0.95 at n=8. Related, but they can still order the table differently."
team_season,possession_differential,team_possessions_per_game,8,0.9066169408929321,0.9523809523809523,HIGHLY_OVERLAPPING,DISTINCT,HIGHLY_OVERLAPPING,"|r| or |rho| >= 0.95 at n=8. Related, but they can still order the table differently."
team_season,possession_differential,turnovers_forced_per_defensive_possession,8,-0.9405209422032375,-0.9523809523809523,HIGHLY_OVERLAPPING,DISTINCT,HIGHLY_OVERLAPPING,"|r| or |rho| >= 0.95 at n=8. Related, but they can still order the table differently."
team_season,possession_ending_turnover_rate,two_point_goals,8,-0.96491561730955,-0.9329543706664489,RELATED_BUT_DISTINCT,DISTINCT,HIGHLY_OVERLAPPING,"|r| or |rho| >= 0.95 at n=8. Related, but they can still order the table differently."
team_season,possession_ending_turnover_rate,two_point_points,8,-0.96491561730955,-0.9329543706664489,RELATED_BUT_DISTINCT,ALGEBRAICALLY_REDUNDANT,HIGHLY_OVERLAPPING,"|r| or |rho| >= 0.95 at n=8. Related, but they can still order the table differently."
team_season,save_pct_official,opponent_shooting_pct,8,-0.9591610979316734,-0.9047619047619048,RELATED_BUT_DISTINCT,DISTINCT,HIGHLY_OVERLAPPING,"|r| or |rho| >= 0.95 at n=8. Related, but they can still order the table differently."
team_season,save_pct_official,opponent_shooting_pct_on_goal,8,-0.9759819806406812,-0.9285714285714286,RELATED_BUT_DISTINCT,HIGHLY_OVERLAPPING,HIGHLY_OVERLAPPING,"|r| or |rho| >= 0.95 at n=8. Related, but they can still order the table differently."
team_season,save_pct_official,save_pct_vs_shots_on_goal,8,0.9789317414835471,0.9523809523809523,RELATED_BUT_DISTINCT,RELATED_BUT_DISTINCT,HIGHLY_OVERLAPPING,"|r| or |rho| >= 0.95 at n=8. Related, but they can still order the table differently."
team_season,shooting_pct,goals_per_shot_on_goal,8,0.9611867263497016,0.9047619047619048,RELATED_BUT_DISTINCT,DISTINCT,HIGHLY_OVERLAPPING,"|r| or |rho| >= 0.95 at n=8. Related, but they can still order the table differently."
team_season,shooting_pct,points_per_shot,8,0.9807100628538472,0.8809523809523809,RELATED_BUT_DISTINCT,RELATED_BUT_DISTINCT,HIGHLY_OVERLAPPING,"|r| or |rho| >= 0.95 at n=8. Related, but they can still order the table differently."
team_season,shot_clock_expirations,shot_clock_expiration_rate,8,0.9406694104503857,0.9523809523809523,DISTINCT,DISTINCT,HIGHLY_OVERLAPPING,"|r| or |rho| >= 0.95 at n=8. Related, but they can still order the table differently."
team_season,shots,man_up_shots,8,0.8369725603762846,0.9523809523809523,DISTINCT,DISTINCT,HIGHLY_OVERLAPPING,"|r| or |rho| >= 0.95 at n=8. Related, but they can still order the table differently."
team_season,shots,one_point_attempts,8,0.990328933288751,0.9761904761904762,DISTINCT,DISTINCT,HIGHLY_OVERLAPPING,"|r| or |rho| >= 0.95 at n=8. Related, but they can still order the table differently."
team_season,shots,shots_on_goal,8,0.9783873570492804,0.9523809523809523,DISTINCT,DISTINCT,HIGHLY_OVERLAPPING,"|r| or |rho| >= 0.95 at n=8. Related, but they can still order the table differently."
team_season,shots_allowed,man_up_goals,8,0.7930126181032913,0.9518763181059627,DISTINCT,DISTINCT,HIGHLY_OVERLAPPING,"|r| or |rho| >= 0.95 at n=8. Related, but they can still order the table differently."
team_season,shots_allowed,man_up_points,8,0.8222887958445694,0.9518763181059627,DISTINCT,DISTINCT,HIGHLY_OVERLAPPING,"|r| or |rho| >= 0.95 at n=8. Related, but they can still order the table differently."
team_season,shots_allowed,shots_on_goal_allowed,8,0.9769373159022124,0.7784570702436183,DISTINCT,DISTINCT,HIGHLY_OVERLAPPING,"|r| or |rho| >= 0.95 at n=8. Related, but they can still order the table differently."
team_season,shots_on_goal,goals,8,0.958236729261784,0.9880235200593538,DISTINCT,DISTINCT,HIGHLY_OVERLAPPING,"|r| or |rho| >= 0.95 at n=8. Related, but they can still order the table differently."
team_season,shots_on_goal,one_point_attempts,8,0.96998119426151,0.9047619047619048,DISTINCT,DISTINCT,HIGHLY_OVERLAPPING,"|r| or |rho| >= 0.95 at n=8. Related, but they can still order the table differently."
team_season,shots_on_goal,one_point_goals,8,0.9514091232119319,0.9285714285714286,DISTINCT,DISTINCT,HIGHLY_OVERLAPPING,"|r| or |rho| >= 0.95 at n=8. Related, but they can still order the table differently."
team_season,shots_on_goal,one_point_points,8,0.9514091232119319,0.9285714285714286,DISTINCT,ALGEBRAICALLY_REDUNDANT,HIGHLY_OVERLAPPING,"|r| or |rho| >= 0.95 at n=8. Related, but they can still order the table differently."
team_season,shots_on_goal,shots_allowed,8,0.9524716167693944,0.9523809523809523,DISTINCT,DISTINCT,HIGHLY_OVERLAPPING,"|r| or |rho| >= 0.95 at n=8. Related, but they can still order the table differently."
team_season,shots_on_goal_per_possession,points_per_two_point_attempt,8,0.9424673752459385,0.9523809523809523,HIGHLY_OVERLAPPING,DISTINCT,HIGHLY_OVERLAPPING,"|r| or |rho| >= 0.95 at n=8. Related, but they can still order the table differently."
team_season,shots_on_goal_per_possession,turnover_rate,8,-0.9496879532576761,-0.9523809523809523,HIGHLY_OVERLAPPING,IDENTICAL(turnovers_per_possession),HIGHLY_OVERLAPPING,"|r| or |rho| >= 0.95 at n=8. Related, but they can still order the table differently."
team_season,shots_on_goal_per_possession,turnovers_per_possession,8,-0.9496879532576761,-0.9523809523809523,HIGHLY_OVERLAPPING,IDENTICAL(turnover_rate),HIGHLY_OVERLAPPING,"|r| or |rho| >= 0.95 at n=8. Related, but they can still order the table differently."
team_season,shots_on_goal_per_possession,two_point_conversion_pct,8,0.9424673752459385,0.9523809523809523,HIGHLY_OVERLAPPING,DISTINCT,HIGHLY_OVERLAPPING,"|r| or |rho| >= 0.95 at n=8. Related, but they can still order the table differently."
team_season,shots_on_goal_per_possession,two_point_minus_one_point_return,8,0.9557386332705313,0.9761904761904762,HIGHLY_OVERLAPPING,DISTINCT,HIGHLY_OVERLAPPING,"|r| or |rho| >= 0.95 at n=8. Related, but they can still order the table differently."
team_season,shots_per_possession,shots_on_goal_per_possession,8,0.9452960144072036,0.9761904761904762,DISTINCT,HIGHLY_OVERLAPPING,HIGHLY_OVERLAPPING,"|r| or |rho| >= 0.95 at n=8. Related, but they can still order the table differently."
team_season,shots_per_possession,turnover_rate,8,-0.8911036045302896,-0.9761904761904762,DISTINCT,IDENTICAL(turnovers_per_possession),HIGHLY_OVERLAPPING,"|r| or |rho| >= 0.95 at n=8. Related, but they can still order the table differently."
team_season,shots_per_possession,turnovers_per_possession,8,-0.8911036045302896,-0.9761904761904762,DISTINCT,IDENTICAL(turnover_rate),HIGHLY_OVERLAPPING,"|r| or |rho| >= 0.95 at n=8. Related, but they can still order the table differently."
team_season,shots_per_possession,two_point_minus_one_point_return,8,0.9134118652930172,0.9523809523809523,DISTINCT,DISTINCT,HIGHLY_OVERLAPPING,"|r| or |rho| >= 0.95 at n=8. Related, but they can still order the table differently."
team_season,team_possessions_per_game,faceoff_start_possessions,8,0.9483207896078061,0.9523809523809523,DISTINCT,DISTINCT,HIGHLY_OVERLAPPING,"|r| or |rho| >= 0.95 at n=8. Related, but they can still order the table differently."
team_season,team_possessions_per_game,faceoff_win_pct,8,0.8730357991419085,0.9523809523809523,DISTINCT,DISTINCT,HIGHLY_OVERLAPPING,"|r| or |rho| >= 0.95 at n=8. Related, but they can still order the table differently."
team_season,team_possessions_per_game,faceoff_wins,8,0.9545021807920783,0.9523809523809523,DISTINCT,DISTINCT,HIGHLY_OVERLAPPING,"|r| or |rho| >= 0.95 at n=8. Related, but they can still order the table differently."
team_season,team_possessions_per_game,ground_balls_per_possession,8,0.9738275258839109,0.9761904761904762,DISTINCT,DISTINCT,HIGHLY_OVERLAPPING,"|r| or |rho| >= 0.95 at n=8. Related, but they can still order the table differently."
team_season,total_game_possessions,faceoffs,8,0.9160662534464012,0.9523809523809523,DISTINCT,DISTINCT,HIGHLY_OVERLAPPING,"|r| or |rho| >= 0.95 at n=8. Related, but they can still order the table differently."
team_season,total_game_possessions,goals,8,0.9241667174967518,0.9518763181059627,DISTINCT,DISTINCT,HIGHLY_OVERLAPPING,"|r| or |rho| >= 0.95 at n=8. Related, but they can still order the table differently."
team_season,total_game_possessions,one_point_goals,8,0.9435902358738217,0.9761904761904762,DISTINCT,DISTINCT,HIGHLY_OVERLAPPING,"|r| or |rho| >= 0.95 at n=8. Related, but they can still order the table differently."
team_season,total_game_possessions,one_point_points,8,0.9435902358738217,0.9761904761904762,DISTINCT,ALGEBRAICALLY_REDUNDANT,HIGHLY_OVERLAPPING,"|r| or |rho| >= 0.95 at n=8. Related, but they can still order the table differently."
team_season,total_game_possessions,ride_attempts,8,0.8637148951458691,0.9523809523809523,DISTINCT,DISTINCT,HIGHLY_OVERLAPPING,"|r| or |rho| >= 0.95 at n=8. Related, but they can still order the table differently."
team_season,total_game_possessions,shots_on_goal,8,0.9526422765206144,0.9047619047619048,DISTINCT,DISTINCT,HIGHLY_OVERLAPPING,"|r| or |rho| >= 0.95 at n=8. Related, but they can still order the table differently."
team_season,turnover_rate,points_per_two_point_attempt,8,-0.9787473687733153,-0.9523809523809523,IDENTICAL(turnovers_per_possession),DISTINCT,HIGHLY_OVERLAPPING,"|r| or |rho| >= 0.95 at n=8. Related, but they can still order the table differently."
team_season,turnover_rate,two_point_conversion_pct,8,-0.9787473687733153,-0.9523809523809523,IDENTICAL(turnovers_per_possession),DISTINCT,HIGHLY_OVERLAPPING,"|r| or |rho| >= 0.95 at n=8. Related, but they can still order the table differently."
team_season,turnover_rate,two_point_minus_one_point_return,8,-0.9774324567911056,-0.9761904761904762,IDENTICAL(turnovers_per_possession),DISTINCT,HIGHLY_OVERLAPPING,"|r| or |rho| >= 0.95 at n=8. Related, but they can still order the table differently."
team_season,turnovers_forced,caused_turnovers_official,8,0.9436945503327508,0.9581010095306072,DISTINCT,DISTINCT,HIGHLY_OVERLAPPING,"|r| or |rho| >= 0.95 at n=8. Related, but they can still order the table differently."
team_season,turnovers_forced,shots_allowed_per_possession,8,-0.8959515569146042,-0.9581010095306072,DISTINCT,DISTINCT,HIGHLY_OVERLAPPING,"|r| or |rho| >= 0.95 at n=8. Related, but they can still order the table differently."
team_season,turnovers_forced_per_defensive_possession,ground_balls_per_possession,8,-0.8884151913490297,-0.9761904761904762,DISTINCT,DISTINCT,HIGHLY_OVERLAPPING,"|r| or |rho| >= 0.95 at n=8. Related, but they can still order the table differently."
team_season,turnovers_per_possession,points_per_two_point_attempt,8,-0.9787473687733153,-0.9523809523809523,IDENTICAL(turnover_rate),DISTINCT,HIGHLY_OVERLAPPING,"|r| or |rho| >= 0.95 at n=8. Related, but they can still order the table differently."
team_season,turnovers_per_possession,turnover_rate,8,1.0,1.0,IDENTICAL(turnover_rate),IDENTICAL(turnovers_per_possession),EMPIRICALLY_INTERCHANGEABLE,|r| >= 0.99 AND |rho| >= 0.99 at n=8. Publishing both as separate findings double-counts one fact.
team_season,turnovers_per_possession,two_point_conversion_pct,8,-0.9787473687733153,-0.9523809523809523,IDENTICAL(turnover_rate),DISTINCT,HIGHLY_OVERLAPPING,"|r| or |rho| >= 0.95 at n=8. Related, but they can still order the table differently."
team_season,turnovers_per_possession,two_point_minus_one_point_return,8,-0.9774324567911056,-0.9761904761904762,IDENTICAL(turnover_rate),DISTINCT,HIGHLY_OVERLAPPING,"|r| or |rho| >= 0.95 at n=8. Related, but they can still order the table differently."
team_season,two_point_conversion_pct,points_per_two_point_attempt,8,1.0,1.0,DISTINCT,DISTINCT,EMPIRICALLY_INTERCHANGEABLE,|r| >= 0.99 AND |rho| >= 0.99 at n=8. Publishing both as separate findings double-counts one fact.
team_season,two_point_conversion_pct,two_point_minus_one_point_return,8,0.986752333902991,0.9761904761904762,DISTINCT,DISTINCT,HIGHLY_OVERLAPPING,"|r| or |rho| >= 0.95 at n=8. Related, but they can still order the table differently."
team_season,two_point_goals,points_per_two_point_attempt,8,0.9761540434456506,0.9329543706664489,DISTINCT,DISTINCT,HIGHLY_OVERLAPPING,"|r| or |rho| >= 0.95 at n=8. Related, but they can still order the table differently."
team_season,two_point_goals,two_point_conversion_pct,8,0.9761540434456506,0.9329543706664489,DISTINCT,DISTINCT,HIGHLY_OVERLAPPING,"|r| or |rho| >= 0.95 at n=8. Related, but they can still order the table differently."
team_season,two_point_goals,two_point_minus_one_point_return,8,0.9663533247016934,0.8961272244559313,DISTINCT,DISTINCT,HIGHLY_OVERLAPPING,"|r| or |rho| >= 0.95 at n=8. Related, but they can still order the table differently."
team_season,two_point_goals,two_point_points,8,1.0,1.0,DISTINCT,ALGEBRAICALLY_REDUNDANT,EMPIRICALLY_INTERCHANGEABLE,|r| >= 0.99 AND |rho| >= 0.99 at n=8. Publishing both as separate findings double-counts one fact.
team_season,two_point_goals,two_point_points_share,8,0.9720768556491567,0.9697815168769667,DISTINCT,DISTINCT,HIGHLY_OVERLAPPING,"|r| or |rho| >= 0.95 at n=8. Related, but they can still order the table differently."
team_season,two_point_points,points_per_two_point_attempt,8,0.9761540434456506,0.9329543706664489,ALGEBRAICALLY_REDUNDANT,DISTINCT,HIGHLY_OVERLAPPING,"|r| or |rho| >= 0.95 at n=8. Related, but they can still order the table differently."
team_season,two_point_points,two_point_conversion_pct,8,0.9761540434456506,0.9329543706664489,ALGEBRAICALLY_REDUNDANT,DISTINCT,HIGHLY_OVERLAPPING,"|r| or |rho| >= 0.95 at n=8. Related, but they can still order the table differently."
team_season,two_point_points,two_point_minus_one_point_return,8,0.9663533247016934,0.8961272244559313,ALGEBRAICALLY_REDUNDANT,DISTINCT,HIGHLY_OVERLAPPING,"|r| or |rho| >= 0.95 at n=8. Related, but they can still order the table differently."
team_season,two_point_points,two_point_points_share,8,0.9720768556491567,0.9697815168769667,ALGEBRAICALLY_REDUNDANT,DISTINCT,HIGHLY_OVERLAPPING,"|r| or |rho| >= 0.95 at n=8. Related, but they can still order the table differently."
team_season,win_pct,one_point_attempts,8,0.9222304534049138,0.9523809523809523,DISTINCT,DISTINCT,HIGHLY_OVERLAPPING,"|r| or |rho| >= 0.95 at n=8. Related, but they can still order the table differently."
team_season,win_pct,point_differential_per_game,8,0.9510772077720273,0.9285714285714286,DISTINCT,DISTINCT,HIGHLY_OVERLAPPING,"|r| or |rho| >= 0.95 at n=8. Related, but they can still order the table differently."
team_season,wins,losses,8,-0.9858942723110257,-0.9880235200593538,DISTINCT,DISTINCT,HIGHLY_OVERLAPPING,"|r| or |rho| >= 0.95 at n=8. Related, but they can still order the table differently."
team_season,wins,one_point_attempts,8,0.9431784694737695,0.9523809523809523,DISTINCT,DISTINCT,HIGHLY_OVERLAPPING,"|r| or |rho| >= 0.95 at n=8. Related, but they can still order the table differently."
team_season,wins,win_pct,8,0.9958931274261594,1.0,DISTINCT,DISTINCT,EMPIRICALLY_INTERCHANGEABLE,|r| >= 0.99 AND |rho| >= 0.99 at n=8. Publishing both as separate findings double-counts one fact.
