player_id,raw_position,n_distinct_raw_labels,position_code,canonical_position,position_group,phase6_baseline_group,faceoffs,team_faceoffs_in_games_played,recorded_offensive_opportunities,caused_turnovers,shots_on_goal_faced,faceoff_team_share,takes_faceoffs,value_role,mapping_reason,mapping_confidence
000201,G,1,G,goalie,goalie,goalie,0.0,81.0,1.0,0.0,51,0.0,False,goalie,measured_opportunity: faced 51 shots on goal as goalie of record,high
000211,SSDM,1,SSDM,short_stick_defensive_midfield,defensive_field,defensive_field,0.0,267.0,34.0,1.0,0,0.0,False,defensive_field,"roster_position: measurable opportunities cannot separate offensive from defensive field roles (the feed attributes one defensive act, caused turnovers, 741 league-wide)",medium
000216,A,1,A,attack,attack,offensive_field,0.0,341.0,112.0,5.0,0,0.0,False,offensive_field,"roster_position: measurable opportunities cannot separate offensive from defensive field roles (the feed attributes one defensive act, caused turnovers, 741 league-wide)",medium
000218,D,1,D,defense,defensive_field,defensive_field,0.0,322.0,2.0,8.0,0,0.0,False,defensive_field,"roster_position: measurable opportunities cannot separate offensive from defensive field roles (the feed attributes one defensive act, caused turnovers, 741 league-wide)",medium
000221,M,1,M,midfield,midfield,offensive_field,0.0,322.0,43.0,1.0,0,0.0,False,offensive_field,"roster_position: measurable opportunities cannot separate offensive from defensive field roles (the feed attributes one defensive act, caused turnovers, 741 league-wide)",medium
000222,FO,1,FO,faceoff,faceoff,faceoff,87.0,121.0,7.0,1.0,0,0.71900826446281,True,faceoff,measured_opportunity: took 71.9% of team faceoffs in games played (threshold 50%),medium
000225,M,1,M,midfield,midfield,offensive_field,0.0,322.0,90.0,2.0,0,0.0,False,offensive_field,"roster_position: measurable opportunities cannot separate offensive from defensive field roles (the feed attributes one defensive act, caused turnovers, 741 league-wide)",medium
000227,A,1,A,attack,attack,offensive_field,0.0,304.0,70.0,0.0,0,0.0,False,offensive_field,"roster_position: measurable opportunities cannot separate offensive from defensive field roles (the feed attributes one defensive act, caused turnovers, 741 league-wide)",medium
000231,A,1,A,attack,attack,offensive_field,0.0,154.0,49.0,0.0,0,0.0,False,offensive_field,"roster_position: measurable opportunities cannot separate offensive from defensive field roles (the feed attributes one defensive act, caused turnovers, 741 league-wide)",medium
000234,A,1,A,attack,attack,offensive_field,0.0,317.0,66.0,1.0,0,0.0,False,offensive_field,"roster_position: measurable opportunities cannot separate offensive from defensive field roles (the feed attributes one defensive act, caused turnovers, 741 league-wide)",medium
000235,SSDM,1,SSDM,short_stick_defensive_midfield,defensive_field,defensive_field,1.0,317.0,2.0,3.0,0,0.0031545741324921135,True,defensive_field,"roster_position: measurable opportunities cannot separate offensive from defensive field roles (the feed attributes one defensive act, caused turnovers, 741 league-wide)",medium
000240,A,1,A,attack,attack,offensive_field,0.0,356.0,124.0,1.0,0,0.0,False,offensive_field,"roster_position: measurable opportunities cannot separate offensive from defensive field roles (the feed attributes one defensive act, caused turnovers, 741 league-wide)",medium
000241,G,1,G,goalie,goalie,goalie,0.0,287.0,5.0,1.0,250,0.0,False,goalie,measured_opportunity: faced 250 shots on goal as goalie of record,high
000242,LSM,1,LSM,long_stick_midfield,defensive_field,defensive_field,33.0,194.0,4.0,6.0,0,0.17010309278350516,True,defensive_field,"roster_position: measurable opportunities cannot separate offensive from defensive field roles (the feed attributes one defensive act, caused turnovers, 741 league-wide)",medium
000254,FO,1,FO,faceoff,faceoff,faceoff,308.0,317.0,46.0,1.0,0,0.9716088328075709,True,faceoff,measured_opportunity: took 97.2% of team faceoffs in games played (threshold 50%),high
000255,D,1,D,defense,defensive_field,defensive_field,0.0,317.0,1.0,3.0,0,0.0,False,defensive_field,"roster_position: measurable opportunities cannot separate offensive from defensive field roles (the feed attributes one defensive act, caused turnovers, 741 league-wide)",medium
000258,G,1,G,goalie,goalie,goalie,0.0,260.0,3.0,2.0,267,0.0,False,goalie,measured_opportunity: faced 267 shots on goal as goalie of record,high
000262,A,1,A,attack,attack,offensive_field,0.0,291.0,118.0,4.0,0,0.0,False,offensive_field,"roster_position: measurable opportunities cannot separate offensive from defensive field roles (the feed attributes one defensive act, caused turnovers, 741 league-wide)",medium
000266,M,1,M,midfield,midfield,offensive_field,0.0,240.0,53.0,0.0,0,0.0,False,offensive_field,"roster_position: measurable opportunities cannot separate offensive from defensive field roles (the feed attributes one defensive act, caused turnovers, 741 league-wide)",medium
000269,D,1,D,defense,defensive_field,defensive_field,0.0,285.0,9.0,4.0,0,0.0,False,defensive_field,"roster_position: measurable opportunities cannot separate offensive from defensive field roles (the feed attributes one defensive act, caused turnovers, 741 league-wide)",medium
000272,A,1,A,attack,attack,offensive_field,0.0,196.0,75.0,2.0,0,0.0,False,offensive_field,"roster_position: measurable opportunities cannot separate offensive from defensive field roles (the feed attributes one defensive act, caused turnovers, 741 league-wide)",medium
000275,SSDM,1,SSDM,short_stick_defensive_midfield,defensive_field,defensive_field,0.0,285.0,3.0,2.0,0,0.0,False,defensive_field,"roster_position: measurable opportunities cannot separate offensive from defensive field roles (the feed attributes one defensive act, caused turnovers, 741 league-wide)",medium
000276,LSM,1,LSM,long_stick_midfield,defensive_field,defensive_field,38.0,229.0,11.0,10.0,0,0.16593886462882096,True,defensive_field,"roster_position: measurable opportunities cannot separate offensive from defensive field roles (the feed attributes one defensive act, caused turnovers, 741 league-wide)",medium
000278,M,1,M,midfield,midfield,offensive_field,0.0,237.0,48.0,1.0,0,0.0,False,offensive_field,"roster_position: measurable opportunities cannot separate offensive from defensive field roles (the feed attributes one defensive act, caused turnovers, 741 league-wide)",medium
000279,SSDM,1,SSDM,short_stick_defensive_midfield,defensive_field,defensive_field,0.0,285.0,6.0,2.0,0,0.0,False,defensive_field,"roster_position: measurable opportunities cannot separate offensive from defensive field roles (the feed attributes one defensive act, caused turnovers, 741 league-wide)",medium
000281,LSM,1,LSM,long_stick_midfield,defensive_field,defensive_field,0.0,285.0,14.0,10.0,0,0.0,False,defensive_field,"roster_position: measurable opportunities cannot separate offensive from defensive field roles (the feed attributes one defensive act, caused turnovers, 741 league-wide)",medium
000295,M,1,M,midfield,midfield,offensive_field,0.0,207.0,33.0,0.0,0,0.0,False,offensive_field,"roster_position: measurable opportunities cannot separate offensive from defensive field roles (the feed attributes one defensive act, caused turnovers, 741 league-wide)",medium
000298,M,1,M,midfield,midfield,offensive_field,0.0,134.0,8.0,0.0,0,0.0,False,offensive_field,"roster_position: measurable opportunities cannot separate offensive from defensive field roles (the feed attributes one defensive act, caused turnovers, 741 league-wide)",medium
000302,D,1,D,defense,defensive_field,defensive_field,0.0,229.0,18.0,8.0,0,0.0,False,defensive_field,"roster_position: measurable opportunities cannot separate offensive from defensive field roles (the feed attributes one defensive act, caused turnovers, 741 league-wide)",medium
000305,M,1,M,midfield,midfield,offensive_field,0.0,328.0,76.0,1.0,0,0.0,False,offensive_field,"roster_position: measurable opportunities cannot separate offensive from defensive field roles (the feed attributes one defensive act, caused turnovers, 741 league-wide)",medium
000308,SSDM,1,SSDM,short_stick_defensive_midfield,defensive_field,defensive_field,0.0,205.0,6.0,1.0,0,0.0,False,defensive_field,"roster_position: measurable opportunities cannot separate offensive from defensive field roles (the feed attributes one defensive act, caused turnovers, 741 league-wide)",medium
000314,D,1,D,defense,defensive_field,defensive_field,0.0,306.0,13.0,10.0,0,0.0,False,defensive_field,"roster_position: measurable opportunities cannot separate offensive from defensive field roles (the feed attributes one defensive act, caused turnovers, 741 league-wide)",medium
000315,D,1,D,defense,defensive_field,defensive_field,0.0,306.0,7.0,21.0,0,0.0,False,defensive_field,"roster_position: measurable opportunities cannot separate offensive from defensive field roles (the feed attributes one defensive act, caused turnovers, 741 league-wide)",medium
000318,G,1,G,goalie,goalie,goalie,0.0,306.0,6.0,6.0,281,0.0,False,goalie,measured_opportunity: faced 281 shots on goal as goalie of record,high
000322,LSM,1,LSM,long_stick_midfield,defensive_field,defensive_field,7.0,262.0,11.0,4.0,0,0.026717557251908396,True,defensive_field,"roster_position: measurable opportunities cannot separate offensive from defensive field roles (the feed attributes one defensive act, caused turnovers, 741 league-wide)",medium
000327,A,1,A,attack,attack,offensive_field,0.0,287.0,82.0,4.0,0,0.0,False,offensive_field,"roster_position: measurable opportunities cannot separate offensive from defensive field roles (the feed attributes one defensive act, caused turnovers, 741 league-wide)",medium
000333,SSDM,1,SSDM,short_stick_defensive_midfield,defensive_field,defensive_field,0.0,154.0,21.0,1.0,0,0.0,False,defensive_field,"roster_position: measurable opportunities cannot separate offensive from defensive field roles (the feed attributes one defensive act, caused turnovers, 741 league-wide)",medium
000337,D,1,D,defense,defensive_field,defensive_field,0.0,304.0,9.0,12.0,0,0.0,False,defensive_field,"roster_position: measurable opportunities cannot separate offensive from defensive field roles (the feed attributes one defensive act, caused turnovers, 741 league-wide)",medium
000339,M,1,M,midfield,midfield,offensive_field,0.0,266.0,73.0,1.0,0,0.0,False,offensive_field,"roster_position: measurable opportunities cannot separate offensive from defensive field roles (the feed attributes one defensive act, caused turnovers, 741 league-wide)",medium
000345,SSDM,1,SSDM,short_stick_defensive_midfield,defensive_field,defensive_field,1.0,252.0,10.0,3.0,0,0.003968253968253968,True,defensive_field,"roster_position: measurable opportunities cannot separate offensive from defensive field roles (the feed attributes one defensive act, caused turnovers, 741 league-wide)",medium
000351,M,1,M,midfield,midfield,offensive_field,0.0,306.0,54.0,0.0,0,0.0,False,offensive_field,"roster_position: measurable opportunities cannot separate offensive from defensive field roles (the feed attributes one defensive act, caused turnovers, 741 league-wide)",medium
000353,G,1,G,goalie,goalie,goalie,0.0,199.0,2.0,0.0,157,0.0,False,goalie,measured_opportunity: faced 157 shots on goal as goalie of record,high
000354,A,1,A,attack,attack,offensive_field,0.0,276.0,79.0,2.0,0,0.0,False,offensive_field,"roster_position: measurable opportunities cannot separate offensive from defensive field roles (the feed attributes one defensive act, caused turnovers, 741 league-wide)",medium
000355,D,1,D,defense,defensive_field,defensive_field,0.0,237.0,3.0,8.0,0,0.0,False,defensive_field,"roster_position: measurable opportunities cannot separate offensive from defensive field roles (the feed attributes one defensive act, caused turnovers, 741 league-wide)",medium
000356,LSM,1,LSM,long_stick_midfield,defensive_field,defensive_field,0.0,244.0,26.0,6.0,0,0.0,False,defensive_field,"roster_position: measurable opportunities cannot separate offensive from defensive field roles (the feed attributes one defensive act, caused turnovers, 741 league-wide)",medium
000357,M,1,M,midfield,midfield,offensive_field,0.0,304.0,64.0,0.0,0,0.0,False,offensive_field,"roster_position: measurable opportunities cannot separate offensive from defensive field roles (the feed attributes one defensive act, caused turnovers, 741 league-wide)",medium
000358,M,1,M,midfield,midfield,offensive_field,0.0,341.0,58.0,0.0,0,0.0,False,offensive_field,"roster_position: measurable opportunities cannot separate offensive from defensive field roles (the feed attributes one defensive act, caused turnovers, 741 league-wide)",medium
000359,D,1,D,defense,defensive_field,defensive_field,0.0,304.0,3.0,11.0,0,0.0,False,defensive_field,"roster_position: measurable opportunities cannot separate offensive from defensive field roles (the feed attributes one defensive act, caused turnovers, 741 league-wide)",medium
000361,SSDM,1,SSDM,short_stick_defensive_midfield,defensive_field,defensive_field,0.0,304.0,8.0,1.0,0,0.0,False,defensive_field,"roster_position: measurable opportunities cannot separate offensive from defensive field roles (the feed attributes one defensive act, caused turnovers, 741 league-wide)",medium
000363,M,1,M,midfield,midfield,offensive_field,0.0,287.0,47.0,1.0,0,0.0,False,offensive_field,"roster_position: measurable opportunities cannot separate offensive from defensive field roles (the feed attributes one defensive act, caused turnovers, 741 league-wide)",medium
000365,D,1,D,defense,defensive_field,defensive_field,5.0,260.0,4.0,13.0,0,0.019230769230769232,True,defensive_field,"roster_position: measurable opportunities cannot separate offensive from defensive field roles (the feed attributes one defensive act, caused turnovers, 741 league-wide)",medium
000366,FO,1,FO,faceoff,faceoff,faceoff,168.0,187.0,18.0,2.0,0,0.8983957219251337,True,faceoff,measured_opportunity: took 89.8% of team faceoffs in games played (threshold 50%),high
000368,LSM,1,LSM,long_stick_midfield,defensive_field,defensive_field,0.0,226.0,2.0,8.0,0,0.0,False,defensive_field,"roster_position: measurable opportunities cannot separate offensive from defensive field roles (the feed attributes one defensive act, caused turnovers, 741 league-wide)",medium
000370,G,1,G,goalie,goalie,goalie,0.0,76.0,0.0,1.0,8,0.0,False,goalie,measured_opportunity: faced 8 shots on goal as goalie of record,high
000373,A,1,A,attack,attack,offensive_field,0.0,306.0,91.0,1.0,0,0.0,False,offensive_field,"roster_position: measurable opportunities cannot separate offensive from defensive field roles (the feed attributes one defensive act, caused turnovers, 741 league-wide)",medium
000376,D,1,D,defense,defensive_field,defensive_field,3.0,260.0,15.0,11.0,0,0.011538461538461539,True,defensive_field,"roster_position: measurable opportunities cannot separate offensive from defensive field roles (the feed attributes one defensive act, caused turnovers, 741 league-wide)",medium
000377,D,1,D,defense,defensive_field,defensive_field,0.0,53.0,0.0,1.0,0,0.0,False,defensive_field,"roster_position: measurable opportunities cannot separate offensive from defensive field roles (the feed attributes one defensive act, caused turnovers, 741 league-wide)",medium
000385,A,1,A,attack,attack,offensive_field,0.0,306.0,67.0,2.0,0,0.0,False,offensive_field,"roster_position: measurable opportunities cannot separate offensive from defensive field roles (the feed attributes one defensive act, caused turnovers, 741 league-wide)",medium
000390,M,1,M,midfield,midfield,offensive_field,0.0,162.0,30.0,1.0,0,0.0,False,offensive_field,"roster_position: measurable opportunities cannot separate offensive from defensive field roles (the feed attributes one defensive act, caused turnovers, 741 league-wide)",medium
000391,M,1,M,midfield,midfield,offensive_field,0.0,272.0,51.0,0.0,0,0.0,False,offensive_field,"roster_position: measurable opportunities cannot separate offensive from defensive field roles (the feed attributes one defensive act, caused turnovers, 741 league-wide)",medium
000395,M,1,M,midfield,midfield,offensive_field,0.0,317.0,84.0,1.0,0,0.0,False,offensive_field,"roster_position: measurable opportunities cannot separate offensive from defensive field roles (the feed attributes one defensive act, caused turnovers, 741 league-wide)",medium
000397,LSM,1,LSM,long_stick_midfield,defensive_field,defensive_field,0.0,32.0,0.0,1.0,0,0.0,False,defensive_field,"roster_position: measurable opportunities cannot separate offensive from defensive field roles (the feed attributes one defensive act, caused turnovers, 741 league-wide)",medium
000405,D,1,D,defense,defensive_field,defensive_field,0.0,179.0,5.0,11.0,0,0.0,False,defensive_field,"roster_position: measurable opportunities cannot separate offensive from defensive field roles (the feed attributes one defensive act, caused turnovers, 741 league-wide)",medium
000406,LSM,1,LSM,long_stick_midfield,defensive_field,defensive_field,3.0,123.0,1.0,1.0,0,0.024390243902439025,True,defensive_field,"roster_position: measurable opportunities cannot separate offensive from defensive field roles (the feed attributes one defensive act, caused turnovers, 741 league-wide)",medium
000408,G,1,G,goalie,goalie,goalie,0.0,224.0,0.0,3.0,130,0.0,False,goalie,measured_opportunity: faced 130 shots on goal as goalie of record,high
000409,M,1,M,midfield,midfield,offensive_field,106.0,356.0,54.0,10.0,0,0.29775280898876405,True,offensive_field,"roster_position: measurable opportunities cannot separate offensive from defensive field roles (the feed attributes one defensive act, caused turnovers, 741 league-wide)",medium
000410,D,1,D,defense,defensive_field,defensive_field,197.0,356.0,7.0,13.0,0,0.5533707865168539,True,faceoff,measured_opportunity: took 55.3% of team faceoffs in games played (threshold 50%),medium
000414,A,1,A,attack,attack,offensive_field,0.0,306.0,128.0,2.0,0,0.0,False,offensive_field,"roster_position: measurable opportunities cannot separate offensive from defensive field roles (the feed attributes one defensive act, caused turnovers, 741 league-wide)",medium
000416,LSM,1,LSM,long_stick_midfield,defensive_field,defensive_field,2.0,295.0,11.0,8.0,0,0.006779661016949152,True,defensive_field,"roster_position: measurable opportunities cannot separate offensive from defensive field roles (the feed attributes one defensive act, caused turnovers, 741 league-wide)",medium
000417,D,1,D,defense,defensive_field,defensive_field,0.0,59.0,1.0,0.0,0,0.0,False,defensive_field,"roster_position: measurable opportunities cannot separate offensive from defensive field roles (the feed attributes one defensive act, caused turnovers, 741 league-wide)",medium
000418,G,1,G,goalie,goalie,goalie,0.0,254.0,3.0,3.0,223,0.0,False,goalie,measured_opportunity: faced 223 shots on goal as goalie of record,high
000419,A,1,A,attack,attack,offensive_field,0.0,277.0,93.0,2.0,0,0.0,False,offensive_field,"roster_position: measurable opportunities cannot separate offensive from defensive field roles (the feed attributes one defensive act, caused turnovers, 741 league-wide)",medium
000422,LSM,1,LSM,long_stick_midfield,defensive_field,defensive_field,28.0,229.0,14.0,6.0,0,0.1222707423580786,True,defensive_field,"roster_position: measurable opportunities cannot separate offensive from defensive field roles (the feed attributes one defensive act, caused turnovers, 741 league-wide)",medium
000424,D,1,D,defense,defensive_field,defensive_field,47.0,283.0,2.0,3.0,0,0.16607773851590105,True,defensive_field,"roster_position: measurable opportunities cannot separate offensive from defensive field roles (the feed attributes one defensive act, caused turnovers, 741 league-wide)",medium
000425,M,1,M,midfield,midfield,offensive_field,0.0,130.0,21.0,1.0,0,0.0,False,offensive_field,"roster_position: measurable opportunities cannot separate offensive from defensive field roles (the feed attributes one defensive act, caused turnovers, 741 league-wide)",medium
000614,G,1,G,goalie,goalie,goalie,0.0,63.0,0.0,0.0,34,0.0,False,goalie,measured_opportunity: faced 34 shots on goal as goalie of record,high
000727,LSM,1,LSM,long_stick_midfield,defensive_field,defensive_field,5.0,257.0,17.0,3.0,0,0.019455252918287938,True,defensive_field,"roster_position: measurable opportunities cannot separate offensive from defensive field roles (the feed attributes one defensive act, caused turnovers, 741 league-wide)",medium
000815,G,1,G,goalie,goalie,goalie,0.0,49.0,0.0,0.0,28,0.0,False,goalie,measured_opportunity: faced 28 shots on goal as goalie of record,high
000823,A,1,A,attack,attack,offensive_field,0.0,28.0,2.0,0.0,0,0.0,False,offensive_field,"roster_position: measurable opportunities cannot separate offensive from defensive field roles (the feed attributes one defensive act, caused turnovers, 741 league-wide)",medium
000921,M,1,M,midfield,midfield,offensive_field,0.0,268.0,26.0,1.0,0,0.0,False,offensive_field,"roster_position: measurable opportunities cannot separate offensive from defensive field roles (the feed attributes one defensive act, caused turnovers, 741 league-wide)",medium
000922,D,1,D,defense,defensive_field,defensive_field,17.0,322.0,6.0,10.0,0,0.052795031055900624,True,defensive_field,"roster_position: measurable opportunities cannot separate offensive from defensive field roles (the feed attributes one defensive act, caused turnovers, 741 league-wide)",medium
000925,D,1,D,defense,defensive_field,defensive_field,0.0,356.0,12.0,7.0,0,0.0,False,defensive_field,"roster_position: measurable opportunities cannot separate offensive from defensive field roles (the feed attributes one defensive act, caused turnovers, 741 league-wide)",medium
000978,M,1,M,midfield,midfield,offensive_field,0.0,260.0,53.0,2.0,0,0.0,False,offensive_field,"roster_position: measurable opportunities cannot separate offensive from defensive field roles (the feed attributes one defensive act, caused turnovers, 741 league-wide)",medium
001001,M,1,M,midfield,midfield,offensive_field,0.0,136.0,24.0,0.0,0,0.0,False,offensive_field,"roster_position: measurable opportunities cannot separate offensive from defensive field roles (the feed attributes one defensive act, caused turnovers, 741 league-wide)",medium
001009,M,1,M,midfield,midfield,offensive_field,0.0,177.0,24.0,0.0,0,0.0,False,offensive_field,"roster_position: measurable opportunities cannot separate offensive from defensive field roles (the feed attributes one defensive act, caused turnovers, 741 league-wide)",medium
001010,SSDM,1,SSDM,short_stick_defensive_midfield,defensive_field,defensive_field,15.0,306.0,6.0,3.0,0,0.049019607843137254,True,defensive_field,"roster_position: measurable opportunities cannot separate offensive from defensive field roles (the feed attributes one defensive act, caused turnovers, 741 league-wide)",medium
001020,SSDM,1,SSDM,short_stick_defensive_midfield,defensive_field,defensive_field,10.0,121.0,14.0,4.0,0,0.08264462809917356,True,defensive_field,"roster_position: measurable opportunities cannot separate offensive from defensive field roles (the feed attributes one defensive act, caused turnovers, 741 league-wide)",medium
001397,D,1,D,defense,defensive_field,defensive_field,0.0,317.0,7.0,9.0,0,0.0,False,defensive_field,"roster_position: measurable opportunities cannot separate offensive from defensive field roles (the feed attributes one defensive act, caused turnovers, 741 league-wide)",medium
001402,FO,1,FO,faceoff,faceoff,faceoff,24.0,25.0,3.0,0.0,0,0.96,True,faceoff,measured_opportunity: took 96.0% of team faceoffs in games played (threshold 50%),high
001406,D,1,D,defense,defensive_field,defensive_field,0.0,356.0,10.0,13.0,0,0.0,False,defensive_field,"roster_position: measurable opportunities cannot separate offensive from defensive field roles (the feed attributes one defensive act, caused turnovers, 741 league-wide)",medium
001415,D,1,D,defense,defensive_field,defensive_field,0.0,20.0,1.0,2.0,0,0.0,False,defensive_field,"roster_position: measurable opportunities cannot separate offensive from defensive field roles (the feed attributes one defensive act, caused turnovers, 741 league-wide)",medium
001661,D,1,D,defense,defensive_field,defensive_field,0.0,290.0,4.0,8.0,0,0.0,False,defensive_field,"roster_position: measurable opportunities cannot separate offensive from defensive field roles (the feed attributes one defensive act, caused turnovers, 741 league-wide)",medium
001671,SSDM,1,SSDM,short_stick_defensive_midfield,defensive_field,defensive_field,3.0,341.0,1.0,5.0,0,0.008797653958944282,True,defensive_field,"roster_position: measurable opportunities cannot separate offensive from defensive field roles (the feed attributes one defensive act, caused turnovers, 741 league-wide)",medium
001707,SSDM,1,SSDM,short_stick_defensive_midfield,defensive_field,defensive_field,0.0,356.0,17.0,9.0,0,0.0,False,defensive_field,"roster_position: measurable opportunities cannot separate offensive from defensive field roles (the feed attributes one defensive act, caused turnovers, 741 league-wide)",medium
001719,UNK,1,UNK,unknown,unknown,unknown,0.0,18.0,4.0,1.0,0,0.0,False,unclassified_field,unlabelled: no position in any game played and no role-defining opportunity,low
001724,G,1,G,goalie,goalie,goalie,0.0,205.0,7.0,1.0,220,0.0,False,goalie,measured_opportunity: faced 220 shots on goal as goalie of record,high
001727,A,1,A,attack,attack,offensive_field,0.0,18.0,6.0,0.0,0,0.0,False,offensive_field,"roster_position: measurable opportunities cannot separate offensive from defensive field roles (the feed attributes one defensive act, caused turnovers, 741 league-wide)",medium
001729,M,1,M,midfield,midfield,offensive_field,0.0,341.0,68.0,1.0,0,0.0,False,offensive_field,"roster_position: measurable opportunities cannot separate offensive from defensive field roles (the feed attributes one defensive act, caused turnovers, 741 league-wide)",medium
001733,SSDM,1,SSDM,short_stick_defensive_midfield,defensive_field,defensive_field,0.0,338.0,10.0,6.0,0,0.0,False,defensive_field,"roster_position: measurable opportunities cannot separate offensive from defensive field roles (the feed attributes one defensive act, caused turnovers, 741 league-wide)",medium
001760,SSDM,1,SSDM,short_stick_defensive_midfield,defensive_field,defensive_field,0.0,341.0,12.0,1.0,0,0.0,False,defensive_field,"roster_position: measurable opportunities cannot separate offensive from defensive field roles (the feed attributes one defensive act, caused turnovers, 741 league-wide)",medium
001773,G,1,G,goalie,goalie,goalie,0.0,108.0,0.0,1.0,29,0.0,False,goalie,measured_opportunity: faced 29 shots on goal as goalie of record,high
001793,A,1,A,attack,attack,offensive_field,0.0,103.0,24.0,1.0,0,0.0,False,offensive_field,"roster_position: measurable opportunities cannot separate offensive from defensive field roles (the feed attributes one defensive act, caused turnovers, 741 league-wide)",medium
001795,SSDM,1,SSDM,short_stick_defensive_midfield,defensive_field,defensive_field,0.0,333.0,5.0,1.0,0,0.0,False,defensive_field,"roster_position: measurable opportunities cannot separate offensive from defensive field roles (the feed attributes one defensive act, caused turnovers, 741 league-wide)",medium
001796,SSDM,1,SSDM,short_stick_defensive_midfield,defensive_field,defensive_field,0.0,270.0,6.0,6.0,0,0.0,False,defensive_field,"roster_position: measurable opportunities cannot separate offensive from defensive field roles (the feed attributes one defensive act, caused turnovers, 741 league-wide)",medium
001809,A,1,A,attack,attack,offensive_field,0.0,317.0,66.0,3.0,0,0.0,False,offensive_field,"roster_position: measurable opportunities cannot separate offensive from defensive field roles (the feed attributes one defensive act, caused turnovers, 741 league-wide)",medium
001810,A,1,A,attack,attack,offensive_field,0.0,356.0,128.0,1.0,0,0.0,False,offensive_field,"roster_position: measurable opportunities cannot separate offensive from defensive field roles (the feed attributes one defensive act, caused turnovers, 741 league-wide)",medium
001811,D,1,D,defense,defensive_field,defensive_field,0.0,209.0,1.0,7.0,0,0.0,False,defensive_field,"roster_position: measurable opportunities cannot separate offensive from defensive field roles (the feed attributes one defensive act, caused turnovers, 741 league-wide)",medium
001812,FO,1,FO,faceoff,faceoff,faceoff,274.0,306.0,17.0,3.0,0,0.8954248366013072,True,faceoff,measured_opportunity: took 89.5% of team faceoffs in games played (threshold 50%),high
001813,LSM,1,LSM,long_stick_midfield,defensive_field,defensive_field,2.0,284.0,22.0,11.0,0,0.007042253521126761,True,defensive_field,"roster_position: measurable opportunities cannot separate offensive from defensive field roles (the feed attributes one defensive act, caused turnovers, 741 league-wide)",medium
001814,A,1,A,attack,attack,offensive_field,0.0,322.0,122.0,3.0,0,0.0,False,offensive_field,"roster_position: measurable opportunities cannot separate offensive from defensive field roles (the feed attributes one defensive act, caused turnovers, 741 league-wide)",medium
001815,SSDM,1,SSDM,short_stick_defensive_midfield,defensive_field,defensive_field,0.0,304.0,26.0,3.0,0,0.0,False,defensive_field,"roster_position: measurable opportunities cannot separate offensive from defensive field roles (the feed attributes one defensive act, caused turnovers, 741 league-wide)",medium
001817,D,1,D,defense,defensive_field,defensive_field,0.0,341.0,2.0,12.0,0,0.0,False,defensive_field,"roster_position: measurable opportunities cannot separate offensive from defensive field roles (the feed attributes one defensive act, caused turnovers, 741 league-wide)",medium
001818,M,1,M,midfield,midfield,offensive_field,0.0,267.0,42.0,1.0,0,0.0,False,offensive_field,"roster_position: measurable opportunities cannot separate offensive from defensive field roles (the feed attributes one defensive act, caused turnovers, 741 league-wide)",medium
001819,SSDM,1,SSDM,short_stick_defensive_midfield,defensive_field,defensive_field,4.0,292.0,16.0,2.0,0,0.0136986301369863,True,defensive_field,"roster_position: measurable opportunities cannot separate offensive from defensive field roles (the feed attributes one defensive act, caused turnovers, 741 league-wide)",medium
001820,SSDM,1,SSDM,short_stick_defensive_midfield,defensive_field,defensive_field,2.0,229.0,23.0,2.0,0,0.008733624454148471,True,defensive_field,"roster_position: measurable opportunities cannot separate offensive from defensive field roles (the feed attributes one defensive act, caused turnovers, 741 league-wide)",medium
001821,M,1,M,midfield,midfield,offensive_field,0.0,322.0,59.0,1.0,0,0.0,False,offensive_field,"roster_position: measurable opportunities cannot separate offensive from defensive field roles (the feed attributes one defensive act, caused turnovers, 741 league-wide)",medium
001825,SSDM,1,SSDM,short_stick_defensive_midfield,defensive_field,defensive_field,0.0,175.0,6.0,1.0,0,0.0,False,defensive_field,"roster_position: measurable opportunities cannot separate offensive from defensive field roles (the feed attributes one defensive act, caused turnovers, 741 league-wide)",medium
001826,SSDM,1,SSDM,short_stick_defensive_midfield,defensive_field,defensive_field,0.0,341.0,16.0,8.0,0,0.0,False,defensive_field,"roster_position: measurable opportunities cannot separate offensive from defensive field roles (the feed attributes one defensive act, caused turnovers, 741 league-wide)",medium
001828,M,1,M,midfield,midfield,offensive_field,0.0,229.0,47.0,3.0,0,0.0,False,offensive_field,"roster_position: measurable opportunities cannot separate offensive from defensive field roles (the feed attributes one defensive act, caused turnovers, 741 league-wide)",medium
001831,LSM,1,LSM,long_stick_midfield,defensive_field,defensive_field,25.0,304.0,5.0,7.0,0,0.08223684210526316,True,defensive_field,"roster_position: measurable opportunities cannot separate offensive from defensive field roles (the feed attributes one defensive act, caused turnovers, 741 league-wide)",medium
001832,M,1,M,midfield,midfield,offensive_field,0.0,283.0,61.0,1.0,0,0.0,False,offensive_field,"roster_position: measurable opportunities cannot separate offensive from defensive field roles (the feed attributes one defensive act, caused turnovers, 741 league-wide)",medium
001835,A,1,A,attack,attack,offensive_field,0.0,356.0,76.0,0.0,0,0.0,False,offensive_field,"roster_position: measurable opportunities cannot separate offensive from defensive field roles (the feed attributes one defensive act, caused turnovers, 741 league-wide)",medium
001836,A,1,A,attack,attack,offensive_field,0.0,262.0,47.0,2.0,0,0.0,False,offensive_field,"roster_position: measurable opportunities cannot separate offensive from defensive field roles (the feed attributes one defensive act, caused turnovers, 741 league-wide)",medium
001838,M,1,M,midfield,midfield,offensive_field,0.0,285.0,49.0,0.0,0,0.0,False,offensive_field,"roster_position: measurable opportunities cannot separate offensive from defensive field roles (the feed attributes one defensive act, caused turnovers, 741 league-wide)",medium
001839,LSM,1,LSM,long_stick_midfield,defensive_field,defensive_field,3.0,229.0,1.0,6.0,0,0.013100436681222707,True,defensive_field,"roster_position: measurable opportunities cannot separate offensive from defensive field roles (the feed attributes one defensive act, caused turnovers, 741 league-wide)",medium
001843,M,1,M,midfield,midfield,offensive_field,0.0,44.0,12.0,0.0,0,0.0,False,offensive_field,"roster_position: measurable opportunities cannot separate offensive from defensive field roles (the feed attributes one defensive act, caused turnovers, 741 league-wide)",medium
001846,A,1,A,attack,attack,offensive_field,0.0,54.0,13.0,0.0,0,0.0,False,offensive_field,"roster_position: measurable opportunities cannot separate offensive from defensive field roles (the feed attributes one defensive act, caused turnovers, 741 league-wide)",medium
002001,M,1,M,midfield,midfield,offensive_field,0.0,58.0,8.0,0.0,0,0.0,False,offensive_field,"roster_position: measurable opportunities cannot separate offensive from defensive field roles (the feed attributes one defensive act, caused turnovers, 741 league-wide)",medium
002003,M,1,M,midfield,midfield,offensive_field,0.0,209.0,32.0,0.0,0,0.0,False,offensive_field,"roster_position: measurable opportunities cannot separate offensive from defensive field roles (the feed attributes one defensive act, caused turnovers, 741 league-wide)",medium
002006,M,1,M,midfield,midfield,offensive_field,0.0,31.0,2.0,0.0,0,0.0,False,offensive_field,"roster_position: measurable opportunities cannot separate offensive from defensive field roles (the feed attributes one defensive act, caused turnovers, 741 league-wide)",medium
002014,G,1,G,goalie,goalie,goalie,0.0,96.0,2.0,0.0,49,0.0,False,goalie,measured_opportunity: faced 49 shots on goal as goalie of record,high
002015,A,1,A,attack,attack,offensive_field,0.0,229.0,71.0,3.0,0,0.0,False,offensive_field,"roster_position: measurable opportunities cannot separate offensive from defensive field roles (the feed attributes one defensive act, caused turnovers, 741 league-wide)",medium
002016,A,1,A,attack,attack,offensive_field,0.0,317.0,106.0,1.0,0,0.0,False,offensive_field,"roster_position: measurable opportunities cannot separate offensive from defensive field roles (the feed attributes one defensive act, caused turnovers, 741 league-wide)",medium
002017,D,1,D,defense,defensive_field,defensive_field,0.0,306.0,8.0,9.0,0,0.0,False,defensive_field,"roster_position: measurable opportunities cannot separate offensive from defensive field roles (the feed attributes one defensive act, caused turnovers, 741 league-wide)",medium
002018,A,1,A,attack,attack,offensive_field,0.0,266.0,69.0,1.0,0,0.0,False,offensive_field,"roster_position: measurable opportunities cannot separate offensive from defensive field roles (the feed attributes one defensive act, caused turnovers, 741 league-wide)",medium
002019,LSM,1,LSM,long_stick_midfield,defensive_field,defensive_field,0.0,81.0,7.0,2.0,0,0.0,False,defensive_field,"roster_position: measurable opportunities cannot separate offensive from defensive field roles (the feed attributes one defensive act, caused turnovers, 741 league-wide)",medium
002020,LSM,1,LSM,long_stick_midfield,defensive_field,defensive_field,0.0,95.0,3.0,4.0,0,0.0,False,defensive_field,"roster_position: measurable opportunities cannot separate offensive from defensive field roles (the feed attributes one defensive act, caused turnovers, 741 league-wide)",medium
002021,SSDM,1,SSDM,short_stick_defensive_midfield,defensive_field,defensive_field,0.0,272.0,13.0,3.0,0,0.0,False,defensive_field,"roster_position: measurable opportunities cannot separate offensive from defensive field roles (the feed attributes one defensive act, caused turnovers, 741 league-wide)",medium
002022,SSDM,1,SSDM,short_stick_defensive_midfield,defensive_field,defensive_field,0.0,285.0,13.0,5.0,0,0.0,False,defensive_field,"roster_position: measurable opportunities cannot separate offensive from defensive field roles (the feed attributes one defensive act, caused turnovers, 741 league-wide)",medium
002023,A,1,A,attack,attack,offensive_field,0.0,42.0,18.0,1.0,0,0.0,False,offensive_field,"roster_position: measurable opportunities cannot separate offensive from defensive field roles (the feed attributes one defensive act, caused turnovers, 741 league-wide)",medium
002024,A,1,A,attack,attack,offensive_field,0.0,341.0,93.0,1.0,0,0.0,False,offensive_field,"roster_position: measurable opportunities cannot separate offensive from defensive field roles (the feed attributes one defensive act, caused turnovers, 741 league-wide)",medium
002025,SSDM,1,SSDM,short_stick_defensive_midfield,defensive_field,defensive_field,1.0,341.0,7.0,16.0,0,0.002932551319648094,True,defensive_field,"roster_position: measurable opportunities cannot separate offensive from defensive field roles (the feed attributes one defensive act, caused turnovers, 741 league-wide)",medium
002026,G,1,G,goalie,goalie,goalie,0.0,322.0,1.0,3.0,278,0.0,False,goalie,measured_opportunity: faced 278 shots on goal as goalie of record,high
002027,M,1,M,midfield,midfield,offensive_field,0.0,265.0,22.0,0.0,0,0.0,False,offensive_field,"roster_position: measurable opportunities cannot separate offensive from defensive field roles (the feed attributes one defensive act, caused turnovers, 741 league-wide)",medium
002028,M,1,M,midfield,midfield,offensive_field,0.0,276.0,66.0,1.0,0,0.0,False,offensive_field,"roster_position: measurable opportunities cannot separate offensive from defensive field roles (the feed attributes one defensive act, caused turnovers, 741 league-wide)",medium
002030,M,1,M,midfield,midfield,offensive_field,0.0,341.0,51.0,1.0,0,0.0,False,offensive_field,"roster_position: measurable opportunities cannot separate offensive from defensive field roles (the feed attributes one defensive act, caused turnovers, 741 league-wide)",medium
002033,M,1,M,midfield,midfield,offensive_field,0.0,258.0,40.0,1.0,0,0.0,False,offensive_field,"roster_position: measurable opportunities cannot separate offensive from defensive field roles (the feed attributes one defensive act, caused turnovers, 741 league-wide)",medium
002034,M,1,M,midfield,midfield,offensive_field,0.0,217.0,16.0,0.0,0,0.0,False,offensive_field,"roster_position: measurable opportunities cannot separate offensive from defensive field roles (the feed attributes one defensive act, caused turnovers, 741 league-wide)",medium
002035,D,1,D,defense,defensive_field,defensive_field,0.0,250.0,4.0,8.0,0,0.0,False,defensive_field,"roster_position: measurable opportunities cannot separate offensive from defensive field roles (the feed attributes one defensive act, caused turnovers, 741 league-wide)",medium
002036,SSDM,1,SSDM,short_stick_defensive_midfield,defensive_field,defensive_field,0.0,296.0,10.0,9.0,0,0.0,False,defensive_field,"roster_position: measurable opportunities cannot separate offensive from defensive field roles (the feed attributes one defensive act, caused turnovers, 741 league-wide)",medium
002038,G,1,G,goalie,goalie,goalie,0.0,314.0,9.0,1.0,265,0.0,False,goalie,measured_opportunity: faced 265 shots on goal as goalie of record,high
002039,G,1,G,goalie,goalie,goalie,0.0,96.0,1.0,0.0,29,0.0,False,goalie,measured_opportunity: faced 29 shots on goal as goalie of record,high
002040,M,1,M,midfield,midfield,offensive_field,0.0,57.0,6.0,0.0,0,0.0,False,offensive_field,"roster_position: measurable opportunities cannot separate offensive from defensive field roles (the feed attributes one defensive act, caused turnovers, 741 league-wide)",medium
002042,LSM,1,LSM,long_stick_midfield,defensive_field,defensive_field,0.0,165.0,4.0,5.0,0,0.0,False,defensive_field,"roster_position: measurable opportunities cannot separate offensive from defensive field roles (the feed attributes one defensive act, caused turnovers, 741 league-wide)",medium
002043,M,1,M,midfield,midfield,offensive_field,0.0,158.0,19.0,0.0,0,0.0,False,offensive_field,"roster_position: measurable opportunities cannot separate offensive from defensive field roles (the feed attributes one defensive act, caused turnovers, 741 league-wide)",medium
002046,A,1,A,attack,attack,offensive_field,0.0,48.0,5.0,0.0,0,0.0,False,offensive_field,"roster_position: measurable opportunities cannot separate offensive from defensive field roles (the feed attributes one defensive act, caused turnovers, 741 league-wide)",medium
002049,M,1,M,midfield,midfield,offensive_field,0.0,150.0,18.0,0.0,0,0.0,False,offensive_field,"roster_position: measurable opportunities cannot separate offensive from defensive field roles (the feed attributes one defensive act, caused turnovers, 741 league-wide)",medium
002051,A,1,A,attack,attack,offensive_field,0.0,54.0,8.0,0.0,0,0.0,False,offensive_field,"roster_position: measurable opportunities cannot separate offensive from defensive field roles (the feed attributes one defensive act, caused turnovers, 741 league-wide)",medium
002054,SSDM,1,SSDM,short_stick_defensive_midfield,defensive_field,defensive_field,0.0,204.0,6.0,3.0,0,0.0,False,defensive_field,"roster_position: measurable opportunities cannot separate offensive from defensive field roles (the feed attributes one defensive act, caused turnovers, 741 league-wide)",medium
002056,D,1,D,defense,defensive_field,defensive_field,0.0,32.0,0.0,0.0,0,0.0,False,defensive_field,"roster_position: measurable opportunities cannot separate offensive from defensive field roles (the feed attributes one defensive act, caused turnovers, 741 league-wide)",medium
002059,G,1,G,goalie,goalie,goalie,0.0,105.0,2.0,1.0,104,0.0,False,goalie,measured_opportunity: faced 104 shots on goal as goalie of record,high
002063,LSM,1,LSM,long_stick_midfield,defensive_field,defensive_field,6.0,276.0,6.0,4.0,0,0.021739130434782608,True,defensive_field,"roster_position: measurable opportunities cannot separate offensive from defensive field roles (the feed attributes one defensive act, caused turnovers, 741 league-wide)",medium
002065,M,1,M,midfield,midfield,offensive_field,0.0,94.0,13.0,0.0,0,0.0,False,offensive_field,"roster_position: measurable opportunities cannot separate offensive from defensive field roles (the feed attributes one defensive act, caused turnovers, 741 league-wide)",medium
002067,FO,1,FO,faceoff,faceoff,faceoff,14.0,18.0,2.0,1.0,0,0.7777777777777778,True,faceoff,measured_opportunity: took 77.8% of team faceoffs in games played (threshold 50%),medium
002074,SSDM,1,SSDM,short_stick_defensive_midfield,defensive_field,defensive_field,0.0,229.0,3.0,2.0,0,0.0,False,defensive_field,"roster_position: measurable opportunities cannot separate offensive from defensive field roles (the feed attributes one defensive act, caused turnovers, 741 league-wide)",medium
003003,M,1,M,midfield,midfield,offensive_field,0.0,27.0,7.0,0.0,0,0.0,False,offensive_field,"roster_position: measurable opportunities cannot separate offensive from defensive field roles (the feed attributes one defensive act, caused turnovers, 741 league-wide)",medium
003004,FO,1,FO,faceoff,faceoff,faceoff,302.0,322.0,38.0,1.0,0,0.937888198757764,True,faceoff,measured_opportunity: took 93.8% of team faceoffs in games played (threshold 50%),high
003005,SSDM,1,SSDM,short_stick_defensive_midfield,defensive_field,defensive_field,0.0,322.0,14.0,4.0,0,0.0,False,defensive_field,"roster_position: measurable opportunities cannot separate offensive from defensive field roles (the feed attributes one defensive act, caused turnovers, 741 league-wide)",medium
003006,SSDM,1,SSDM,short_stick_defensive_midfield,defensive_field,defensive_field,0.0,322.0,16.0,5.0,0,0.0,False,defensive_field,"roster_position: measurable opportunities cannot separate offensive from defensive field roles (the feed attributes one defensive act, caused turnovers, 741 league-wide)",medium
003007,LSM,1,LSM,long_stick_midfield,defensive_field,defensive_field,1.0,195.0,4.0,4.0,0,0.005128205128205128,True,defensive_field,"roster_position: measurable opportunities cannot separate offensive from defensive field roles (the feed attributes one defensive act, caused turnovers, 741 league-wide)",medium
003008,D,1,D,defense,defensive_field,defensive_field,0.0,238.0,2.0,11.0,0,0.0,False,defensive_field,"roster_position: measurable opportunities cannot separate offensive from defensive field roles (the feed attributes one defensive act, caused turnovers, 741 league-wide)",medium
003009,LSM,1,LSM,long_stick_midfield,defensive_field,defensive_field,0.0,317.0,7.0,7.0,0,0.0,False,defensive_field,"roster_position: measurable opportunities cannot separate offensive from defensive field roles (the feed attributes one defensive act, caused turnovers, 741 league-wide)",medium
003010,M,1,M,midfield,midfield,offensive_field,0.0,317.0,65.0,4.0,0,0.0,False,offensive_field,"roster_position: measurable opportunities cannot separate offensive from defensive field roles (the feed attributes one defensive act, caused turnovers, 741 league-wide)",medium
003013,M,1,M,midfield,midfield,offensive_field,0.0,341.0,70.0,0.0,0,0.0,False,offensive_field,"roster_position: measurable opportunities cannot separate offensive from defensive field roles (the feed attributes one defensive act, caused turnovers, 741 league-wide)",medium
003015,D,1,D,defense,defensive_field,defensive_field,0.0,285.0,5.0,15.0,0,0.0,False,defensive_field,"roster_position: measurable opportunities cannot separate offensive from defensive field roles (the feed attributes one defensive act, caused turnovers, 741 league-wide)",medium
003016,A,1,A,attack,attack,offensive_field,0.0,285.0,92.0,2.0,0,0.0,False,offensive_field,"roster_position: measurable opportunities cannot separate offensive from defensive field roles (the feed attributes one defensive act, caused turnovers, 741 league-wide)",medium
003017,A,1,A,attack,attack,offensive_field,0.0,161.0,40.0,2.0,0,0.0,False,offensive_field,"roster_position: measurable opportunities cannot separate offensive from defensive field roles (the feed attributes one defensive act, caused turnovers, 741 league-wide)",medium
003018,FO,1,FO,faceoff,faceoff,faceoff,251.0,260.0,18.0,3.0,0,0.9653846153846154,True,faceoff,measured_opportunity: took 96.5% of team faceoffs in games played (threshold 50%),high
003019,M,1,M,midfield,midfield,offensive_field,0.0,209.0,61.0,1.0,0,0.0,False,offensive_field,"roster_position: measurable opportunities cannot separate offensive from defensive field roles (the feed attributes one defensive act, caused turnovers, 741 league-wide)",medium
003020,LSM,1,LSM,long_stick_midfield,defensive_field,defensive_field,18.0,116.0,1.0,1.0,0,0.15517241379310345,True,defensive_field,"roster_position: measurable opportunities cannot separate offensive from defensive field roles (the feed attributes one defensive act, caused turnovers, 741 league-wide)",medium
003021,M,1,M,midfield,midfield,offensive_field,0.0,60.0,5.0,0.0,0,0.0,False,offensive_field,"roster_position: measurable opportunities cannot separate offensive from defensive field roles (the feed attributes one defensive act, caused turnovers, 741 league-wide)",medium
003022,A,1,A,attack,attack,offensive_field,0.0,187.0,65.0,1.0,0,0.0,False,offensive_field,"roster_position: measurable opportunities cannot separate offensive from defensive field roles (the feed attributes one defensive act, caused turnovers, 741 league-wide)",medium
003023,LSM,1,LSM,long_stick_midfield,defensive_field,defensive_field,4.0,122.0,11.0,4.0,0,0.03278688524590164,True,defensive_field,"roster_position: measurable opportunities cannot separate offensive from defensive field roles (the feed attributes one defensive act, caused turnovers, 741 league-wide)",medium
003024,SSDM,1,SSDM,short_stick_defensive_midfield,defensive_field,defensive_field,0.0,254.0,18.0,7.0,0,0.0,False,defensive_field,"roster_position: measurable opportunities cannot separate offensive from defensive field roles (the feed attributes one defensive act, caused turnovers, 741 league-wide)",medium
003025,M,1,M,midfield,midfield,offensive_field,0.0,235.0,51.0,0.0,0,0.0,False,offensive_field,"roster_position: measurable opportunities cannot separate offensive from defensive field roles (the feed attributes one defensive act, caused turnovers, 741 league-wide)",medium
003027,M,1,M,midfield,midfield,offensive_field,0.0,144.0,13.0,0.0,0,0.0,False,offensive_field,"roster_position: measurable opportunities cannot separate offensive from defensive field roles (the feed attributes one defensive act, caused turnovers, 741 league-wide)",medium
003028,LSM,1,LSM,long_stick_midfield,defensive_field,defensive_field,0.0,154.0,4.0,2.0,0,0.0,False,defensive_field,"roster_position: measurable opportunities cannot separate offensive from defensive field roles (the feed attributes one defensive act, caused turnovers, 741 league-wide)",medium
003029,D,1,D,defense,defensive_field,defensive_field,0.0,37.0,0.0,1.0,0,0.0,False,defensive_field,"roster_position: measurable opportunities cannot separate offensive from defensive field roles (the feed attributes one defensive act, caused turnovers, 741 league-wide)",medium
003030,FO,1,FO,faceoff,faceoff,faceoff,37.0,60.0,0.0,0.0,0,0.6166666666666667,True,faceoff,measured_opportunity: took 61.7% of team faceoffs in games played (threshold 50%),medium
003031,M,1,M,midfield,midfield,offensive_field,0.0,304.0,78.0,0.0,0,0.0,False,offensive_field,"roster_position: measurable opportunities cannot separate offensive from defensive field roles (the feed attributes one defensive act, caused turnovers, 741 league-wide)",medium
003032,FO,1,FO,faceoff,faceoff,faceoff,278.0,304.0,19.0,0.0,0,0.9144736842105263,True,faceoff,measured_opportunity: took 91.4% of team faceoffs in games played (threshold 50%),high
003033,M,1,M,midfield,midfield,offensive_field,0.0,142.0,16.0,0.0,0,0.0,False,offensive_field,"roster_position: measurable opportunities cannot separate offensive from defensive field roles (the feed attributes one defensive act, caused turnovers, 741 league-wide)",medium
003039,SSDM,1,SSDM,short_stick_defensive_midfield,defensive_field,defensive_field,0.0,219.0,5.0,2.0,0,0.0,False,defensive_field,"roster_position: measurable opportunities cannot separate offensive from defensive field roles (the feed attributes one defensive act, caused turnovers, 741 league-wide)",medium
003041,LSM,1,LSM,long_stick_midfield,defensive_field,defensive_field,129.0,309.0,6.0,22.0,0,0.4174757281553398,True,defensive_field,"roster_position: measurable opportunities cannot separate offensive from defensive field roles (the feed attributes one defensive act, caused turnovers, 741 league-wide)",medium
003047,UNK,1,UNK,unknown,unknown,unknown,0.0,18.0,6.0,1.0,0,0.0,False,unclassified_field,unlabelled: no position in any game played and no role-defining opportunity,low
003049,LSM,1,LSM,long_stick_midfield,defensive_field,defensive_field,1.0,113.0,3.0,4.0,0,0.008849557522123894,True,defensive_field,"roster_position: measurable opportunities cannot separate offensive from defensive field roles (the feed attributes one defensive act, caused turnovers, 741 league-wide)",medium
003052,M,1,M,midfield,midfield,offensive_field,0.0,60.0,3.0,0.0,0,0.0,False,offensive_field,"roster_position: measurable opportunities cannot separate offensive from defensive field roles (the feed attributes one defensive act, caused turnovers, 741 league-wide)",medium
003054,M,1,M,midfield,midfield,offensive_field,0.0,147.0,4.0,0.0,0,0.0,False,offensive_field,"roster_position: measurable opportunities cannot separate offensive from defensive field roles (the feed attributes one defensive act, caused turnovers, 741 league-wide)",medium
003056,SSDM,1,SSDM,short_stick_defensive_midfield,defensive_field,defensive_field,0.0,25.0,0.0,0.0,0,0.0,False,defensive_field,"roster_position: measurable opportunities cannot separate offensive from defensive field roles (the feed attributes one defensive act, caused turnovers, 741 league-wide)",medium
003066,UNK,1,UNK,unknown,unknown,unknown,0.0,18.0,3.0,0.0,0,0.0,False,unclassified_field,unlabelled: no position in any game played and no role-defining opportunity,low
