category,metric_name,higher_is_better,rank,n_teams,team_id,team_name,games_played,metric_value,denominator_name,denominator_value,league_mean,league_median,league_sd,league_min,league_max,z_score,gap_to_next_rank,is_tie,teams_changing_rank_high_confidence,max_rank_change_high_confidence,rank_stability_note
defense,defensive_efficiency,False,1,8,WAT,Waterdogs,13,0.23667711598746083,defensive_possessions,638.0,0.27003451705335346,0.26393767148385483,0.032077935541182864,0.23667711598746083,0.3389830508474576,-1.03988615548738,3.785985794979574e-05,False,5.0,2,possession-ambiguity rank churn was tested by the Phase 5 null model and was not significant for any metric (p 0.135-0.922); levels ARE subset-dependent
defense,defensive_efficiency,False,2,8,CAN,Cannons,12,0.23671497584541062,defensive_possessions,621.0,0.27003451705335346,0.26393767148385483,0.032077935541182864,0.23667711598746083,0.3389830508474576,-1.0387059093988749,0.015208101077666292,False,5.0,2,possession-ambiguity rank churn was tested by the Phase 5 null model and was not significant for any metric (p 0.135-0.922); levels ARE subset-dependent
defense,defensive_efficiency,False,3,8,ARC,Archers,12,0.2519230769230769,defensive_possessions,520.0,0.27003451705335346,0.26393767148385483,0.032077935541182864,0.23667711598746083,0.3389830508474576,-0.5646074108174572,0.010770079809814925,False,5.0,2,possession-ambiguity rank churn was tested by the Phase 5 null model and was not significant for any metric (p 0.135-0.922); levels ARE subset-dependent
defense,defensive_efficiency,False,4,8,CHR,Chrome,10,0.26269315673289184,defensive_possessions,453.0,0.27003451705335346,0.26393767148385483,0.032077935541182864,0.23667711598746083,0.3389830508474576,-0.22886012446270132,0.0024890295019259767,False,5.0,2,possession-ambiguity rank churn was tested by the Phase 5 null model and was not significant for any metric (p 0.135-0.922); levels ARE subset-dependent
defense,defensive_efficiency,False,5,8,CHA,Chaos,11,0.2651821862348178,defensive_possessions,494.0,0.27003451705335346,0.26393767148385483,0.032077935541182864,0.23667711598746083,0.3389830508474576,-0.1512669296409689,0.0037572077045761043,False,5.0,2,possession-ambiguity rank churn was tested by the Phase 5 null model and was not significant for any metric (p 0.135-0.922); levels ARE subset-dependent
defense,defensive_efficiency,False,6,8,RED,Redwoods,12,0.2689393939393939,defensive_possessions,528.0,0.27003451705335346,0.26393767148385483,0.032077935541182864,0.23667711598746083,0.3389830508474576,-0.03413945116741005,0.030223785976924045,False,5.0,2,possession-ambiguity rank churn was tested by the Phase 5 null model and was not significant for any metric (p 0.135-0.922); levels ARE subset-dependent
defense,defensive_efficiency,False,7,8,WHP,Whipsnakes,11,0.29916317991631797,defensive_possessions,478.0,0.27003451705335346,0.26393767148385483,0.032077935541182864,0.23667711598746083,0.3389830508474576,0.9080591494289908,0.039819870931139645,False,5.0,2,possession-ambiguity rank churn was tested by the Phase 5 null model and was not significant for any metric (p 0.135-0.922); levels ARE subset-dependent
defense,defensive_efficiency,False,8,8,ATL,Atlas,11,0.3389830508474576,defensive_possessions,472.0,0.27003451705335346,0.26393767148385483,0.032077935541182864,0.23667711598746083,0.3389830508474576,2.149406831545796,,False,5.0,2,possession-ambiguity rank churn was tested by the Phase 5 null model and was not significant for any metric (p 0.135-0.922); levels ARE subset-dependent
defense,opponent_shooting_pct,False,1,8,ARC,Archers,12,0.24691358024691357,shots_allowed,486.0,0.27270982954765055,0.27079230419633393,0.020992851966948275,0.24691358024691357,0.3169164882226981,-1.2288110896676312,0.007359924026590692,False,,,not_covered_by_the_possession_sensitivity_analysis
defense,opponent_shooting_pct,False,2,8,CHA,Chaos,11,0.25427350427350426,shots_allowed,468.0,0.27270982954765055,0.27079230419633393,0.020992851966948275,0.24691358024691357,0.3169164882226981,-0.8782191816134821,0.001540449214867845,False,,,not_covered_by_the_possession_sensitivity_analysis
defense,opponent_shooting_pct,False,3,8,WAT,Waterdogs,13,0.2558139534883721,shots_allowed,559.0,0.27270982954765055,0.27079230419633393,0.020992851966948275,0.24691358024691357,0.3169164882226981,-0.8048394799277288,0.012478729438457181,False,,,not_covered_by_the_possession_sensitivity_analysis
defense,opponent_shooting_pct,False,4,8,CHR,Chrome,10,0.2682926829268293,shots_allowed,410.0,0.27270982954765055,0.27079230419633393,0.020992851966948275,0.24691358024691357,0.3169164882226981,-0.21041193582347667,0.004999242539009241,False,,,not_covered_by_the_possession_sensitivity_analysis
defense,opponent_shooting_pct,False,5,8,RED,Redwoods,12,0.2732919254658385,shots_allowed,483.0,0.27270982954765055,0.27079230419633393,0.020992851966948275,0.24691358024691357,0.3169164882226981,0.027728291472947204,0.005038094414877181,False,,,not_covered_by_the_possession_sensitivity_analysis
defense,opponent_shooting_pct,False,6,8,CAN,Cannons,12,0.2783300198807157,shots_allowed,503.0,0.27270982954765055,0.27079230419633393,0.020992851966948275,0.24691358024691357,0.3169164882226981,0.2677192380489196,0.009516461995616898,False,,,not_covered_by_the_possession_sensitivity_analysis
defense,opponent_shooting_pct,False,7,8,WHP,Whipsnakes,11,0.2878464818763326,shots_allowed,469.0,0.27270982954765055,0.27079230419633393,0.020992851966948275,0.24691358024691357,0.3169164882226981,0.7210383969035564,0.029070006346365473,False,,,not_covered_by_the_possession_sensitivity_analysis
defense,opponent_shooting_pct,False,8,8,ATL,Atlas,11,0.3169164882226981,shots_allowed,467.0,0.27270982954765055,0.27079230419633393,0.020992851966948275,0.24691358024691357,0.3169164882226981,2.1057957606068824,,False,,,not_covered_by_the_possession_sensitivity_analysis
defense,points_allowed_per_game,False,1,8,ARC,Archers,12,10.916666666666666,games_played,12.0,12.246241258741259,11.904545454545454,1.0261787812501908,10.916666666666666,14.545454545454545,-1.2956558997008063,0.6987179487179489,False,,,not_covered_by_the_possession_sensitivity_analysis
defense,points_allowed_per_game,False,2,8,WAT,Waterdogs,13,11.615384615384615,games_played,13.0,12.246241258741259,11.904545454545454,1.0261787812501908,10.916666666666666,14.545454545454545,-0.6147628998799538,0.21794871794871895,False,,,not_covered_by_the_possession_sensitivity_analysis
defense,points_allowed_per_game,False,3,8,RED,Redwoods,12,11.833333333333334,games_played,12.0,12.246241258741259,11.904545454545454,1.0261787812501908,10.916666666666666,14.545454545454545,-0.4023742577339988,0.06666666666666643,False,,,not_covered_by_the_possession_sensitivity_analysis
defense,points_allowed_per_game,False,4,8,CHR,Chrome,10,11.9,games_played,10.0,12.246241258741259,11.904545454545454,1.0261787812501908,10.916666666666666,14.545454545454545,-0.33740832013641314,0.009090909090907928,False,,,not_covered_by_the_possession_sensitivity_analysis
defense,points_allowed_per_game,False,5,8,CHA,Chaos,11,11.909090909090908,games_played,11.0,12.246241258741259,11.904545454545454,1.0261787812501908,10.916666666666666,14.545454545454545,-0.3285493286458344,0.3409090909090917,False,,,not_covered_by_the_possession_sensitivity_analysis
defense,points_allowed_per_game,False,6,8,CAN,Cannons,12,12.25,games_played,12.0,12.246241258741259,11.904545454545454,1.0261787812501908,10.916666666666666,14.545454545454545,0.0036628522509125736,0.75,False,,,not_covered_by_the_possession_sensitivity_analysis
defense,points_allowed_per_game,False,7,8,WHP,Whipsnakes,11,13.0,games_played,11.0,12.246241258741259,11.904545454545454,1.0261787812501908,10.916666666666666,14.545454545454545,0.7345296502237542,1.545454545454545,False,,,not_covered_by_the_possession_sensitivity_analysis
defense,points_allowed_per_game,False,8,8,ATL,Atlas,11,14.545454545454545,games_played,11.0,12.246241258741259,11.904545454545454,1.0261787812501908,10.916666666666666,14.545454545454545,2.2405582036223364,,False,,,not_covered_by_the_possession_sensitivity_analysis
defense,shots_allowed_per_possession,False,1,8,CAN,Cannons,12,0.8099838969404187,defensive_possessions,621.0,0.9198214461177292,0.924694055944056,0.054538727285270615,0.8099838969404187,0.989406779661017,-2.013936786657919,0.06619165164892293,False,,,not_covered_by_the_possession_sensitivity_analysis
defense,shots_allowed_per_possession,False,2,8,WAT,Waterdogs,13,0.8761755485893417,defensive_possessions,638.0,0.9198214461177292,0.924694055944056,0.054538727285270615,0.8099838969404187,0.989406779661017,-0.8002734882332885,0.028901714103815035,False,,,not_covered_by_the_possession_sensitivity_analysis
defense,shots_allowed_per_possession,False,3,8,CHR,Chrome,10,0.9050772626931567,defensive_possessions,453.0,0.9198214461177292,0.924694055944056,0.054538727285270615,0.8099838969404187,0.989406779661017,-0.2703433717375085,0.0096954645795706,False,,,not_covered_by_the_possession_sensitivity_analysis
defense,shots_allowed_per_possession,False,4,8,RED,Redwoods,12,0.9147727272727273,defensive_possessions,528.0,0.9198214461177292,0.924694055944056,0.054538727285270615,0.8099838969404187,0.989406779661017,-0.09257126259280031,0.019842657342657333,False,,,not_covered_by_the_possession_sensitivity_analysis
defense,shots_allowed_per_possession,False,5,8,ARC,Archers,12,0.9346153846153846,defensive_possessions,520.0,0.9198214461177292,0.924694055944056,0.054538727285270615,0.8099838969404187,0.989406779661017,0.27125566059277756,0.0127530364372469,False,,,not_covered_by_the_possession_sensitivity_analysis
defense,shots_allowed_per_possession,False,6,8,CHA,Chaos,11,0.9473684210526315,defensive_possessions,494.0,0.9198214461177292,0.924694055944056,0.054538727285270615,0.8099838969404187,0.989406779661017,0.5050901681444626,0.033803127064523264,False,,,not_covered_by_the_possession_sensitivity_analysis
defense,shots_allowed_per_possession,False,7,8,WHP,Whipsnakes,11,0.9811715481171548,defensive_possessions,478.0,0.9198214461177292,0.924694055944056,0.054538727285270615,0.8099838969404187,0.989406779661017,1.1248906062388906,0.008235231543862187,False,,,not_covered_by_the_possession_sensitivity_analysis
defense,shots_allowed_per_possession,False,8,8,ATL,Atlas,11,0.989406779661017,defensive_possessions,472.0,0.9198214461177292,0.924694055944056,0.054538727285270615,0.8099838969404187,0.989406779661017,1.2758884742453611,,False,,,not_covered_by_the_possession_sensitivity_analysis
defense,turnovers_forced_per_defensive_possession,True,1,8,CAN,Cannons,12,0.4331723027375201,defensive_possessions,621.0,0.3941380624626137,0.3826486013986014,0.02503703742919872,0.3644067796610169,0.4331723027375201,1.5590598682168313,0.009331243134871103,False,,,not_covered_by_the_possession_sensitivity_analysis
defense,turnovers_forced_per_defensive_possession,True,2,8,CHR,Chrome,10,0.423841059602649,defensive_possessions,453.0,0.3941380624626137,0.3826486013986014,0.02503703742919872,0.3644067796610169,0.4331723027375201,1.1863622932238407,0.005345761797006354,False,,,not_covered_by_the_possession_sensitivity_analysis
defense,turnovers_forced_per_defensive_possession,True,3,8,WAT,Waterdogs,13,0.41849529780564265,defensive_possessions,638.0,0.3941380624626137,0.3826486013986014,0.02503703742919872,0.3644067796610169,0.4331723027375201,0.9728481419540097,0.033879913190258015,False,,,not_covered_by_the_possession_sensitivity_analysis
defense,turnovers_forced_per_defensive_possession,True,4,8,CHA,Chaos,11,0.38461538461538464,defensive_possessions,494.0,0.3941380624626137,0.3826486013986014,0.02503703742919872,0.3644067796610169,0.4331723027375201,-0.3803436358697733,0.00393356643356646,False,,,not_covered_by_the_possession_sensitivity_analysis
defense,turnovers_forced_per_defensive_possession,True,5,8,RED,Redwoods,12,0.3806818181818182,defensive_possessions,528.0,0.3941380624626137,0.3826486013986014,0.02503703742919872,0.3644067796610169,0.4331723027375201,-0.5374535353413079,0.0020207303157093737,False,,,not_covered_by_the_possession_sensitivity_analysis
defense,turnovers_forced_per_defensive_possession,True,6,8,WHP,Whipsnakes,11,0.3786610878661088,defensive_possessions,478.0,0.3941380624626137,0.3826486013986014,0.02503703742919872,0.3644067796610169,0.4331723027375201,-0.6181631768643404,0.009430318635339552,False,,,not_covered_by_the_possession_sensitivity_analysis
defense,turnovers_forced_per_defensive_possession,True,7,8,ARC,Archers,12,0.36923076923076925,defensive_possessions,520.0,0.3941380624626137,0.3826486013986014,0.02503703742919872,0.3644067796610169,0.4331723027375201,-0.994817909358438,0.004823989569752329,False,,,not_covered_by_the_possession_sensitivity_analysis
defense,turnovers_forced_per_defensive_possession,True,8,8,ATL,Atlas,11,0.3644067796610169,defensive_possessions,472.0,0.3941380624626137,0.3826486013986014,0.02503703742919872,0.3644067796610169,0.4331723027375201,-1.1874920459608176,,False,,,not_covered_by_the_possession_sensitivity_analysis
extra_man,man_down_goals_allowed_per_opportunity,False,1,8,ATL,Atlas,11,0.3076923076923077,man_down_opportunities,26.0,0.43191007518218905,0.4025487256371814,0.07872677783937333,0.3076923076923077,0.5384615384615384,-1.5778337549051418,0.07326007326007322,False,,,not_covered_by_the_possession_sensitivity_analysis
extra_man,man_down_goals_allowed_per_opportunity,False,2,8,RED,Redwoods,12,0.38095238095238093,man_down_opportunities,21.0,0.43191007518218905,0.4025487256371814,0.07872677783937333,0.3076923076923077,0.5384615384615384,-0.6472727022281716,0.0036630036630037055,False,,,not_covered_by_the_possession_sensitivity_analysis
extra_man,man_down_goals_allowed_per_opportunity,False,3,8,CAN,Cannons,12,0.38461538461538464,man_down_opportunities,39.0,0.43191007518218905,0.4025487256371814,0.07872677783937333,0.3076923076923077,0.5384615384615384,-0.6007446495943225,0.006688963210702337,False,,,not_covered_by_the_possession_sensitivity_analysis
extra_man,man_down_goals_allowed_per_opportunity,False,4,8,WAT,Waterdogs,13,0.391304347826087,man_down_opportunities,23.0,0.43191007518218905,0.4025487256371814,0.07872677783937333,0.3076923076923077,0.5384615384615384,-0.5157803795672948,0.022488755622188883,False,,,not_covered_by_the_possession_sensitivity_analysis
extra_man,man_down_goals_allowed_per_opportunity,False,5,8,ARC,Archers,12,0.41379310344827586,man_down_opportunities,29.0,0.43191007518218905,0.4025487256371814,0.07872677783937333,0.3076923076923077,0.5384615384615384,-0.23012464413159833,0.08620689655172414,False,,,not_covered_by_the_possession_sensitivity_analysis
extra_man,man_down_goals_allowed_per_opportunity,False,6,8,CHR,Chrome,10,0.5,man_down_opportunities,24.0,0.43191007518218905,0.4025487256371814,0.07872677783937333,0.3076923076923077,0.5384615384615384,0.8648890083719061,0.038461538461538436,False,,,not_covered_by_the_possession_sensitivity_analysis
extra_man,man_down_goals_allowed_per_opportunity,False,7,8,CHA,Chaos,11,0.5384615384615384,man_down_opportunities,26.0,0.43191007518218905,0.4025487256371814,0.07872677783937333,0.3076923076923077,0.5384615384615384,1.3534335610273154,0.0,True,,,not_covered_by_the_possession_sensitivity_analysis
extra_man,man_down_goals_allowed_per_opportunity,False,7,8,WHP,Whipsnakes,11,0.5384615384615384,man_down_opportunities,13.0,0.43191007518218905,0.4025487256371814,0.07872677783937333,0.3076923076923077,0.5384615384615384,1.3534335610273154,,True,,,not_covered_by_the_possession_sensitivity_analysis
extra_man,man_up_goals_per_opportunity,True,1,8,CAN,Cannons,12,0.6842105263157895,man_up_opportunities,19.0,0.4380616968773927,0.4131944444444444,0.11043607227070217,0.28,0.6842105263157895,2.2288806942991775,0.1842105263157895,False,,,not_covered_by_the_possession_sensitivity_analysis
extra_man,man_up_goals_per_opportunity,True,2,8,WHP,Whipsnakes,11,0.5,man_up_opportunities,22.0,0.4380616968773927,0.4131944444444444,0.11043607227070217,0.28,0.6842105263157895,0.5608521006685515,0.05555555555555558,False,,,not_covered_by_the_possession_sensitivity_analysis
extra_man,man_up_goals_per_opportunity,True,3,8,CHA,Chaos,11,0.4444444444444444,man_up_opportunities,18.0,0.4380616968773927,0.4131944444444444,0.11043607227070217,0.28,0.6842105263157895,0.05779585814502929,0.00694444444444442,False,,,not_covered_by_the_possession_sensitivity_analysis
extra_man,man_up_goals_per_opportunity,True,4,8,ATL,Atlas,11,0.4375,man_up_opportunities,16.0,0.4380616968773927,0.4131944444444444,0.11043607227070217,0.28,0.6842105263157895,-0.005086172170410739,0.048611111111111105,False,,,not_covered_by_the_possession_sensitivity_analysis
extra_man,man_up_goals_per_opportunity,True,5,8,WAT,Waterdogs,13,0.3888888888888889,man_up_opportunities,36.0,0.4380616968773927,0.4131944444444444,0.11043607227070217,0.28,0.6842105263157895,-0.44526038437849247,0.0017921146953405187,False,,,not_covered_by_the_possession_sensitivity_analysis
extra_man,man_up_goals_per_opportunity,True,6,8,ARC,Archers,12,0.3870967741935484,man_up_opportunities,31.0,0.4380616968773927,0.4131944444444444,0.11043607227070217,0.28,0.6842105263157895,-0.46148800510505783,0.004743833017077814,False,,,not_covered_by_the_possession_sensitivity_analysis
extra_man,man_up_goals_per_opportunity,True,7,8,RED,Redwoods,12,0.38235294117647056,man_up_opportunities,34.0,0.4380616968773927,0.4131944444444444,0.11043607227070217,0.28,0.6842105263157895,-0.5044434717342012,0.10235294117647054,False,,,not_covered_by_the_possession_sensitivity_analysis
extra_man,man_up_goals_per_opportunity,True,8,8,CHR,Chrome,10,0.28,man_up_opportunities,25.0,0.4380616968773927,0.4131944444444444,0.11043607227070217,0.28,0.6842105263157895,-1.4312506197245956,,False,,,not_covered_by_the_possession_sensitivity_analysis
extra_man,man_up_points_per_opportunity,True,1,8,CAN,Cannons,12,0.8947368421052632,man_up_opportunities,19.0,0.4888665180341314,0.4409722222222222,0.17774398225348104,0.24,0.8947368421052632,2.283454657228954,0.3038277511961722,False,,,not_covered_by_the_possession_sensitivity_analysis
extra_man,man_up_points_per_opportunity,True,2,8,WHP,Whipsnakes,11,0.5909090909090909,man_up_opportunities,22.0,0.4888665180341314,0.4409722222222222,0.17774398225348104,0.24,0.8947368421052632,0.5740986084661727,0.11868686868686873,False,,,not_covered_by_the_possession_sensitivity_analysis
extra_man,man_up_points_per_opportunity,True,3,8,WAT,Waterdogs,13,0.4722222222222222,man_up_opportunities,36.0,0.4888665180341314,0.4409722222222222,0.17774398225348104,0.24,0.8947368421052632,-0.09364196526312052,0.02777777777777779,False,,,not_covered_by_the_possession_sensitivity_analysis
extra_man,man_up_points_per_opportunity,True,4,8,CHA,Chaos,11,0.4444444444444444,man_up_opportunities,18.0,0.4888665180341314,0.4409722222222222,0.17774398225348104,0.24,0.8947368421052632,-0.24992167400827425,0.00694444444444442,False,,,not_covered_by_the_possession_sensitivity_analysis
extra_man,man_up_points_per_opportunity,True,5,8,ATL,Atlas,11,0.4375,man_up_opportunities,16.0,0.4888665180341314,0.4409722222222222,0.17774398225348104,0.24,0.8947368421052632,-0.2889916011945625,0.018145161290322565,False,,,not_covered_by_the_possession_sensitivity_analysis
extra_man,man_up_points_per_opportunity,True,6,8,ARC,Archers,12,0.41935483870967744,man_up_opportunities,31.0,0.4888665180341314,0.4409722222222222,0.17774398225348104,0.24,0.8947368421052632,-0.39107753997163863,0.007590132827324514,False,,,not_covered_by_the_possession_sensitivity_analysis
extra_man,man_up_points_per_opportunity,True,7,8,RED,Redwoods,12,0.4117647058823529,man_up_opportunities,34.0,0.4888665180341314,0.4409722222222222,0.17774398225348104,0.24,0.8947368421052632,-0.4337801548849256,0.17176470588235293,False,,,not_covered_by_the_possession_sensitivity_analysis
extra_man,man_up_points_per_opportunity,True,8,8,CHR,Chrome,10,0.24,man_up_opportunities,25.0,0.4888665180341314,0.4409722222222222,0.17774398225348104,0.24,0.8947368421052632,-1.4001403303726052,,False,,,not_covered_by_the_possession_sensitivity_analysis
extra_man,man_up_shooting_pct,True,1,8,CAN,Cannons,12,0.4642857142857143,man_up_shots,28.0,0.3780828616950963,0.36237373737373735,0.04684091738677281,0.32558139534883723,0.4642857142857143,1.840332286381744,0.0242857142857143,False,,,not_covered_by_the_possession_sensitivity_analysis
extra_man,man_up_shooting_pct,True,2,8,WHP,Whipsnakes,11,0.44,man_up_shots,25.0,0.3780828616950963,0.36237373737373735,0.04684091738677281,0.32558139534883723,0.4642857142857143,1.3218600693416007,0.05111111111111111,False,,,not_covered_by_the_possession_sensitivity_analysis
extra_man,man_up_shooting_pct,True,3,8,ATL,Atlas,11,0.3888888888888889,man_up_shots,18.0,0.3780828616950963,0.36237373737373735,0.04684091738677281,0.32558139534883723,0.4642857142857143,0.23069631844665905,0.02525252525252525,False,,,not_covered_by_the_possession_sensitivity_analysis
extra_man,man_up_shooting_pct,True,4,8,ARC,Archers,12,0.36363636363636365,man_up_shots,33.0,0.3780828616950963,0.36237373737373735,0.04684091738677281,0.32558139534883723,0.4642857142857143,-0.30841620669906306,0.0025252525252525415,False,,,not_covered_by_the_possession_sensitivity_analysis
extra_man,man_up_shooting_pct,True,5,8,RED,Redwoods,12,0.3611111111111111,man_up_shots,36.0,0.3780828616950963,0.36237373737373735,0.04684091738677281,0.32558139534883723,0.4642857142857143,-0.3623274592136356,0.013285024154589375,False,,,not_covered_by_the_possession_sensitivity_analysis
extra_man,man_up_shooting_pct,True,6,8,CHA,Chaos,11,0.34782608695652173,man_up_shots,23.0,0.3780828616950963,0.36237373737373735,0.04684091738677281,0.32558139534883723,0.4642857142857143,-0.6459475267902982,0.014492753623188415,False,,,not_covered_by_the_possession_sensitivity_analysis
extra_man,man_up_shooting_pct,True,7,8,CHR,Chrome,10,0.3333333333333333,man_up_shots,21.0,0.3780828616950963,0.36237373737373735,0.04684091738677281,0.32558139534883723,0.4642857142857143,-0.9553512368739303,0.007751937984496082,False,,,not_covered_by_the_possession_sensitivity_analysis
extra_man,man_up_shooting_pct,True,8,8,WAT,Waterdogs,13,0.32558139534883723,man_up_shots,43.0,0.3780828616950963,0.36237373737373735,0.04684091738677281,0.32558139534883723,0.4642857142857143,-1.1208462445930814,,False,,,not_covered_by_the_possession_sensitivity_analysis
faceoff,faceoff_win_pct,True,1,8,ATL,Atlas,11,0.7728706624605678,faceoffs,317.0,0.5026678360931618,0.5290570175438596,0.1802895305985642,0.16715542521994134,0.7728706624605678,1.4987161232841872,0.1362246997276485,False,,,not_covered_by_the_possession_sensitivity_analysis
faceoff,faceoff_win_pct,True,2,8,ARC,Archers,12,0.6366459627329193,faceoffs,322.0,0.5026678360931618,0.5290570175438596,0.1802895305985642,0.16715542521994134,0.7728706624605678,0.743127602556554,0.02226687776559899,False,,,not_covered_by_the_possession_sensitivity_analysis
faceoff,faceoff_win_pct,True,3,8,RED,Redwoods,12,0.6143790849673203,faceoffs,306.0,0.5026678360931618,0.5290570175438596,0.1802895305985642,0.16715542521994134,0.7728706624605678,0.6196213862406504,0.06503697970416245,False,,,not_covered_by_the_possession_sensitivity_analysis
faceoff,faceoff_win_pct,True,4,8,WHP,Whipsnakes,11,0.5493421052631579,faceoffs,304.0,0.5026678360931618,0.5290570175438596,0.1802895305985642,0.16715542521994134,0.7728706624605678,0.2588850778802115,0.04057017543859642,False,,,not_covered_by_the_possession_sensitivity_analysis
faceoff,faceoff_win_pct,True,5,8,CHA,Chaos,11,0.5087719298245614,faceoffs,285.0,0.5026678360931618,0.5290570175438596,0.1802895305985642,0.16715542521994134,0.7728706624605678,0.033857172466609395,0.037156209300543974,False,,,not_covered_by_the_possession_sensitivity_analysis
faceoff,faceoff_win_pct,True,6,8,CHR,Chrome,10,0.47161572052401746,faceoffs,229.0,0.5026678360931618,0.5290570175438596,0.1802895305985642,0.16715542521994134,0.7728706624605678,-0.172234713053225,0.17105392277120846,False,,,not_covered_by_the_possession_sensitivity_analysis
faceoff,faceoff_win_pct,True,7,8,WAT,Waterdogs,13,0.300561797752809,faceoffs,356.0,0.5026678360931618,0.5290570175438596,0.1802895305985642,0.16715542521994134,0.7728706624605678,-1.121008178729832,0.13340637253286766,False,,,not_covered_by_the_possession_sensitivity_analysis
faceoff,faceoff_win_pct,True,8,8,CAN,Cannons,12,0.16715542521994134,faceoffs,341.0,0.5026678360931618,0.5290570175438596,0.1802895305985642,0.16715542521994134,0.7728706624605678,-1.860964470645155,,False,,,not_covered_by_the_possession_sensitivity_analysis
goalie_defense,opponent_shooting_pct_on_goal,False,1,8,ARC,Archers,12,0.39087947882736157,shots_on_goal_allowed,307.0,0.43669141293930597,0.4424025214783183,0.032615810890820475,0.39087947882736157,0.49498327759197325,-1.4045928296953025,0.01251035168111303,False,,,not_covered_by_the_possession_sensitivity_analysis
goalie_defense,opponent_shooting_pct_on_goal,False,2,8,CHA,Chaos,11,0.4033898305084746,shots_on_goal_allowed,295.0,0.43669141293930597,0.4424025214783183,0.032615810890820475,0.39087947882736157,0.49498327759197325,-1.021025739396959,0.001709319633168449,False,,,not_covered_by_the_possession_sensitivity_analysis
goalie_defense,opponent_shooting_pct_on_goal,False,3,8,WAT,Waterdogs,13,0.40509915014164305,shots_on_goal_allowed,353.0,0.43669141293930597,0.4424025214783183,0.032615810890820475,0.39087947882736157,0.49498327759197325,-0.9686180393740991,0.03666791813144932,False,,,not_covered_by_the_possession_sensitivity_analysis
goalie_defense,opponent_shooting_pct_on_goal,False,4,8,CHR,Chrome,10,0.44176706827309237,shots_on_goal_allowed,249.0,0.43669141293930597,0.4424025214783183,0.032615810890820475,0.39087947882736157,0.49498327759197325,0.1556194739654599,0.0012709064104519108,False,,,not_covered_by_the_possession_sensitivity_analysis
goalie_defense,opponent_shooting_pct_on_goal,False,5,8,CAN,Cannons,12,0.4430379746835443,shots_on_goal_allowed,316.0,0.43669141293930597,0.4424025214783183,0.032615810890820475,0.39087947882736157,0.49498327759197325,0.19458543482126064,0.013709430160746383,False,,,not_covered_by_the_possession_sensitivity_analysis
goalie_defense,opponent_shooting_pct_on_goal,False,6,8,RED,Redwoods,12,0.45674740484429066,shots_on_goal_allowed,289.0,0.43669141293930597,0.4424025214783183,0.032615810890820475,0.39087947882736157,0.49498327759197325,0.6149162432944242,0.0008797137997771376,False,,,not_covered_by_the_possession_sensitivity_analysis
goalie_defense,opponent_shooting_pct_on_goal,False,7,8,WHP,Whipsnakes,11,0.4576271186440678,shots_on_goal_allowed,295.0,0.43669141293930597,0.4424025214783183,0.032615810890820475,0.39087947882736157,0.49498327759197325,0.6418882478452823,0.03735615894790545,False,,,not_covered_by_the_possession_sensitivity_analysis
goalie_defense,opponent_shooting_pct_on_goal,False,8,8,ATL,Atlas,11,0.49498327759197325,shots_on_goal_allowed,299.0,0.43669141293930597,0.4424025214783183,0.032615810890820475,0.39087947882736157,0.49498327759197325,1.7872272085399286,,False,,,not_covered_by_the_possession_sensitivity_analysis
goalie_defense,save_pct_official,True,1,8,ARC,Archers,12,0.590443686006826,saves+goals_allowed,293.0,0.5386001879877371,0.5333993072736269,0.037571560821951844,0.4676258992805755,0.590443686006826,1.3798601092131992,0.007987545655948725,False,,,not_covered_by_the_possession_sensitivity_analysis
goalie_defense,save_pct_official,True,2,8,CHA,Chaos,11,0.5824561403508772,saves+goals_allowed,285.0,0.5386001879877371,0.5333993072736269,0.037571560821951844,0.4676258992805755,0.590443686006826,1.1672645853327577,0.017106596277928876,False,,,not_covered_by_the_possession_sensitivity_analysis
goalie_defense,save_pct_official,True,3,8,WAT,Waterdogs,13,0.5653495440729484,saves+goals_allowed,329.0,0.5386001879877371,0.5333993072736269,0.037571560821951844,0.4676258992805755,0.590443686006826,0.7119575418219636,0.030465823142715842,False,,,not_covered_by_the_possession_sensitivity_analysis
goalie_defense,save_pct_official,True,4,8,CAN,Cannons,12,0.5348837209302325,saves+goals_allowed,301.0,0.5386001879877371,0.5333993072736269,0.037571560821951844,0.4676258992805755,0.590443686006826,-0.09891702596856722,0.002968827313211242,False,,,not_covered_by_the_possession_sensitivity_analysis
goalie_defense,save_pct_official,True,5,8,RED,Redwoods,12,0.5319148936170213,saves+goals_allowed,282.0,0.5386001879877371,0.5333993072736269,0.037571560821951844,0.4676258992805755,0.590443686006826,-0.17793496528922095,0.010175763182238673,False,,,not_covered_by_the_possession_sensitivity_analysis
goalie_defense,save_pct_official,True,6,8,CHR,Chrome,10,0.5217391304347826,saves+goals_allowed,230.0,0.5386001879877371,0.5333993072736269,0.037571560821951844,0.4676258992805755,0.590443686006826,-0.4487718152795813,0.007350641226149479,False,,,not_covered_by_the_possession_sensitivity_analysis
goalie_defense,save_pct_official,True,7,8,WHP,Whipsnakes,11,0.5143884892086331,saves+goals_allowed,278.0,0.5386001879877371,0.5333993072736269,0.037571560821951844,0.4676258992805755,0.590443686006826,-0.6444155698998243,0.046762589928057596,False,,,not_covered_by_the_possession_sensitivity_analysis
goalie_defense,save_pct_official,True,8,8,ATL,Atlas,11,0.4676258992805755,saves+goals_allowed,278.0,0.5386001879877371,0.5333993072736269,0.037571560821951844,0.4676258992805755,0.590443686006826,-1.8890428599307387,,False,,,not_covered_by_the_possession_sensitivity_analysis
goalie_defense,save_pct_vs_shots_on_goal,True,1,8,ARC,Archers,12,0.5635179153094463,shots_on_goal_allowed,307.0,0.5103903570031025,0.514262406377294,0.040454935611692014,0.43478260869565216,0.5635179153094463,1.3132528207754501,0.0008060509026666107,False,,,not_covered_by_the_possession_sensitivity_analysis
goalie_defense,save_pct_vs_shots_on_goal,True,2,8,CHA,Chaos,11,0.5627118644067797,shots_on_goal_allowed,295.0,0.5103903570031025,0.514262406377294,0.040454935611692014,0.43478260869565216,0.5635179153094463,1.2933281591617594,0.03579968310366355,False,,,not_covered_by_the_possession_sensitivity_analysis
goalie_defense,save_pct_vs_shots_on_goal,True,3,8,WAT,Waterdogs,13,0.5269121813031161,shots_on_goal_allowed,353.0,0.5103903570031025,0.514262406377294,0.040454935611692014,0.43478260869565216,0.5635179153094463,0.40840070686550695,0.007881039434604054,False,,,not_covered_by_the_possession_sensitivity_analysis
goalie_defense,save_pct_vs_shots_on_goal,True,4,8,RED,Redwoods,12,0.5190311418685121,shots_on_goal_allowed,289.0,0.5103903570031025,0.514262406377294,0.040454935611692014,0.43478260869565216,0.5635179153094463,0.21359037493838534,0.00953747098243607,False,,,not_covered_by_the_possession_sensitivity_analysis
goalie_defense,save_pct_vs_shots_on_goal,True,5,8,CAN,Cannons,12,0.509493670886076,shots_on_goal_allowed,316.0,0.5103903570031025,0.514262406377294,0.040454935611692014,0.43478260869565216,0.5635179153094463,-0.022165061035652245,0.024747908174211575,False,,,not_covered_by_the_possession_sensitivity_analysis
goalie_defense,save_pct_vs_shots_on_goal,True,6,8,WHP,Whipsnakes,11,0.4847457627118644,shots_on_goal_allowed,295.0,0.5103903570031025,0.514262406377294,0.040454935611692014,0.43478260869565216,0.5635179153094463,-0.6339052059651896,0.002818051868490934,False,,,not_covered_by_the_possession_sensitivity_analysis
goalie_defense,save_pct_vs_shots_on_goal,True,7,8,CHR,Chrome,10,0.4819277108433735,shots_on_goal_allowed,249.0,0.5103903570031025,0.514262406377294,0.040454935611692014,0.43478260869565216,0.5635179153094463,-0.7035642432589353,0.04714510214772133,False,,,not_covered_by_the_possession_sensitivity_analysis
goalie_defense,save_pct_vs_shots_on_goal,True,8,8,ATL,Atlas,11,0.43478260869565216,shots_on_goal_allowed,299.0,0.5103903570031025,0.514262406377294,0.040454935611692014,0.43478260869565216,0.5635179153094463,-1.868937551481326,,False,,,not_covered_by_the_possession_sensitivity_analysis
offense,goals_per_possession,True,1,8,CAN,Cannons,12,0.3037475345167653,offensive_possessions,507.0,0.247597924601162,0.24927270964144585,0.034442590442890025,0.18414918414918416,0.3037475345167653,1.6302377142249538,0.022770222125840345,False,,,not_covered_by_the_possession_sensitivity_analysis
offense,goals_per_possession,True,2,8,WAT,Waterdogs,13,0.28097731239092494,offensive_possessions,573.0,0.247597924601162,0.24927270964144585,0.034442590442890025,0.18414918414918416,0.3037475345167653,0.9691311646581865,0.01907255048616302,False,,,not_covered_by_the_possession_sensitivity_analysis
offense,goals_per_possession,True,3,8,ARC,Archers,12,0.2619047619047619,offensive_possessions,588.0,0.247597924601162,0.24927270964144585,0.034442590442890025,0.18414918414918416,0.3037475345167653,0.4153821509831665,0.008868324657798354,False,,,not_covered_by_the_possession_sensitivity_analysis
offense,goals_per_possession,True,4,8,WHP,Whipsnakes,11,0.25303643724696356,offensive_possessions,494.0,0.247597924601162,0.24927270964144585,0.034442590442890025,0.18414918414918416,0.3037475345167653,0.15790080176516538,0.007527455211035428,False,,,not_covered_by_the_possession_sensitivity_analysis
offense,goals_per_possession,True,5,8,CHA,Chaos,11,0.24550898203592814,offensive_possessions,501.0,0.247597924601162,0.24927270964144585,0.034442590442890025,0.18414918414918416,0.3037475345167653,-0.060649984172868446,0.018648727952443572,False,,,not_covered_by_the_possession_sensitivity_analysis
offense,goals_per_possession,True,6,8,ATL,Atlas,11,0.22686025408348456,offensive_possessions,551.0,0.247597924601162,0.24927270964144585,0.034442590442890025,0.18414918414918416,0.3037475345167653,-0.6020938103381918,0.002261323602201132,False,,,not_covered_by_the_possession_sensitivity_analysis
offense,goals_per_possession,True,7,8,RED,Redwoods,12,0.22459893048128343,offensive_possessions,561.0,0.247597924601162,0.24927270964144585,0.034442590442890025,0.18414918414918416,0.3037475345167653,-0.6677486746536584,0.04044974633209927,False,,,not_covered_by_the_possession_sensitivity_analysis
offense,goals_per_possession,True,8,8,CHR,Chrome,10,0.18414918414918416,offensive_possessions,429.0,0.247597924601162,0.24927270964144585,0.034442590442890025,0.18414918414918416,0.3037475345167653,-1.8421593624667554,,False,,,not_covered_by_the_possession_sensitivity_analysis
offense,net_efficiency,True,1,8,CAN,Cannons,12,0.09661835748792269,offensive+defensive_possessions,1128.0,-0.004347297886601261,-0.011729763247208425,0.06332891711954418,-0.10123350456796579,0.09661835748792269,1.5943057289916072,0.027885351311334627,False,8.0,2,possession-ambiguity rank churn was tested by the Phase 5 null model and was not significant for any metric (p 0.135-0.922); levels ARE subset-dependent
offense,net_efficiency,True,2,8,WAT,Waterdogs,13,0.06873300617658806,offensive+defensive_possessions,1211.0,-0.004347297886601261,-0.011729763247208425,0.06332891711954418,-0.10123350456796579,0.09661835748792269,1.1539800045094366,0.036642477657488126,False,8.0,2,possession-ambiguity rank churn was tested by the Phase 5 null model and was not significant for any metric (p 0.135-0.922); levels ARE subset-dependent
offense,net_efficiency,True,3,8,ARC,Archers,12,0.03209052851909994,offensive+defensive_possessions,1108.0,-0.004347297886601261,-0.011729763247208425,0.06332891711954418,-0.10123350456796579,0.09661835748792269,0.5753742218095813,0.03978768481379802,False,8.0,2,possession-ambiguity rank churn was tested by the Phase 5 null model and was not significant for any metric (p 0.135-0.922); levels ARE subset-dependent
offense,net_efficiency,True,4,8,CHA,Chaos,11,-0.007697156294698082,offensive+defensive_possessions,995.0,-0.004347297886601261,-0.011729763247208425,0.06332891711954418,-0.10123350456796579,0.09661835748792269,-0.05289618961545465,0.008065213905020685,False,8.0,2,possession-ambiguity rank churn was tested by the Phase 5 null model and was not significant for any metric (p 0.135-0.922); levels ARE subset-dependent
offense,net_efficiency,True,5,8,WHP,Whipsnakes,11,-0.015762370199718767,offensive+defensive_possessions,972.0,-0.004347297886601261,-0.011729763247208425,0.06332891711954418,-0.10123350456796579,0.09661835748792269,-0.18025055270674537,0.017882906092616335,False,8.0,2,possession-ambiguity rank churn was tested by the Phase 5 null model and was not significant for any metric (p 0.135-0.922); levels ARE subset-dependent
offense,net_efficiency,True,6,8,RED,Redwoods,12,-0.0336452762923351,offensive+defensive_possessions,1089.0,-0.004347297886601261,-0.011729763247208425,0.06332891711954418,-0.10123350456796579,0.09661835748792269,-0.4626319182187955,0.04023669162936794,False,8.0,2,possession-ambiguity rank churn was tested by the Phase 5 null model and was not significant for any metric (p 0.135-0.922); levels ARE subset-dependent
offense,net_efficiency,True,7,8,CHR,Chrome,10,-0.07388196792170304,offensive+defensive_possessions,882.0,-0.004347297886601261,-0.011729763247208425,0.06332891711954418,-0.10123350456796579,0.09661835748792269,-1.0979924053310934,0.027351536646262747,False,8.0,2,possession-ambiguity rank churn was tested by the Phase 5 null model and was not significant for any metric (p 0.135-0.922); levels ARE subset-dependent
offense,net_efficiency,True,8,8,ATL,Atlas,11,-0.10123350456796579,offensive+defensive_possessions,1023.0,-0.004347297886601261,-0.011729763247208425,0.06332891711954418,-0.10123350456796579,0.09661835748792269,-1.5298888894385358,,False,8.0,2,possession-ambiguity rank churn was tested by the Phase 5 null model and was not significant for any metric (p 0.135-0.922); levels ARE subset-dependent
offense,offensive_efficiency,True,1,8,CAN,Cannons,12,0.3333333333333333,offensive_possessions,507.0,0.2656872191667522,0.27044291982835944,0.04255142131312333,0.1888111888111888,0.3333333333333333,1.5897498151423277,0.027923211169284423,False,4.0,1,possession-ambiguity rank churn was tested by the Phase 5 null model and was not significant for any metric (p 0.135-0.922); levels ARE subset-dependent
offense,offensive_efficiency,True,2,8,WAT,Waterdogs,13,0.3054101221640489,offensive_possessions,573.0,0.2656872191667522,0.27044291982835944,0.04255142131312333,0.1888111888111888,0.3333333333333333,0.9335270543605957,0.02139651672187204,False,4.0,1,possession-ambiguity rank churn was tested by the Phase 5 null model and was not significant for any metric (p 0.135-0.922); levels ARE subset-dependent
offense,offensive_efficiency,True,3,8,ARC,Archers,12,0.28401360544217685,offensive_possessions,588.0,0.2656872191667522,0.27044291982835944,0.04255142131312333,0.1888111888111888,0.3333333333333333,0.43068799372331645,0.0006127957255776528,False,4.0,1,possession-ambiguity rank churn was tested by the Phase 5 null model and was not significant for any metric (p 0.135-0.922); levels ARE subset-dependent
offense,offensive_efficiency,True,4,8,WHP,Whipsnakes,11,0.2834008097165992,offensive_possessions,494.0,0.2656872191667522,0.27044291982835944,0.04255142131312333,0.1888111888111888,0.3333333333333333,0.4162866950905805,0.025915779776479464,False,4.0,1,possession-ambiguity rank churn was tested by the Phase 5 null model and was not significant for any metric (p 0.135-0.922); levels ARE subset-dependent
offense,offensive_efficiency,True,5,8,CHA,Chaos,11,0.25748502994011974,offensive_possessions,501.0,0.2656872191667522,0.27044291982835944,0.04255142131312333,0.1888111888111888,0.3333333333333333,-0.19275946545416134,0.01973548366062791,False,4.0,1,possession-ambiguity rank churn was tested by the Phase 5 null model and was not significant for any metric (p 0.135-0.922); levels ARE subset-dependent
offense,offensive_efficiency,True,6,8,ATL,Atlas,11,0.23774954627949182,offensive_possessions,551.0,0.2656872191667522,0.27044291982835944,0.04255142131312333,0.1888111888111888,0.3333333333333333,-0.6565626252922386,0.0024554286324330044,False,4.0,1,possession-ambiguity rank churn was tested by the Phase 5 null model and was not significant for any metric (p 0.135-0.922); levels ARE subset-dependent
offense,offensive_efficiency,True,7,8,RED,Redwoods,12,0.23529411764705882,offensive_possessions,561.0,0.2656872191667522,0.27044291982835944,0.04255142131312333,0.1888111888111888,0.3333333333333333,-0.7142675986317714,0.04648292883587002,False,4.0,1,possession-ambiguity rank churn was tested by the Phase 5 null model and was not significant for any metric (p 0.135-0.922); levels ARE subset-dependent
offense,offensive_efficiency,True,8,8,CHR,Chrome,10,0.1888111888111888,offensive_possessions,429.0,0.2656872191667522,0.27044291982835944,0.04255142131312333,0.1888111888111888,0.3333333333333333,-1.8066618689386522,,False,4.0,1,possession-ambiguity rank churn was tested by the Phase 5 null model and was not significant for any metric (p 0.135-0.922); levels ARE subset-dependent
offense,point_differential_per_game,True,1,8,ARC,Archers,12,3.0,games_played,12.0,-0.13059440559440544,-0.22727272727272727,2.1744324440159426,-3.8,3.0,1.4397294403005387,1.1538461538461537,False,,,not_covered_by_the_possession_sensitivity_analysis
offense,point_differential_per_game,True,2,8,WAT,Waterdogs,13,1.8461538461538463,games_played,13.0,-0.13059440559440544,-0.22727272727272727,2.1744324440159426,-3.8,3.0,0.9090869928786615,0.012820512820512997,False,,,not_covered_by_the_possession_sensitivity_analysis
offense,point_differential_per_game,True,3,8,CAN,Cannons,12,1.8333333333333333,games_played,12.0,-0.13059440559440544,-0.22727272727272727,2.1744324440159426,-3.8,3.0,0.9031909656850851,2.015151515151515,False,,,not_covered_by_the_possession_sensitivity_analysis
offense,point_differential_per_game,True,4,8,CHA,Chaos,11,-0.18181818181818182,games_played,11.0,-0.13059440559440544,-0.22727272727272727,2.1744324440159426,-3.8,3.0,-0.023557308650698564,0.09090909090909088,False,,,not_covered_by_the_possession_sensitivity_analysis
offense,point_differential_per_game,True,5,8,WHP,Whipsnakes,11,-0.2727272727272727,games_played,11.0,-0.13059440559440544,-0.22727272727272727,2.1744324440159426,-3.8,3.0,-0.06536550147787676,0.5606060606060607,False,,,not_covered_by_the_possession_sensitivity_analysis
offense,point_differential_per_game,True,6,8,RED,Redwoods,12,-0.8333333333333334,games_played,12.0,-0.13059440559440544,-0.22727272727272727,2.1744324440159426,-3.8,3.0,-0.3231826905788091,1.8030303030303028,False,,,not_covered_by_the_possession_sensitivity_analysis
offense,point_differential_per_game,True,7,8,ATL,Atlas,11,-2.6363636363636362,games_played,11.0,-0.13059440559440544,-0.22727272727272727,2.1744324440159426,-3.8,3.0,-1.15237851498451,1.1636363636363636,False,,,not_covered_by_the_possession_sensitivity_analysis
offense,point_differential_per_game,True,8,8,CHR,Chrome,10,-3.8,games_played,10.0,-0.13059440559440544,-0.22727272727272727,2.1744324440159426,-3.8,3.0,-1.687523383172391,,False,,,not_covered_by_the_possession_sensitivity_analysis
offense,points_per_game,True,1,8,CAN,Cannons,12,14.083333333333334,games_played,12.0,12.115646853146853,12.318181818181817,1.8325037603725685,8.1,14.083333333333334,1.0737694092297134,0.16666666666666785,False,,,not_covered_by_the_possession_sensitivity_analysis
offense,points_per_game,True,2,8,ARC,Archers,12,13.916666666666666,games_played,12.0,12.115646853146853,12.318181818181817,1.8325037603725685,8.1,14.083333333333334,0.9828191638491623,0.4551282051282044,False,,,not_covered_by_the_possession_sensitivity_analysis
offense,points_per_game,True,3,8,WAT,Waterdogs,13,13.461538461538462,games_played,13.0,12.115646853146853,12.318181818181817,1.8325037603725685,8.1,14.083333333333334,0.734455032233044,0.734265734265735,False,,,not_covered_by_the_possession_sensitivity_analysis
offense,points_per_game,True,4,8,WHP,Whipsnakes,11,12.727272727272727,games_played,11.0,12.115646853146853,12.318181818181817,1.8325037603725685,8.1,14.083333333333334,0.3337651399970517,0.8181818181818183,False,,,not_covered_by_the_possession_sensitivity_analysis
offense,points_per_game,True,5,8,ATL,Atlas,11,11.909090909090908,games_played,11.0,12.115646853146853,12.318181818181817,1.8325037603725685,8.1,14.083333333333334,-0.11271788278019644,0.18181818181818166,False,,,not_covered_by_the_possession_sensitivity_analysis
offense,points_per_game,True,6,8,CHA,Chaos,11,11.727272727272727,games_played,11.0,12.115646853146853,12.318181818181817,1.8325037603725685,8.1,14.083333333333334,-0.21193633228625147,0.7272727272727266,False,,,not_covered_by_the_possession_sensitivity_analysis
offense,points_per_game,True,7,8,RED,Redwoods,12,11.0,games_played,12.0,12.115646853146853,12.318181818181817,1.8325037603725685,8.1,14.083333333333334,-0.6088101303104716,2.9000000000000004,False,,,not_covered_by_the_possession_sensitivity_analysis
offense,points_per_game,True,8,8,CHR,Chrome,10,8.1,games_played,10.0,12.115646853146853,12.318181818181817,1.8325037603725685,8.1,14.083333333333334,-2.191344399932051,,False,,,not_covered_by_the_possession_sensitivity_analysis
possession,faceoff_start_possession_share,True,1,8,ATL,Atlas,11,0.42105263157894735,offensive_possessions,551.0,0.285399568960158,0.31226851110612996,0.0924988863857938,0.11242603550295859,0.42105263157894735,1.4665372516270991,0.07241317579663442,False,,,not_covered_by_the_possession_sensitivity_analysis
possession,faceoff_start_possession_share,True,2,8,ARC,Archers,12,0.3486394557823129,offensive_possessions,588.0,0.285399568960158,0.31226851110612996,0.0924988863857938,0.11242603550295859,0.42105263157894735,0.6836826830367922,0.010582775620369578,False,,,not_covered_by_the_possession_sensitivity_analysis
possession,faceoff_start_possession_share,True,3,8,WHP,Whipsnakes,11,0.33805668016194335,offensive_possessions,494.0,0.285399568960158,0.31226851110612996,0.0924988863857938,0.11242603550295859,0.42105263157894735,0.5692729205642907,0.0029408156343140868,False,,,not_covered_by_the_possession_sensitivity_analysis
possession,faceoff_start_possession_share,True,4,8,RED,Redwoods,12,0.33511586452762926,offensive_possessions,561.0,0.285399568960158,0.31226851110612996,0.0924988863857938,0.11242603550295859,0.42105263157894735,0.5374799363542047,0.045694706842998534,False,,,not_covered_by_the_possession_sensitivity_analysis
possession,faceoff_start_possession_share,True,5,8,CHA,Chaos,11,0.2894211576846307,offensive_possessions,501.0,0.285399568960158,0.31226851110612996,0.0924988863857938,0.11242603550295859,0.42105263157894735,0.043477158283825236,0.03767290593637895,False,,,not_covered_by_the_possession_sensitivity_analysis
possession,faceoff_start_possession_share,True,6,8,CHR,Chrome,10,0.2517482517482518,offensive_possessions,429.0,0.285399568960158,0.31226851110612996,0.0924988863857938,0.11242603550295859,0.42105263157894735,-0.3638024037560141,0.0650117770536619,False,,,not_covered_by_the_possession_sensitivity_analysis
possession,faceoff_start_possession_share,True,7,8,WAT,Waterdogs,13,0.18673647469458987,offensive_possessions,573.0,0.285399568960158,0.31226851110612996,0.0924988863857938,0.11242603550295859,0.42105263157894735,-1.0666408874812252,0.07431043919163129,False,,,not_covered_by_the_possession_sensitivity_analysis
possession,faceoff_start_possession_share,True,8,8,CAN,Cannons,12,0.11242603550295859,offensive_possessions,507.0,0.285399568960158,0.31226851110612996,0.0924988863857938,0.11242603550295859,0.42105263157894735,-1.8700066586289745,,False,,,not_covered_by_the_possession_sensitivity_analysis
possession,ground_balls_per_possession,True,1,8,ATL,Atlas,11,0.4604105571847507,offensive+defensive_possessions,1023.0,0.373206687769423,0.36613727071571855,0.044942482343342686,0.3191489361702128,0.4604105571847507,1.9403438543764635,0.03893041278041859,False,,,not_covered_by_the_possession_sensitivity_analysis
possession,ground_balls_per_possession,True,2,8,ARC,Archers,12,0.4214801444043321,offensive+defensive_possessions,1108.0,0.373206687769423,0.36613727071571855,0.044942482343342686,0.3191489361702128,0.4604105571847507,1.0741163842735502,0.038560034211494676,False,,,not_covered_by_the_possession_sensitivity_analysis
possession,ground_balls_per_possession,True,3,8,RED,Redwoods,12,0.38292011019283745,offensive+defensive_possessions,1089.0,0.373206687769423,0.36613727071571855,0.044942482343342686,0.3191489361702128,0.4604105571847507,0.2161300826511486,0.008434513485018502,False,,,not_covered_by_the_possession_sensitivity_analysis
possession,ground_balls_per_possession,True,4,8,WHP,Whipsnakes,11,0.37448559670781895,offensive+defensive_possessions,972.0,0.373206687769423,0.36613727071571855,0.044942482343342686,0.3191489361702128,0.4604105571847507,0.028456570970548177,0.01669665198420084,False,,,not_covered_by_the_possession_sensitivity_analysis
possession,ground_balls_per_possession,True,5,8,CHA,Chaos,11,0.3577889447236181,offensive+defensive_possessions,995.0,0.373206687769423,0.36613727071571855,0.044942482343342686,0.3191489361702128,0.4604105571847507,-0.34305499478243046,0.02170306528513749,False,,,not_covered_by_the_possession_sensitivity_analysis
possession,ground_balls_per_possession,True,6,8,WAT,Waterdogs,13,0.3360858794384806,offensive+defensive_possessions,1211.0,0.373206687769423,0.36613727071571855,0.044942482343342686,0.3191489361702128,0.4604105571847507,-0.8259625725022081,0.002752546105147302,False,,,not_covered_by_the_possession_sensitivity_analysis
possession,ground_balls_per_possession,True,7,8,CHR,Chrome,10,0.3333333333333333,offensive+defensive_possessions,882.0,0.373206687769423,0.36613727071571855,0.044942482343342686,0.3191489361702128,0.4604105571847507,-0.8872085465033535,0.014184397163120532,False,,,not_covered_by_the_possession_sensitivity_analysis
possession,ground_balls_per_possession,True,8,8,CAN,Cannons,12,0.3191489361702128,offensive+defensive_possessions,1128.0,0.373206687769423,0.36613727071571855,0.044942482343342686,0.3191489361702128,0.4604105571847507,-1.2028207784837186,,False,,,not_covered_by_the_possession_sensitivity_analysis
possession,possession_ending_turnover_rate,False,1,8,WHP,Whipsnakes,11,0.2834008097165992,offensive_possessions,494.0,0.31528680135920084,0.30409436501873477,0.031068974545806073,0.2834008097165992,0.3706293706293706,-1.0262968800463952,0.004557305466646899,False,5.0,3,possession-ambiguity rank churn was tested by the Phase 5 null model and was not significant for any metric (p 0.135-0.922); levels ARE subset-dependent
possession,possession_ending_turnover_rate,False,2,8,WAT,Waterdogs,13,0.2879581151832461,offensive_possessions,573.0,0.31528680135920084,0.30409436501873477,0.031068974545806073,0.2834008097165992,0.3706293706293706,-0.8796133948889464,1.0326631349588666e-05,False,5.0,3,possession-ambiguity rank churn was tested by the Phase 5 null model and was not significant for any metric (p 0.135-0.922); levels ARE subset-dependent
possession,possession_ending_turnover_rate,False,3,8,CAN,Cannons,12,0.2879684418145957,offensive_possessions,507.0,0.31528680135920084,0.30409436501873477,0.031068974545806073,0.2834008097165992,0.3706293706293706,-0.8792810172839385,0.0011472044439077012,False,5.0,3,possession-ambiguity rank churn was tested by the Phase 5 null model and was not significant for any metric (p 0.135-0.922); levels ARE subset-dependent
possession,possession_ending_turnover_rate,False,4,8,ARC,Archers,12,0.2891156462585034,offensive_possessions,588.0,0.31528680135920084,0.30409436501873477,0.031068974545806073,0.2834008097165992,0.3706293706293706,-0.8423565786541298,0.02995743752046276,False,5.0,3,possession-ambiguity rank churn was tested by the Phase 5 null model and was not significant for any metric (p 0.135-0.922); levels ARE subset-dependent
possession,possession_ending_turnover_rate,False,5,8,RED,Redwoods,12,0.31907308377896615,offensive_possessions,561.0,0.31528680135920084,0.30409436501873477,0.031068974545806073,0.2834008097165992,0.3706293706293706,0.12186699030516954,0.020248273506462966,False,5.0,3,possession-ambiguity rank churn was tested by the Phase 5 null model and was not significant for any metric (p 0.135-0.922); levels ARE subset-dependent
possession,possession_ending_turnover_rate,False,6,8,CHA,Chaos,11,0.3393213572854291,offensive_possessions,501.0,0.31528680135920084,0.30409436501873477,0.031068974545806073,0.2834008097165992,0.3706293706293706,0.7735870358641316,0.00550622892146746,False,5.0,3,possession-ambiguity rank churn was tested by the Phase 5 null model and was not significant for any metric (p 0.135-0.922); levels ARE subset-dependent
possession,possession_ending_turnover_rate,False,7,8,ATL,Atlas,11,0.3448275862068966,offensive_possessions,551.0,0.31528680135920084,0.30409436501873477,0.031068974545806073,0.2834008097165992,0.3706293706293706,0.9508129984831886,0.02580178442247405,False,5.0,3,possession-ambiguity rank churn was tested by the Phase 5 null model and was not significant for any metric (p 0.135-0.922); levels ARE subset-dependent
possession,possession_ending_turnover_rate,False,8,8,CHR,Chrome,10,0.3706293706293706,offensive_possessions,429.0,0.31528680135920084,0.30409436501873477,0.031068974545806073,0.2834008097165992,0.3706293706293706,1.7812808462209238,,False,5.0,3,possession-ambiguity rank churn was tested by the Phase 5 null model and was not significant for any metric (p 0.135-0.922); levels ARE subset-dependent
possession,shot_clock_expiration_rate,False,1,8,WAT,Waterdogs,13,0.0506108202443281,offensive_possessions,573.0,0.07577009572999185,0.07313322538226633,0.01576202836337185,0.0506108202443281,0.09803921568627451,-1.5961952932485157,0.009995240361732508,False,,,not_covered_by_the_possession_sensitivity_analysis
possession,shot_clock_expiration_rate,False,2,8,CHR,Chrome,10,0.06060606060606061,offensive_possessions,429.0,0.07577009572999185,0.07313322538226633,0.01576202836337185,0.0506108202443281,0.09803921568627451,-0.9620611493866973,0.006455083378160295,False,,,not_covered_by_the_possession_sensitivity_analysis
possession,shot_clock_expiration_rate,False,3,8,CAN,Cannons,12,0.0670611439842209,offensive_possessions,507.0,0.07577009572999185,0.07313322538226633,0.01576202836337185,0.0506108202443281,0.09803921568627451,-0.5525273489552275,0.004795143440928795,False,,,not_covered_by_the_possession_sensitivity_analysis
possession,shot_clock_expiration_rate,False,4,8,CHA,Chaos,11,0.0718562874251497,offensive_possessions,501.0,0.07577009572999185,0.07313322538226633,0.01576202836337185,0.0506108202443281,0.09803921568627451,-0.24830613260011322,0.002553875914233242,False,,,not_covered_by_the_possession_sensitivity_analysis
possession,shot_clock_expiration_rate,False,5,8,ATL,Atlas,11,0.07441016333938294,offensive_possessions,551.0,0.07577009572999185,0.07313322538226633,0.01576202836337185,0.0506108202443281,0.09803921568627451,-0.08627902191631347,0.014025210810276925,False,,,not_covered_by_the_possession_sensitivity_analysis
possession,shot_clock_expiration_rate,False,6,8,ARC,Archers,12,0.08843537414965986,offensive_possessions,588.0,0.07577009572999185,0.07313322538226633,0.01576202836337185,0.0506108202443281,0.09803921568627451,0.8035310004326515,0.00670632625519843,False,,,not_covered_by_the_possession_sensitivity_analysis
possession,shot_clock_expiration_rate,False,7,8,WHP,Whipsnakes,11,0.0951417004048583,offensive_possessions,494.0,0.07577009572999185,0.07313322538226633,0.01576202836337185,0.0506108202443281,0.09803921568627451,1.2290045562843044,0.002897515281416213,False,,,not_covered_by_the_possession_sensitivity_analysis
possession,shot_clock_expiration_rate,False,8,8,RED,Redwoods,12,0.09803921568627451,offensive_possessions,561.0,0.07577009572999185,0.07313322538226633,0.01576202836337185,0.0506108202443281,0.09803921568627451,1.4128333893899168,,False,,,not_covered_by_the_possession_sensitivity_analysis
possession,team_possessions_per_game,True,1,8,ATL,Atlas,11,50.09090909090909,games_played,11.0,45.6902972027972,45.22727272727273,2.605238225102169,42.25,50.09090909090909,1.6891399203768858,1.0909090909090935,False,,,not_covered_by_the_possession_sensitivity_analysis
possession,team_possessions_per_game,True,2,8,ARC,Archers,12,49.0,games_played,12.0,45.6902972027972,45.22727272727273,2.605238225102169,42.25,50.09090909090909,1.2704031306284889,2.25,False,,,not_covered_by_the_possession_sensitivity_analysis
possession,team_possessions_per_game,True,3,8,RED,Redwoods,12,46.75,games_played,12.0,45.6902972027972,45.22727272727273,2.605238225102169,42.25,50.09090909090909,0.40675850177242234,1.2045454545454533,False,,,not_covered_by_the_possession_sensitivity_analysis
possession,team_possessions_per_game,True,4,8,CHA,Chaos,11,45.54545454545455,games_played,11.0,45.6902972027972,45.22727272727273,2.605238225102169,42.25,50.09090909090909,-0.055596703574764254,0.6363636363636402,False,,,not_covered_by_the_possession_sensitivity_analysis
possession,team_possessions_per_game,True,5,8,WHP,Whipsnakes,11,44.90909090909091,games_played,11.0,45.6902972027972,45.22727272727273,2.605238225102169,42.25,50.09090909090909,-0.2998598309279967,0.8321678321678263,False,,,not_covered_by_the_possession_sensitivity_analysis
possession,team_possessions_per_game,True,6,8,WAT,Waterdogs,13,44.07692307692308,games_played,13.0,45.6902972027972,45.22727272727273,2.605238225102169,42.25,50.09090909090909,-0.619280843620681,1.1769230769230816,False,,,not_covered_by_the_possession_sensitivity_analysis
possession,team_possessions_per_game,True,7,8,CHR,Chrome,10,42.9,games_played,10.0,45.6902972027972,45.22727272727273,2.605238225102169,42.25,50.09090909090909,-1.0710334187146253,0.6499999999999986,False,,,not_covered_by_the_possession_sensitivity_analysis
possession,team_possessions_per_game,True,8,8,CAN,Cannons,12,42.25,games_played,12.0,45.6902972027972,45.22727272727273,2.605238225102169,42.25,50.09090909090909,-1.3205307559397106,,False,,,not_covered_by_the_possession_sensitivity_analysis
possession,turnover_rate,False,1,8,WAT,Waterdogs,13,0.343804537521815,offensive_possessions,573.0,0.397197533682718,0.40162428607806755,0.03269882211418934,0.343804537521815,0.44522144522144524,-1.6328721558974322,0.0191145946280864,False,,,not_covered_by_the_possession_sensitivity_analysis
possession,turnover_rate,False,2,8,CAN,Cannons,12,0.3629191321499014,offensive_possessions,507.0,0.397197533682718,0.40162428607806755,0.03269882211418934,0.343804537521815,0.44522144522144524,-1.0483069210600646,0.015623377971556107,False,,,not_covered_by_the_possession_sensitivity_analysis
possession,turnover_rate,False,3,8,WHP,Whipsnakes,11,0.3785425101214575,offensive_possessions,494.0,0.397197533682718,0.40162428607806755,0.03269882211418934,0.343804537521815,0.44522144522144524,-0.570510567509565,0.005811231375141113,False,,,not_covered_by_the_possession_sensitivity_analysis
possession,turnover_rate,False,4,8,ARC,Archers,12,0.3843537414965986,offensive_possessions,588.0,0.397197533682718,0.40162428607806755,0.03269882211418934,0.343804537521815,0.44522144522144524,-0.39279066815516644,0.03454108916293791,False,,,not_covered_by_the_possession_sensitivity_analysis
possession,turnover_rate,False,5,8,RED,Redwoods,12,0.41889483065953653,offensive_possessions,561.0,0.397197533682718,0.40162428607806755,0.03269882211418934,0.343804537521815,0.44522144522144524,0.6635498031411723,0.00026684598717002794,False,,,not_covered_by_the_possession_sensitivity_analysis
possession,turnover_rate,False,6,8,CHA,Chaos,11,0.41916167664670656,offensive_possessions,501.0,0.397197533682718,0.40162428607806755,0.03269882211418934,0.343804537521815,0.44522144522144524,0.6717105248405093,0.005520718997576557,False,,,not_covered_by_the_possession_sensitivity_analysis
possession,turnover_rate,False,7,8,ATL,Atlas,11,0.4246823956442831,offensive_possessions,551.0,0.397197533682718,0.40162428607806755,0.03269882211418934,0.343804537521815,0.44522144522144524,0.8405459335991904,0.020539049577162127,False,,,not_covered_by_the_possession_sensitivity_analysis
possession,turnover_rate,False,8,8,CHR,Chrome,10,0.44522144522144524,offensive_possessions,429.0,0.397197533682718,0.40162428607806755,0.03269882211418934,0.343804537521815,0.44522144522144524,1.4686740510413598,,False,,,not_covered_by_the_possession_sensitivity_analysis
shooting,goals_per_shot_on_goal,True,1,8,CAN,Cannons,12,0.4827586206896552,shots_on_goal,319.0,0.4324314765172252,0.44019080234833663,0.034887238719849556,0.35909090909090907,0.4827586206896552,1.4425659931577133,0.020296158227192718,False,,,not_covered_by_the_possession_sensitivity_analysis
shooting,goals_per_shot_on_goal,True,2,8,ARC,Archers,12,0.4624624624624625,shots_on_goal,333.0,0.4324314765172252,0.44019080234833663,0.034887238719849556,0.35909090909090907,0.4827586206896552,0.8608014577018032,0.01920005111494477,False,,,not_covered_by_the_possession_sensitivity_analysis
shooting,goals_per_shot_on_goal,True,3,8,ATL,Atlas,11,0.4432624113475177,shots_on_goal,282.0,0.4324314765172252,0.44019080234833663,0.034887238719849556,0.35909090909090907,0.4827586206896552,0.31045549111142784,0.00216652093655878,False,,,not_covered_by_the_possession_sensitivity_analysis
shooting,goals_per_shot_on_goal,True,4,8,WAT,Waterdogs,13,0.4410958904109589,shots_on_goal,365.0,0.4324314765172252,0.44019080234833663,0.034887238719849556,0.35909090909090907,0.4827586206896552,0.2483548200334927,0.0018101761252446447,False,,,not_covered_by_the_possession_sensitivity_analysis
shooting,goals_per_shot_on_goal,True,5,8,CHA,Chaos,11,0.4392857142857143,shots_on_goal,280.0,0.4324314765172252,0.44019080234833663,0.034887238719849556,0.35909090909090907,0.4827586206896552,0.19646833684745826,0.015556900726392264,False,,,not_covered_by_the_possession_sensitivity_analysis
shooting,goals_per_shot_on_goal,True,6,8,WHP,Whipsnakes,11,0.423728813559322,shots_on_goal,295.0,0.4324314765172252,0.44019080234833663,0.034887238719849556,0.35909090909090907,0.4827586206896552,-0.24945118264552357,0.015961823268059894,False,,,not_covered_by_the_possession_sensitivity_analysis
shooting,goals_per_shot_on_goal,True,7,8,RED,Redwoods,12,0.4077669902912621,shots_on_goal,309.0,0.4324314765172252,0.44019080234833663,0.034887238719849556,0.35909090909090907,0.4827586206896552,-0.706977311217522,0.04867608120035305,False,,,not_covered_by_the_possession_sensitivity_analysis
shooting,goals_per_shot_on_goal,True,8,8,CHR,Chrome,10,0.35909090909090907,shots_on_goal,220.0,0.4324314765172252,0.44019080234833663,0.034887238719849556,0.35909090909090907,0.4827586206896552,-2.1022176049888417,,False,,,not_covered_by_the_possession_sensitivity_analysis
shooting,points_per_shot,True,1,8,CAN,Cannons,12,0.34004024144869216,shots,497.0,0.28979476406065385,0.29806015693112464,0.03168254856479683,0.2288135593220339,0.34004024144869216,1.5859039018050192,0.03085296229674872,False,,,not_covered_by_the_possession_sensitivity_analysis
shooting,points_per_shot,True,2,8,WAT,Waterdogs,13,0.30918727915194344,shots,566.0,0.28979476406065385,0.29806015693112464,0.03168254856479683,0.2288135593220339,0.34004024144869216,0.6120882305799424,0.007198129061527503,False,,,not_covered_by_the_possession_sensitivity_analysis
shooting,points_per_shot,True,3,8,ARC,Archers,12,0.30198915009041594,shots,553.0,0.28979476406065385,0.29806015693112464,0.03168254856479683,0.2288135593220339,0.34004024144869216,0.38489283792376255,0.0009138812732116253,False,,,not_covered_by_the_possession_sensitivity_analysis
shooting,points_per_shot,True,4,8,WHP,Whipsnakes,11,0.3010752688172043,shots,465.0,0.28979476406065385,0.29806015693112464,0.03168254856479683,0.2288135593220339,0.34004024144869216,0.3560478960043155,0.006030223772159282,False,,,not_covered_by_the_possession_sensitivity_analysis
shooting,points_per_shot,True,5,8,ATL,Atlas,11,0.29504504504504503,shots,444.0,0.28979476406065385,0.29806015693112464,0.03168254856479683,0.2288135593220339,0.34004024144869216,0.16571523511289987,0.009646814956549454,False,,,not_covered_by_the_possession_sensitivity_analysis
shooting,points_per_shot,True,6,8,CHA,Chaos,11,0.2853982300884956,shots,452.0,0.28979476406065385,0.29806015693112464,0.03168254856479683,0.2288135593220339,0.34004024144869216,-0.13876831793271086,0.02858889156709482,False,,,not_covered_by_the_possession_sensitivity_analysis
shooting,points_per_shot,True,7,8,RED,Redwoods,12,0.25680933852140075,shots,514.0,0.28979476406065385,0.29806015693112464,0.03168254856479683,0.2288135593220339,0.34004024144869216,-1.0411228589073773,0.027995779199366855,False,,,not_covered_by_the_possession_sensitivity_analysis
shooting,points_per_shot,True,8,8,CHR,Chrome,10,0.2288135593220339,shots,354.0,0.28979476406065385,0.29806015693112464,0.03168254856479683,0.2288135593220339,0.34004024144869216,-1.9247569245858427,,False,,,not_covered_by_the_possession_sensitivity_analysis
shooting,shooting_pct,True,1,8,CAN,Cannons,12,0.30985915492957744,shots,497.0,0.2704456403279809,0.2753024532317688,0.02454251668252169,0.2231638418079096,0.30985915492957744,1.6059279947302814,0.025406858109789432,False,,,not_covered_by_the_possession_sensitivity_analysis
shooting,shooting_pct,True,2,8,WAT,Waterdogs,13,0.284452296819788,shots,566.0,0.2704456403279809,0.2753024532317688,0.02454251668252169,0.2231638418079096,0.30985915492957744,0.5707098694479913,0.002920765288256466,False,,,not_covered_by_the_possession_sensitivity_analysis
shooting,shooting_pct,True,3,8,ATL,Atlas,11,0.28153153153153154,shots,444.0,0.2704456403279809,0.2753024532317688,0.02454251668252169,0.2231638418079096,0.30985915492957744,0.4517014838761672,0.003050518873303709,False,,,not_covered_by_the_possession_sensitivity_analysis
shooting,shooting_pct,True,4,8,ARC,Archers,12,0.27848101265822783,shots,553.0,0.2704456403279809,0.2753024532317688,0.02454251668252169,0.2231638418079096,0.30985915492957744,0.3274062083441277,0.00635711885291812,False,,,not_covered_by_the_possession_sensitivity_analysis
shooting,shooting_pct,True,5,8,CHA,Chaos,11,0.2721238938053097,shots,452.0,0.2704456403279809,0.2753024532317688,0.02454251668252169,0.2231638418079096,0.30985915492957744,0.06838147444446879,0.0033066895042344613,False,,,not_covered_by_the_possession_sensitivity_analysis
shooting,shooting_pct,True,6,8,WHP,Whipsnakes,11,0.26881720430107525,shots,465.0,0.2704456403279809,0.2753024532317688,0.02454251668252169,0.2231638418079096,0.30985915492957744,-0.06635163165908611,0.023681017530647247,False,,,not_covered_by_the_possession_sensitivity_analysis
shooting,shooting_pct,True,7,8,RED,Redwoods,12,0.245136186770428,shots,514.0,0.2704456403279809,0.2753024532317688,0.02454251668252169,0.2231638418079096,0.30985915492957744,-1.0312493166431216,0.021972344962518403,False,,,not_covered_by_the_possession_sensitivity_analysis
shooting,shooting_pct,True,8,8,CHR,Chrome,10,0.2231638418079096,shots,354.0,0.2704456403279809,0.2753024532317688,0.02454251668252169,0.2231638418079096,0.30985915492957744,-1.926526082540823,,False,,,not_covered_by_the_possession_sensitivity_analysis
shooting,shots_on_goal_pct,True,1,8,WAT,Waterdogs,13,0.6448763250883393,shots,566.0,0.6250683024010139,0.627938764352105,0.015821268397079813,0.6011673151750972,0.6448763250883393,1.2519870209003872,0.003025218448500233,False,,,not_covered_by_the_possession_sensitivity_analysis
shooting,shots_on_goal_pct,True,2,8,CAN,Cannons,12,0.641851106639839,shots,497.0,0.6250683024010139,0.627938764352105,0.015821268397079813,0.6011673151750972,0.6448763250883393,1.0607748896999198,0.0067159715047039326,False,,,not_covered_by_the_possession_sensitivity_analysis
shooting,shots_on_goal_pct,True,3,8,ATL,Atlas,11,0.6351351351351351,shots,444.0,0.6250683024010139,0.627938764352105,0.015821268397079813,0.6011673151750972,0.6448763250883393,0.6362848086174497,0.0007265329845974611,False,,,not_covered_by_the_possession_sensitivity_analysis
shooting,shots_on_goal_pct,True,4,8,WHP,Whipsnakes,11,0.6344086021505376,shots,465.0,0.6250683024010139,0.627938764352105,0.015821268397079813,0.6011673151750972,0.6448763250883393,0.5903635230186566,0.012939675596865263,False,,,not_covered_by_the_possession_sensitivity_analysis
shooting,shots_on_goal_pct,True,5,8,CHR,Chrome,10,0.6214689265536724,shots,354.0,0.6250683024010139,0.627938764352105,0.015821268397079813,0.6011673151750972,0.6448763250883393,-0.22750235676463462,0.0019999000049998328,False,,,not_covered_by_the_possession_sensitivity_analysis
shooting,shots_on_goal_pct,True,6,8,CHA,Chaos,11,0.6194690265486725,shots,452.0,0.6250683024010139,0.627938764352105,0.015821268397079813,0.6011673151750972,0.6448763250883393,-0.353908151471269,0.017299044631855165,False,,,not_covered_by_the_possession_sensitivity_analysis
shooting,shots_on_goal_pct,True,7,8,ARC,Archers,12,0.6021699819168174,shots,553.0,0.6250683024010139,0.627938764352105,0.015821268397079813,0.6011673151750972,0.6448763250883393,-1.4473125611359272,0.0010026667417201152,False,,,not_covered_by_the_possession_sensitivity_analysis
shooting,shots_on_goal_pct,True,8,8,RED,Redwoods,12,0.6011673151750972,shots,514.0,0.6250683024010139,0.627938764352105,0.015821268397079813,0.6011673151750972,0.6448763250883393,-1.5106871728646036,,False,,,not_covered_by_the_possession_sensitivity_analysis
shooting,shots_per_possession,True,1,8,WAT,Waterdogs,13,0.987783595113438,offensive_possessions,573.0,0.9124038195750639,0.9283486121721416,0.06225148283860564,0.8058076225045372,0.987783595113438,1.2108912446921976,0.007507460991150072,False,4.0,2,possession-ambiguity rank churn was tested by the Phase 5 null model and was not significant for any metric (p 0.135-0.922); levels ARE subset-dependent
shooting,shots_per_possession,True,2,8,CAN,Cannons,12,0.980276134122288,offensive_possessions,507.0,0.9124038195750639,0.9283486121721416,0.06225148283860564,0.8058076225045372,0.987783595113438,1.0902923344523554,0.03898058756358358,False,4.0,2,possession-ambiguity rank churn was tested by the Phase 5 null model and was not significant for any metric (p 0.135-0.922); levels ARE subset-dependent
shooting,shots_per_possession,True,3,8,WHP,Whipsnakes,11,0.9412955465587044,offensive_possessions,494.0,0.9124038195750639,0.9283486121721416,0.06225148283860564,0.8058076225045372,0.987783595113438,0.4641130727527526,0.0008193560825139334,False,4.0,2,possession-ambiguity rank churn was tested by the Phase 5 null model and was not significant for any metric (p 0.135-0.922); levels ARE subset-dependent
shooting,shots_per_possession,True,4,8,ARC,Archers,12,0.9404761904761905,offensive_possessions,588.0,0.9124038195750639,0.9283486121721416,0.06225148283860564,0.8058076225045372,0.987783595113438,0.4509510395745517,0.02425515660809774,False,4.0,2,possession-ambiguity rank churn was tested by the Phase 5 null model and was not significant for any metric (p 0.135-0.922); levels ARE subset-dependent
shooting,shots_per_possession,True,5,8,RED,Redwoods,12,0.9162210338680927,offensive_possessions,561.0,0.9124038195750639,0.9283486121721416,0.06225148283860564,0.8058076225045372,0.987783595113438,0.061319250867090475,0.014025425085657628,False,4.0,2,possession-ambiguity rank churn was tested by the Phase 5 null model and was not significant for any metric (p 0.135-0.922); levels ARE subset-dependent
shooting,shots_per_possession,True,6,8,CHA,Chaos,11,0.9021956087824351,offensive_possessions,501.0,0.9124038195750639,0.9283486121721416,0.06225148283860564,0.8058076225045372,0.987783595113438,-0.16398341577010767,0.07702078360760989,False,4.0,2,possession-ambiguity rank churn was tested by the Phase 5 null model and was not significant for any metric (p 0.135-0.922); levels ARE subset-dependent
shooting,shots_per_possession,True,7,8,CHR,Chrome,10,0.8251748251748252,offensive_possessions,429.0,0.9124038195750639,0.9283486121721416,0.06225148283860564,0.8058076225045372,0.987783595113438,-1.4012356079354802,0.01936720267028802,False,4.0,2,possession-ambiguity rank churn was tested by the Phase 5 null model and was not significant for any metric (p 0.135-0.922); levels ARE subset-dependent
shooting,shots_per_possession,True,8,8,ATL,Atlas,11,0.8058076225045372,offensive_possessions,551.0,0.9124038195750639,0.9283486121721416,0.06225148283860564,0.8058076225045372,0.987783595113438,-1.71234791863336,,False,4.0,2,possession-ambiguity rank churn was tested by the Phase 5 null model and was not significant for any metric (p 0.135-0.922); levels ARE subset-dependent
two_point,points_per_two_point_attempt,True,1,8,CAN,Cannons,12,0.45454545454545453,two_point_attempts,66.0,0.2841277738246311,0.2763157894736842,0.1272928187604354,0.09302325581395349,0.45454545454545453,1.3387847199891836,0.01704545454545453,False,,,not_covered_by_the_possession_sensitivity_analysis
two_point,points_per_two_point_attempt,True,2,8,WAT,Waterdogs,13,0.4375,two_point_attempts,64.0,0.2841277738246311,0.2763157894736842,0.1272928187604354,0.09302325581395349,0.45454545454545453,1.2048772874141063,0.057753164556962,False,,,not_covered_by_the_possession_sensitivity_analysis
two_point,points_per_two_point_attempt,True,3,8,WHP,Whipsnakes,11,0.379746835443038,two_point_attempts,79.0,0.2841277738246311,0.2763157894736842,0.1272928187604354,0.09302325581395349,0.45454545454545453,0.7511740453981272,0.037641572285143254,False,,,not_covered_by_the_possession_sensitivity_analysis
two_point,points_per_two_point_attempt,True,4,8,ARC,Archers,12,0.34210526315789475,two_point_attempts,76.0,0.2841277738246311,0.2763157894736842,0.1272928187604354,0.09302325581395349,0.45454545454545453,0.4554655156342876,0.13157894736842107,False,,,not_covered_by_the_possession_sensitivity_analysis
two_point,points_per_two_point_attempt,True,5,8,CHA,Chaos,11,0.21052631578947367,two_point_attempts,57.0,0.2841277738246311,0.2763157894736842,0.1272928187604354,0.09302325581395349,0.45454545454545453,-0.5782058937171868,0.031421838177533384,False,,,not_covered_by_the_possession_sensitivity_analysis
two_point,points_per_two_point_attempt,True,6,8,RED,Redwoods,12,0.1791044776119403,two_point_attempts,67.0,0.2841277738246311,0.2763157894736842,0.1272928187604354,0.09302325581395349,0.45454545454545453,-0.825052797442912,0.002633889376646159,False,,,not_covered_by_the_possession_sensitivity_analysis
two_point,points_per_two_point_attempt,True,7,8,ATL,Atlas,11,0.17647058823529413,two_point_attempts,68.0,0.2841277738246311,0.2763157894736842,0.1272928187604354,0.09302325581395349,0.45454545454545453,-0.8457443761375683,0.08344733242134064,False,,,not_covered_by_the_possession_sensitivity_analysis
two_point,points_per_two_point_attempt,True,8,8,CHR,Chrome,10,0.09302325581395349,two_point_attempts,43.0,0.2841277738246311,0.2763157894736842,0.1272928187604354,0.09302325581395349,0.45454545454545453,-1.5012985011380382,,False,,,not_covered_by_the_possession_sensitivity_analysis
two_point,two_point_attempt_rate,True,1,8,WHP,Whipsnakes,11,0.16989247311827957,shots,465.0,0.13553426447051253,0.13157348761831691,0.017029602008550616,0.11307420494699646,0.16989247311827957,2.0175579341499392,0.016739319965126426,False,,,not_covered_by_the_possession_sensitivity_analysis
two_point,two_point_attempt_rate,True,2,8,ATL,Atlas,11,0.15315315315315314,shots,444.0,0.13553426447051253,0.13157348761831691,0.017029602008550616,0.11307420494699646,0.16989247311827957,1.0346036668263952,0.01572096508805368,False,,,not_covered_by_the_possession_sensitivity_analysis
two_point,two_point_attempt_rate,True,3,8,ARC,Archers,12,0.13743218806509946,shots,553.0,0.13553426447051253,0.13157348761831691,0.017029602008550616,0.11307420494699646,0.16989247311827957,0.11144849971443711,0.004635407380994827,False,,,not_covered_by_the_possession_sensitivity_analysis
two_point,two_point_attempt_rate,True,4,8,CAN,Cannons,12,0.13279678068410464,shots,497.0,0.13553426447051253,0.13157348761831691,0.017029602008550616,0.11307420494699646,0.16989247311827957,-0.16074854744305808,0.0024465861315754456,False,,,not_covered_by_the_possession_sensitivity_analysis
two_point,two_point_attempt_rate,True,5,8,RED,Redwoods,12,0.1303501945525292,shots,514.0,0.13553426447051253,0.13157348761831691,0.017029602008550616,0.11307420494699646,0.16989247311827957,-0.30441521272079075,0.004243999862263703,False,,,not_covered_by_the_possession_sensitivity_analysis
two_point,two_point_attempt_rate,True,6,8,CHA,Chaos,11,0.1261061946902655,shots,452.0,0.13553426447051253,0.13157348761831691,0.017029602008550616,0.11307420494699646,0.16989247311827957,-0.553628310016475,0.004637268136593167,False,,,not_covered_by_the_possession_sensitivity_analysis
two_point,two_point_attempt_rate,True,7,8,CHR,Chrome,10,0.12146892655367232,shots,354.0,0.13553426447051253,0.13157348761831691,0.017029602008550616,0.11307420494699646,0.16989247311827957,-0.8259346231214306,0.008394721606675856,False,,,not_covered_by_the_possession_sensitivity_analysis
two_point,two_point_attempt_rate,True,8,8,WAT,Waterdogs,13,0.11307420494699646,shots,566.0,0.13553426447051253,0.13157348761831691,0.017029602008550616,0.11307420494699646,0.16989247311827957,-1.318883407389016,,False,,,not_covered_by_the_possession_sensitivity_analysis
two_point,two_point_conversion_pct,True,1,8,CAN,Cannons,12,0.22727272727272727,two_point_attempts,66.0,0.14206388691231556,0.1381578947368421,0.0636464093802177,0.046511627906976744,0.22727272727272727,1.3387847199891836,0.008522727272727265,False,,,not_covered_by_the_possession_sensitivity_analysis
two_point,two_point_conversion_pct,True,2,8,WAT,Waterdogs,13,0.21875,two_point_attempts,64.0,0.14206388691231556,0.1381578947368421,0.0636464093802177,0.046511627906976744,0.22727272727272727,1.2048772874141063,0.028876582278481,False,,,not_covered_by_the_possession_sensitivity_analysis
two_point,two_point_conversion_pct,True,3,8,WHP,Whipsnakes,11,0.189873417721519,two_point_attempts,79.0,0.14206388691231556,0.1381578947368421,0.0636464093802177,0.046511627906976744,0.22727272727272727,0.7511740453981272,0.018820786142571627,False,,,not_covered_by_the_possession_sensitivity_analysis
two_point,two_point_conversion_pct,True,4,8,ARC,Archers,12,0.17105263157894737,two_point_attempts,76.0,0.14206388691231556,0.1381578947368421,0.0636464093802177,0.046511627906976744,0.22727272727272727,0.4554655156342876,0.06578947368421054,False,,,not_covered_by_the_possession_sensitivity_analysis
two_point,two_point_conversion_pct,True,5,8,CHA,Chaos,11,0.10526315789473684,two_point_attempts,57.0,0.14206388691231556,0.1381578947368421,0.0636464093802177,0.046511627906976744,0.22727272727272727,-0.5782058937171868,0.015710919088766692,False,,,not_covered_by_the_possession_sensitivity_analysis
two_point,two_point_conversion_pct,True,6,8,RED,Redwoods,12,0.08955223880597014,two_point_attempts,67.0,0.14206388691231556,0.1381578947368421,0.0636464093802177,0.046511627906976744,0.22727272727272727,-0.825052797442912,0.0013169446883230795,False,,,not_covered_by_the_possession_sensitivity_analysis
two_point,two_point_conversion_pct,True,7,8,ATL,Atlas,11,0.08823529411764706,two_point_attempts,68.0,0.14206388691231556,0.1381578947368421,0.0636464093802177,0.046511627906976744,0.22727272727272727,-0.8457443761375683,0.04172366621067032,False,,,not_covered_by_the_possession_sensitivity_analysis
two_point,two_point_conversion_pct,True,8,8,CHR,Chrome,10,0.046511627906976744,two_point_attempts,43.0,0.14206388691231556,0.1381578947368421,0.0636464093802177,0.046511627906976744,0.22727272727272727,-1.5012985011380382,,False,,,not_covered_by_the_possession_sensitivity_analysis
two_point,two_point_minus_one_point_return,True,1,8,WAT,Waterdogs,13,0.14467131474103584,two_point_attempts,64.0,-0.006452570786356648,-0.019584218487465388,0.11618726496063854,-0.15456516862334554,0.14467131474103584,1.3006923398927552,0.012631660659618404,False,,,not_covered_by_the_possession_sensitivity_analysis
two_point,two_point_minus_one_point_return,True,2,8,CAN,Cannons,12,0.13203965408141743,two_point_attempts,66.0,-0.006452570786356648,-0.019584218487465388,0.11618726496063854,-0.15456516862334554,0.14467131474103584,1.1919742229468258,0.03726691190262815,False,,,not_covered_by_the_possession_sensitivity_analysis
two_point,two_point_minus_one_point_return,True,3,8,WHP,Whipsnakes,11,0.09477274217878928,two_point_attempts,79.0,-0.006452570786356648,-0.019584218487465388,0.11618726496063854,-0.15456516862334554,0.14467131474103584,0.8712255426568363,0.048264963297624086,False,,,not_covered_by_the_possession_sensitivity_analysis
two_point,two_point_minus_one_point_return,True,4,8,ARC,Archers,12,0.046507778881165196,two_point_attempts,76.0,-0.006452570786356648,-0.019584218487465388,0.11618726496063854,-0.15456516862334554,0.14467131474103584,0.45581888587758346,0.13218399473726117,False,,,not_covered_by_the_possession_sensitivity_analysis
two_point,two_point_minus_one_point_return,True,5,8,CHA,Chaos,11,-0.08567621585609597,two_point_attempts,57.0,-0.006452570786356648,-0.019584218487465388,0.11618726496063854,-0.15456516862334554,0.14467131474103584,-0.6818616919554685,0.0036756823708899156,False,,,not_covered_by_the_possession_sensitivity_analysis
two_point,two_point_minus_one_point_return,True,6,8,RED,Redwoods,12,-0.08935189822698589,two_point_attempts,67.0,-0.006452570786356648,-0.019584218487465388,0.11618726496063854,-0.15456516862334554,0.14467131474103584,-0.713497537520257,0.05066687523984764,False,,,not_covered_by_the_possession_sensitivity_analysis
two_point,two_point_minus_one_point_return,True,7,8,ATL,Atlas,11,-0.14001877346683353,two_point_attempts,68.0,-0.006452570786356648,-0.019584218487465388,0.11618726496063854,-0.15456516862334554,0.14467131474103584,-1.1495769585911668,0.014546395156512015,False,,,not_covered_by_the_possession_sensitivity_analysis
two_point,two_point_minus_one_point_return,True,8,8,CHR,Chrome,10,-0.15456516862334554,two_point_attempts,43.0,-0.006452570786356648,-0.019584218487465388,0.11618726496063854,-0.15456516862334554,0.14467131474103584,-1.2747748033071087,,False,,,not_covered_by_the_possession_sensitivity_analysis
two_point,two_point_points_share,True,1,8,WHP,Whipsnakes,11,0.21428571428571427,points,140.0,0.1290509057683944,0.12435593928422226,0.052181518565365535,0.04938271604938271,0.21428571428571427,1.6334290542071885,0.036770921386306,False,,,not_covered_by_the_possession_sensitivity_analysis
two_point,two_point_points_share,True,2,8,CAN,Cannons,12,0.17751479289940827,points,169.0,0.1290509057683944,0.12435593928422226,0.052181518565365535,0.04938271604938271,0.21428571428571427,0.9287557829560912,0.01751479289940827,False,,,not_covered_by_the_possession_sensitivity_analysis
two_point,two_point_points_share,True,3,8,WAT,Waterdogs,13,0.16,points,175.0,0.1290509057683944,0.12435593928422226,0.052181518565365535,0.04938271604938271,0.21428571428571427,0.5931045144429251,0.004311377245508979,False,,,not_covered_by_the_possession_sensitivity_analysis
two_point,two_point_points_share,True,4,8,ARC,Archers,12,0.15568862275449102,points,167.0,0.1290509057683944,0.12435593928422226,0.052181518565365535,0.04938271604938271,0.21428571428571427,0.5104818280197941,0.06266536694053754,False,,,not_covered_by_the_possession_sensitivity_analysis
two_point,two_point_points_share,True,5,8,CHA,Chaos,11,0.09302325581395349,points,129.0,0.1290509057683944,0.12435593928422226,0.052181518565365535,0.04938271604938271,0.21428571428571427,-0.6904293118512952,0.0014202023788389834,False,,,not_covered_by_the_possession_sensitivity_analysis
two_point,two_point_points_share,True,6,8,ATL,Atlas,11,0.0916030534351145,points,131.0,0.1290509057683944,0.12435593928422226,0.052181518565365535,0.04938271604938271,0.21428571428571427,-0.7176458900169911,0.0006939625260235921,False,,,not_covered_by_the_possession_sensitivity_analysis
two_point,two_point_points_share,True,7,8,RED,Redwoods,12,0.09090909090909091,points,132.0,0.1290509057683944,0.12435593928422226,0.052181518565365535,0.04938271604938271,0.21428571428571427,-0.7309448998025015,0.0415263748597082,False,,,not_covered_by_the_possession_sensitivity_analysis
two_point,two_point_points_share,True,8,8,CHR,Chrome,10,0.04938271604938271,points,81.0,0.1290509057683944,0.12435593928422226,0.052181518565365535,0.04938271604938271,0.21428571428571427,-1.526751077955211,,False,,,not_covered_by_the_possession_sensitivity_analysis
two_point,two_point_possession_rate,True,1,8,WHP,Whipsnakes,11,0.14979757085020243,offensive_possessions,494.0,0.1183379310398089,0.11691592987632274,0.015526978683167644,0.09557109557109557,0.14979757085020243,2.0261275842735604,0.020545870169930314,False,4.0,1,possession-ambiguity rank churn was tested by the Phase 5 null model and was not significant for any metric (p 0.135-0.922); levels ARE subset-dependent
two_point,two_point_possession_rate,True,2,8,ARC,Archers,12,0.1292517006802721,offensive_possessions,588.0,0.1183379310398089,0.11691592987632274,0.015526978683167644,0.09557109557109557,0.14979757085020243,0.7028907466907597,0.0049913456506863185,False,4.0,1,possession-ambiguity rank churn was tested by the Phase 5 null model and was not significant for any metric (p 0.135-0.922); levels ARE subset-dependent
two_point,two_point_possession_rate,True,3,8,CAN,Cannons,12,0.1242603550295858,offensive_possessions,507.0,0.1183379310398089,0.11691592987632274,0.015526978683167644,0.09557109557109557,0.14979757085020243,0.381427971959363,0.006293022906173812,False,4.0,1,possession-ambiguity rank churn was tested by the Phase 5 null model and was not significant for any metric (p 0.135-0.922); levels ARE subset-dependent
two_point,two_point_possession_rate,True,4,8,ATL,Atlas,11,0.11796733212341198,offensive_possessions,551.0,0.1183379310398089,0.11691592987632274,0.015526978683167644,0.09557109557109557,0.14979757085020243,-0.023868063707633745,0.0021028044941784757,False,4.0,1,possession-ambiguity rank churn was tested by the Phase 5 null model and was not significant for any metric (p 0.135-0.922); levels ARE subset-dependent
two_point,two_point_possession_rate,True,5,8,RED,Redwoods,12,0.11586452762923351,offensive_possessions,561.0,0.1183379310398089,0.11691592987632274,0.015526978683167644,0.09557109557109557,0.14979757085020243,-0.15929714731023226,0.007662084348256201,False,4.0,1,possession-ambiguity rank churn was tested by the Phase 5 null model and was not significant for any metric (p 0.135-0.922); levels ARE subset-dependent
two_point,two_point_possession_rate,True,6,8,WAT,Waterdogs,13,0.1082024432809773,offensive_possessions,573.0,0.1183379310398089,0.11691592987632274,0.015526978683167644,0.09557109557109557,0.14979757085020243,-0.6527662570838193,0.0024140201272846856,False,4.0,1,possession-ambiguity rank churn was tested by the Phase 5 null model and was not significant for any metric (p 0.135-0.922); levels ARE subset-dependent
two_point,two_point_possession_rate,True,7,8,CHA,Chaos,11,0.10578842315369262,offensive_possessions,501.0,0.1183379310398089,0.11691592987632274,0.015526978683167644,0.09557109557109557,0.14979757085020243,-0.8082388816390174,0.010217327582597052,False,4.0,1,possession-ambiguity rank churn was tested by the Phase 5 null model and was not significant for any metric (p 0.135-0.922); levels ARE subset-dependent
two_point,two_point_possession_rate,True,8,8,CHR,Chrome,10,0.09557109557109557,offensive_possessions,429.0,0.1183379310398089,0.11691592987632274,0.015526978683167644,0.09557109557109557,0.14979757085020243,-1.4662759531829723,,False,4.0,1,possession-ambiguity rank churn was tested by the Phase 5 null model and was not significant for any metric (p 0.135-0.922); levels ARE subset-dependent
