season,player_id,team_id,aggregation_level,player_name,positions,games_played,shots,a1,a2,g1,g2,sog,unresolved_sog,p1,p2,scoring_points,shooting_pct,shots_on_goal_pct,scoring_points_per_shot,shooting_value_above_expected
2025,000201,ALL,SEASON,Adam Ghitelman,G,1,0,0,0,0,0,0,0,0.290166204986,0.147252747253,0,,,,
2025,000201,CAN,STINT,Adam Ghitelman,G,1,0,0,0,0,0,0,0,0.290166204986,0.147252747253,0,,,,
2025,000216,ALL,SEASON,Marcus Holman,A,10,55,36,19,9,5,34,3,0.290166204986,0.147252747253,19,0.254545454545,0.618181818182,0.345454545455,2.95841222489
2025,000216,CAN,STINT,Marcus Holman,A,10,55,36,19,9,5,34,3,0.290166204986,0.147252747253,19,0.254545454545,0.618181818182,0.345454545455,2.95841222489
2025,000221,ALL,SEASON,Ryan Ambler,M,9,19,18,1,7,0,11,1,0.290166204986,0.147252747253,7,0.368421052632,0.578947368421,0.368421052632,1.48250281574
2025,000221,ARC,STINT,Ryan Ambler,M,9,19,18,1,7,0,11,1,0.290166204986,0.147252747253,7,0.368421052632,0.578947368421,0.368421052632,1.48250281574
2025,000225,ALL,SEASON,Tom Schreiber,M,8,34,31,3,6,0,18,2,0.290166204986,0.147252747253,6,0.176470588235,0.529411764706,0.176470588235,-3.87866883809
2025,000225,ARC,STINT,Tom Schreiber,M,8,34,31,3,6,0,18,2,0.290166204986,0.147252747253,6,0.176470588235,0.529411764706,0.176470588235,-3.87866883809
2025,000227,ALL,SEASON,Will Manny,A,5,23,23,0,7,0,16,2,0.290166204986,0.147252747253,7,0.304347826087,0.695652173913,0.304347826087,0.326177285319
2025,000227,CAN,STINT,Will Manny,A,5,23,23,0,7,0,16,2,0.290166204986,0.147252747253,7,0.304347826087,0.695652173913,0.304347826087,0.326177285319
2025,000234,ALL,SEASON,Eric Law,A,1,0,0,0,0,0,0,0,0.290166204986,0.147252747253,0,,,,
2025,000234,OUT,STINT,Eric Law,A,1,0,0,0,0,0,0,0,0.290166204986,0.147252747253,0,,,,
2025,000240,ALL,SEASON,Kieran McArdle,A,10,52,52,0,19,0,40,1,0.290166204986,0.147252747253,19,0.365384615385,0.769230769231,0.365384615385,3.91135734072
2025,000240,WAT,STINT,Kieran McArdle,A,10,52,52,0,19,0,40,1,0.290166204986,0.147252747253,19,0.365384615385,0.769230769231,0.365384615385,3.91135734072
2025,000254,ALL,SEASON,Trevor Baptiste,FO,10,14,14,0,4,0,10,0,0.290166204986,0.147252747253,4,0.285714285714,0.714285714286,0.285714285714,-0.0623268698061
2025,000254,ATL,STINT,Trevor Baptiste,FO,10,14,14,0,4,0,10,0,0.290166204986,0.147252747253,4,0.285714285714,0.714285714286,0.285714285714,-0.0623268698061
2025,000258,ALL,SEASON,Blaze Riorden,G,10,4,0,4,0,0,3,0,0.290166204986,0.147252747253,0,0,0.75,0,-1.17802197802
2025,000258,CHA,STINT,Blaze Riorden,G,10,4,0,4,0,0,3,0,0.290166204986,0.147252747253,0,0,0.75,0,-1.17802197802
2025,000262,ALL,SEASON,Connor Fields,A,10,47,47,0,14,0,31,1,0.290166204986,0.147252747253,14,0.297872340426,0.659574468085,0.297872340426,0.362188365651
2025,000262,ARC,STINT,Connor Fields,A,10,47,47,0,14,0,31,1,0.290166204986,0.147252747253,14,0.297872340426,0.659574468085,0.297872340426,0.362188365651
2025,000269,ALL,SEASON,Jarrod Neumann,D,10,6,0,6,0,2,4,0,0.290166204986,0.147252747253,4,0.333333333333,0.666666666667,0.666666666667,2.23296703297
2025,000269,CHA,STINT,Jarrod Neumann,D,10,6,0,6,0,2,4,0,0.290166204986,0.147252747253,4,0.333333333333,0.666666666667,0.666666666667,2.23296703297
2025,000275,ALL,SEASON,Mark Glicini,SSDM,10,7,5,2,1,1,5,0,0.290166204986,0.147252747253,3,0.285714285714,0.714285714286,0.428571428571,0.960157986058
2025,000275,CHA,STINT,Mark Glicini,SSDM,10,7,5,2,1,1,5,0,0.290166204986,0.147252747253,3,0.285714285714,0.714285714286,0.428571428571,0.960157986058
2025,000278,ALL,SEASON,Myles Jones,M,3,5,5,0,1,0,3,0,0.290166204986,0.147252747253,1,0.2,0.6,0.2,-0.450831024931
2025,000278,ATL,STINT,Myles Jones,M,3,5,5,0,1,0,3,0,0.290166204986,0.147252747253,1,0.2,0.6,0.2,-0.450831024931
2025,000279,ALL,SEASON,Patrick Resch,SSDM,3,0,0,0,0,0,0,0,0.290166204986,0.147252747253,0,,,,
2025,000279,ARC,STINT,Patrick Resch,SSDM,1,0,0,0,0,0,0,0,0.290166204986,0.147252747253,0,,,,
2025,000279,CHA,STINT,Patrick Resch,SSDM,2,0,0,0,0,0,0,0,0.290166204986,0.147252747253,0,,,,
2025,000281,ALL,SEASON,Troy Reh,LSM,10,4,2,2,1,0,1,0,0.290166204986,0.147252747253,1,0.25,0.25,0.25,-0.169343398983
2025,000281,CHA,STINT,Troy Reh,LSM,10,4,2,2,1,0,1,0,0.290166204986,0.147252747253,1,0.25,0.25,0.25,-0.169343398983
2025,000302,ALL,SEASON,Michael Manley,D,10,6,3,3,2,1,3,0,0.290166204986,0.147252747253,4,0.5,0.5,0.666666666667,2.24598490153
2025,000302,OUT,STINT,Michael Manley,D,10,6,3,3,2,1,3,0,0.290166204986,0.147252747253,4,0.5,0.5,0.666666666667,2.24598490153
2025,000305,ALL,SEASON,Romar Dennis,M,8,42,17,25,1,4,21,0,0.290166204986,0.147252747253,9,0.119047619048,0.5,0.214285714286,-3.2954628474
2025,000305,RED,STINT,Romar Dennis,M,8,42,17,25,1,4,21,0,0.290166204986,0.147252747253,9,0.119047619048,0.5,0.214285714286,-3.2954628474
2025,000315,ALL,SEASON,Garrett Epple,D,10,2,0,2,0,0,0,0,0.290166204986,0.147252747253,0,0,0,0,-0.589010989011
2025,000315,CAN,STINT,Garrett Epple,D,10,2,0,2,0,0,0,0,0.290166204986,0.147252747253,0,0,0,0,-0.589010989011
2025,000333,ALL,SEASON,Sergio Perkovic,M,7,31,21,10,4,1,19,2,0.290166204986,0.147252747253,6,0.161290322581,0.612903225806,0.193548387097,-3.03854524976
2025,000333,CHA,STINT,Sergio Perkovic,M,7,31,21,10,4,1,19,2,0.290166204986,0.147252747253,6,0.161290322581,0.612903225806,0.193548387097,-3.03854524976
2025,000337,ALL,SEASON,Bryce Young,D,10,0,0,0,0,0,0,0,0.290166204986,0.147252747253,0,,,,
2025,000337,CAN,STINT,Bryce Young,D,10,0,0,0,0,0,0,0,0.290166204986,0.147252747253,0,,,,
2025,000339,ALL,SEASON,Connor Kelly,M,10,61,44,17,7,3,25,3,0.290166204986,0.147252747253,13,0.16393442623,0.409836065574,0.213114754098,-4.77390642598
2025,000339,WAT,STINT,Connor Kelly,M,10,61,44,17,7,3,25,3,0.290166204986,0.147252747253,13,0.16393442623,0.409836065574,0.213114754098,-4.77390642598
2025,000345,ALL,SEASON,Jake Bernhardt,SSDM,10,5,2,3,0,1,2,0,0.290166204986,0.147252747253,2,0.2,0.4,0.4,0.536151106511
2025,000345,WHP,STINT,Jake Bernhardt,SSDM,10,5,2,3,0,1,2,0,0.290166204986,0.147252747253,2,0.2,0.4,0.4,0.536151106511
2025,000350,ALL,SEASON,Joseph Nardella,FO,10,5,5,0,2,0,3,0,0.290166204986,0.147252747253,2,0.4,0.6,0.4,0.549168975069
2025,000350,WHP,STINT,Joseph Nardella,FO,10,5,5,0,2,0,3,0,0.290166204986,0.147252747253,2,0.4,0.6,0.4,0.549168975069
2025,000351,ALL,SEASON,Jules Heningburg,M,4,11,9,2,1,1,4,2,0.290166204986,0.147252747253,3,0.181818181818,0.363636363636,0.272727272727,-0.200506833886
2025,000351,CAN,STINT,Jules Heningburg,M,4,11,9,2,1,1,4,2,0.290166204986,0.147252747253,3,0.181818181818,0.363636363636,0.272727272727,-0.200506833886
2025,000354,ALL,SEASON,Matt Rambo,A,6,16,16,0,0,0,8,2,0.290166204986,0.147252747253,0,0,0.5,0,-4.64265927978
2025,000354,WHP,STINT,Matt Rambo,A,6,16,16,0,0,0,8,2,0.290166204986,0.147252747253,0,0,0.5,0,-4.64265927978
2025,000355,ALL,SEASON,Matthew Dunn,D,10,5,2,3,1,0,4,0,0.290166204986,0.147252747253,1,0.2,0.8,0.2,-0.463848893489
2025,000355,WHP,STINT,Matthew Dunn,D,10,5,2,3,1,0,4,0,0.290166204986,0.147252747253,1,0.2,0.8,0.2,-0.463848893489
2025,000358,ALL,SEASON,Ryan Drenner,M,10,39,37,2,18,0,24,0,0.290166204986,0.147252747253,18,0.461538461538,0.615384615385,0.461538461538,6.6748394265
2025,000358,CAN,STINT,Ryan Drenner,M,10,39,37,2,18,0,24,0,0.290166204986,0.147252747253,18,0.461538461538,0.615384615385,0.461538461538,6.6748394265
2025,000359,ALL,SEASON,Tim Muller,D,10,2,2,0,0,0,1,0,0.290166204986,0.147252747253,0,0,0.5,0,-0.580332409972
2025,000359,WHP,STINT,Tim Muller,D,10,2,2,0,0,0,1,0,0.290166204986,0.147252747253,0,0,0.5,0,-0.580332409972
2025,000365,ALL,SEASON,Jack Rowlett,D,10,0,0,0,0,0,0,0,0.290166204986,0.147252747253,0,,,,
2025,000365,CHA,STINT,Jack Rowlett,D,10,0,0,0,0,0,0,0,0.290166204986,0.147252747253,0,,,,
2025,000373,ALL,SEASON,Ryder Garnsey,A,10,48,43,5,14,0,35,4,0.290166204986,0.147252747253,14,0.291666666667,0.729166666667,0.291666666667,0.0503257130681
2025,000373,RED,STINT,Ryder Garnsey,A,10,48,43,5,14,0,35,4,0.290166204986,0.147252747253,14,0.291666666667,0.729166666667,0.291666666667,0.0503257130681
2025,000390,ALL,SEASON,Brad Smith,M,10,46,31,15,6,4,24,1,0.290166204986,0.147252747253,14,0.217391304348,0.521739130435,0.304347826087,0.587265227847
2025,000390,WHP,STINT,Brad Smith,M,10,46,31,15,6,4,24,1,0.290166204986,0.147252747253,14,0.217391304348,0.521739130435,0.304347826087,0.587265227847
2025,000391,ALL,SEASON,Grant Ament,M,8,32,31,1,3,0,14,1,0.290166204986,0.147252747253,3,0.09375,0.4375,0.09375,-6.28965784908
2025,000391,ARC,STINT,Grant Ament,M,8,32,31,1,3,0,14,1,0.290166204986,0.147252747253,3,0.09375,0.4375,0.09375,-6.28965784908
2025,000395,ALL,SEASON,Bryan Costabile,M,10,62,45,17,13,3,38,3,0.290166204986,0.147252747253,19,0.258064516129,0.612903225806,0.306451612903,0.93592736903
2025,000395,ATL,STINT,Bryan Costabile,M,10,62,45,17,13,3,38,3,0.290166204986,0.147252747253,19,0.258064516129,0.612903225806,0.306451612903,0.93592736903
2025,000405,ALL,SEASON,Jesse Bernhardt,D,10,1,0,1,0,0,0,0,0.290166204986,0.147252747253,0,0,0,0,-0.294505494505
2025,000405,OUT,STINT,Jesse Bernhardt,D,10,1,0,1,0,0,0,0,0.290166204986,0.147252747253,0,0,0,0,-0.294505494505
2025,000408,ALL,SEASON,Matt DeLuca,G,6,0,0,0,0,0,0,0,0.290166204986,0.147252747253,0,,,,
2025,000408,WAT,STINT,Matt DeLuca,G,6,0,0,0,0,0,0,0,0.290166204986,0.147252747253,0,,,,
2025,000409,ALL,SEASON,Zach Currier,M,10,30,29,1,8,0,20,2,0.290166204986,0.147252747253,8,0.266666666667,0.666666666667,0.266666666667,-0.709325439104
2025,000409,WAT,STINT,Zach Currier,M,10,30,29,1,8,0,20,2,0.290166204986,0.147252747253,8,0.266666666667,0.666666666667,0.266666666667,-0.709325439104
2025,000410,ALL,SEASON,Eli Gobrecht,D,6,0,0,0,0,0,0,0,0.290166204986,0.147252747253,0,,,,
2025,000410,WAT,STINT,Eli Gobrecht,D,6,0,0,0,0,0,0,0,0.290166204986,0.147252747253,0,,,,
2025,000414,ALL,SEASON,Rob Pannell,A,8,42,42,0,7,0,27,0,0.290166204986,0.147252747253,7,0.166666666667,0.642857142857,0.166666666667,-5.18698060942
2025,000414,WHP,STINT,Rob Pannell,A,8,42,42,0,7,0,27,0,0.290166204986,0.147252747253,7,0.166666666667,0.642857142857,0.166666666667,-5.18698060942
2025,000416,ALL,SEASON,Ryland Rees,LSM,3,2,1,1,0,0,0,0,0.290166204986,0.147252747253,0,0,0,0,-0.584671699492
2025,000416,RED,STINT,Ryland Rees,LSM,2,1,1,0,0,0,0,0,0.290166204986,0.147252747253,0,0,0,0,-0.290166204986
2025,000416,WAT,STINT,Ryland Rees,LSM,1,1,0,1,0,0,0,0,0.290166204986,0.147252747253,0,0,0,0,-0.294505494505
2025,000418,ALL,SEASON,Dillon Ward,G,5,0,0,0,0,0,0,0,0.290166204986,0.147252747253,0,,,,
2025,000418,WAT,STINT,Dillon Ward,G,5,0,0,0,0,0,0,0,0.290166204986,0.147252747253,0,,,,
2025,000727,ALL,SEASON,CJ Costabile,,1,1,1,0,1,0,1,0,0.290166204986,0.147252747253,1,1,1,1,0.709833795014
2025,000727,ATL,STINT,CJ Costabile,,1,1,1,0,1,0,1,0,0.290166204986,0.147252747253,1,1,1,1,0.709833795014
2025,000815,ALL,SEASON,Austin Kaut,G,2,0,0,0,0,0,0,0,0.290166204986,0.147252747253,0,,,,
2025,000815,CHA,STINT,Austin Kaut,G,2,0,0,0,0,0,0,0,0.290166204986,0.147252747253,0,,,,
2025,000922,ALL,SEASON,Graeme Hossack,D,10,8,4,4,1,0,4,0,0.290166204986,0.147252747253,1,0.125,0.5,0.125,-1.33868679797
2025,000922,ARC,STINT,Graeme Hossack,D,10,8,4,4,1,0,4,0,0.290166204986,0.147252747253,1,0.125,0.5,0.125,-1.33868679797
2025,000978,ALL,SEASON,Kyle Jackson,M,3,10,10,0,1,0,7,2,0.290166204986,0.147252747253,1,0.1,0.7,0.1,-1.90166204986
2025,000978,ATL,STINT,Kyle Jackson,M,3,10,10,0,1,0,7,2,0.290166204986,0.147252747253,1,0.1,0.7,0.1,-1.90166204986
2025,001001,ALL,SEASON,Dylan Molloy,A,10,87,83,4,25,1,51,3,0.290166204986,0.147252747253,27,0.298850574713,0.586206896552,0.310344827586,1.73818300813
2025,001001,RED,STINT,Dylan Molloy,A,10,87,83,4,25,1,51,3,0.290166204986,0.147252747253,27,0.298850574713,0.586206896552,0.310344827586,1.73818300813
2025,001009,ALL,SEASON,Colin Heacock,M,8,27,24,3,8,0,17,2,0.290166204986,0.147252747253,8,0.296296296296,0.62962962963,0.296296296296,0.152494596816
2025,001009,WHP,STINT,Colin Heacock,M,8,27,24,3,8,0,17,2,0.290166204986,0.147252747253,8,0.296296296296,0.62962962963,0.296296296296,0.152494596816
2025,001391,ALL,SEASON,Mikie Schlosser,M,3,6,5,1,2,0,5,1,0.290166204986,0.147252747253,2,0.333333333333,0.833333333333,0.333333333333,0.254663480564
2025,001391,WAT,STINT,Mikie Schlosser,M,3,6,5,1,2,0,5,1,0.290166204986,0.147252747253,2,0.333333333333,0.833333333333,0.333333333333,0.254663480564
2025,001397,ALL,SEASON,Michael Rexrode,D,10,1,0,1,0,1,1,0,0.290166204986,0.147252747253,2,1,1,2,1.70549450549
2025,001397,ATL,STINT,Michael Rexrode,D,10,1,0,1,0,1,1,0,0.290166204986,0.147252747253,2,1,1,2,1.70549450549
2025,001406,ALL,SEASON,Ben Randall,D,10,5,3,2,1,0,4,0,0.290166204986,0.147252747253,1,0.2,0.8,0.2,-0.459509603969
2025,001406,WAT,STINT,Ben Randall,D,10,5,3,2,1,0,4,0,0.290166204986,0.147252747253,1,0.2,0.8,0.2,-0.459509603969
2025,001415,ALL,SEASON,Greg Weyl,D,2,0,0,0,0,0,0,0,0.290166204986,0.147252747253,0,,,,
2025,001415,OUT,STINT,Greg Weyl,D,2,0,0,0,0,0,0,0,0.290166204986,0.147252747253,0,,,,
2025,001661,ALL,SEASON,Warren Jeffrey,D,10,0,0,0,0,0,0,0,0.290166204986,0.147252747253,0,,,,
2025,001661,ARC,STINT,Warren Jeffrey,D,10,0,0,0,0,0,0,0,0.290166204986,0.147252747253,0,,,,
2025,001671,ALL,SEASON,Zach Goodrich,SSDM,10,0,0,0,0,0,0,0,0.290166204986,0.147252747253,0,,,,
2025,001671,CAN,STINT,Zach Goodrich,SSDM,10,0,0,0,0,0,0,0,0.290166204986,0.147252747253,0,,,,
2025,001707,ALL,SEASON,Matt Whitcher,SSDM,9,6,4,2,1,0,4,0,0.290166204986,0.147252747253,1,0.166666666667,0.666666666667,0.166666666667,-0.749675808956
2025,001707,WAT,STINT,Matt Whitcher,SSDM,9,6,4,2,1,0,4,0,0.290166204986,0.147252747253,1,0.166666666667,0.666666666667,0.166666666667,-0.749675808956
2025,001729,ALL,SEASON,Chris Aslanian,M,1,2,2,0,0,0,2,0,0.290166204986,0.147252747253,0,0,1,0,-0.580332409972
2025,001729,CHA,STINT,Chris Aslanian,M,1,2,2,0,0,0,2,0,0.290166204986,0.147252747253,0,0,1,0,-0.580332409972
2025,001733,ALL,SEASON,Charlie Hayes,SSDM,2,1,1,0,0,0,0,0,0.290166204986,0.147252747253,0,0,0,0,-0.290166204986
2025,001733,WAT,STINT,Charlie Hayes,SSDM,2,1,1,0,0,0,0,0,0.290166204986,0.147252747253,0,0,0,0,-0.290166204986
2025,001773,ALL,SEASON,Nick Washuta,G,1,0,0,0,0,0,0,0,0.290166204986,0.147252747253,0,,,,
2025,001773,ARC,STINT,Nick Washuta,G,1,0,0,0,0,0,0,0,0.290166204986,0.147252747253,0,,,,
2025,001795,ALL,SEASON,Christian Scarpello,SSDM,5,3,3,0,3,0,3,0,0.290166204986,0.147252747253,3,1,1,1,2.12950138504
2025,001795,WAT,STINT,Christian Scarpello,SSDM,5,3,3,0,3,0,3,0,0.290166204986,0.147252747253,3,1,1,1,2.12950138504
2025,001809,ALL,SEASON,Jeff Teat,A,10,69,67,2,17,0,42,5,0.290166204986,0.147252747253,17,0.246376811594,0.608695652174,0.246376811594,-3.03014672308
2025,001809,ATL,STINT,Jeff Teat,A,10,69,67,2,17,0,42,5,0.290166204986,0.147252747253,17,0.246376811594,0.608695652174,0.246376811594,-3.03014672308
2025,001810,ALL,SEASON,Michael Sowers,A,10,65,64,1,18,0,50,2,0.290166204986,0.147252747253,18,0.276923076923,0.769230769231,0.276923076923,-0.865142613619
2025,001810,WAT,STINT,Michael Sowers,A,10,65,64,1,18,0,50,2,0.290166204986,0.147252747253,18,0.276923076923,0.769230769231,0.276923076923,-0.865142613619
2025,001811,ALL,SEASON,JT Giles-Harris,D,10,2,1,1,0,0,2,0,0.290166204986,0.147252747253,0,0,1,0,-0.584671699492
2025,001811,OUT,STINT,JT Giles-Harris,D,10,2,1,1,0,0,2,0,0.290166204986,0.147252747253,0,0,1,0,-0.584671699492
2025,001812,ALL,SEASON,TD Ierlan,FO,10,12,12,0,3,0,8,0,0.290166204986,0.147252747253,3,0.25,0.666666666667,0.25,-0.481994459834
2025,001812,RED,STINT,TD Ierlan,FO,10,12,12,0,3,0,8,0,0.290166204986,0.147252747253,3,0.25,0.666666666667,0.25,-0.481994459834
2025,001813,ALL,SEASON,Jared Conners,LSM,10,8,1,7,0,1,3,0,0.290166204986,0.147252747253,2,0.125,0.375,0.25,-0.351704666525
2025,001813,RED,STINT,Jared Conners,LSM,10,8,1,7,0,1,3,0,0.290166204986,0.147252747253,2,0.125,0.375,0.25,-0.351704666525
2025,001814,ALL,SEASON,Mac O'Keefe,A,10,48,40,8,9,1,35,3,0.290166204986,0.147252747253,11,0.208333333333,0.729166666667,0.229166666667,-2.96269215549
2025,001814,ARC,STINT,Mac O'Keefe,A,10,48,40,8,9,1,35,3,0.290166204986,0.147252747253,11,0.208333333333,0.729166666667,0.229166666667,-2.96269215549
2025,001815,ALL,SEASON,Connor Kirst,M,10,29,22,7,6,1,15,3,0.290166204986,0.147252747253,8,0.241379310345,0.51724137931,0.275862068966,-0.445194971234
2025,001815,CAN,STINT,Connor Kirst,M,10,29,22,7,6,1,15,3,0.290166204986,0.147252747253,8,0.241379310345,0.51724137931,0.275862068966,-0.445194971234
2025,001816,ALL,SEASON,Dox Aitken,M,2,4,4,0,0,0,1,0,0.290166204986,0.147252747253,0,0,0.25,0,-1.16066481994
2025,001816,ATL,STINT,Dox Aitken,M,2,4,4,0,0,0,1,0,0.290166204986,0.147252747253,0,0,0.25,0,-1.16066481994
2025,001817,ALL,SEASON,Jack Kielty,D,10,1,1,0,0,0,0,0,0.290166204986,0.147252747253,0,0,0,0,-0.290166204986
2025,001817,CAN,STINT,Jack Kielty,D,10,1,1,0,0,0,0,0,0.290166204986,0.147252747253,0,0,0,0,-0.290166204986
2025,001819,ALL,SEASON,Danny Logan,SSDM,9,3,2,1,1,0,1,0,0.290166204986,0.147252747253,1,0.333333333333,0.333333333333,0.333333333333,0.125162095522
2025,001819,ATL,STINT,Danny Logan,SSDM,9,3,2,1,1,0,1,0,0.290166204986,0.147252747253,1,0.333333333333,0.333333333333,0.333333333333,0.125162095522
2025,001820,ALL,SEASON,Ryan Terefenko,SSDM,10,15,10,5,4,1,10,0,0.290166204986,0.147252747253,6,0.333333333333,0.666666666667,0.4,1.62581047761
2025,001820,OUT,STINT,Ryan Terefenko,SSDM,10,15,10,5,4,1,10,0,0.290166204986,0.147252747253,6,0.333333333333,0.666666666667,0.4,1.62581047761
2025,001821,ALL,SEASON,Tre Leclaire,M,5,23,17,6,5,0,16,3,0.290166204986,0.147252747253,5,0.217391304348,0.695652173913,0.217391304348,-1.6998584518
2025,001821,ARC,STINT,Tre Leclaire,M,5,23,17,6,5,0,16,3,0.290166204986,0.147252747253,5,0.217391304348,0.695652173913,0.217391304348,-1.6998584518
2025,001826,ALL,SEASON,Jeff Trainor,SSDM,10,15,13,2,6,0,10,0,0.290166204986,0.147252747253,6,0.4,0.666666666667,0.4,1.63882834617
2025,001826,CAN,STINT,Jeff Trainor,SSDM,10,15,13,2,6,0,10,0,0.290166204986,0.147252747253,6,0.4,0.666666666667,0.4,1.63882834617
2025,001827,ALL,SEASON,Jared Bernhardt,M,9,53,53,0,18,0,33,1,0.290166204986,0.147252747253,18,0.339622641509,0.622641509434,0.339622641509,2.62119113573
2025,001827,OUT,STINT,Jared Bernhardt,M,9,53,53,0,18,0,33,1,0.290166204986,0.147252747253,18,0.339622641509,0.622641509434,0.339622641509,2.62119113573
2025,001828,ALL,SEASON,Justin Anderson,M,10,27,24,3,9,0,14,0,0.290166204986,0.147252747253,9,0.333333333333,0.518518518519,0.333333333333,1.15249459682
2025,001828,OUT,STINT,Justin Anderson,M,10,27,24,3,9,0,14,0,0.290166204986,0.147252747253,9,0.333333333333,0.518518518519,0.333333333333,1.15249459682
2025,001831,ALL,SEASON,Colin Squires,LSM,10,1,0,1,0,0,0,0,0.290166204986,0.147252747253,0,0,0,0,-0.294505494505
2025,001831,WHP,STINT,Colin Squires,LSM,10,1,0,1,0,0,0,0,0.290166204986,0.147252747253,0,0,0,0,-0.294505494505
2025,001832,ALL,SEASON,Charlie Bertrand,M,7,26,24,2,5,0,17,0,0.290166204986,0.147252747253,5,0.192307692308,0.653846153846,0.192307692308,-2.55299990868
2025,001832,RED,STINT,Charlie Bertrand,M,7,26,24,2,5,0,17,0,0.290166204986,0.147252747253,5,0.192307692308,0.653846153846,0.192307692308,-2.55299990868
2025,001839,ALL,SEASON,Nick Grill,LSM,5,0,0,0,0,0,0,0,0.290166204986,0.147252747253,0,,,,
2025,001839,OUT,STINT,Nick Grill,LSM,5,0,0,0,0,0,0,0,0.290166204986,0.147252747253,0,,,,
2025,001846,ALL,SEASON,Adam Charalambides,A,9,50,48,2,14,0,31,3,0.290166204986,0.147252747253,14,0.28,0.62,0.28,-0.516988828346
2025,001846,CHA,STINT,Adam Charalambides,A,9,50,48,2,14,0,31,3,0.290166204986,0.147252747253,14,0.28,0.62,0.28,-0.516988828346
2025,002006,ALL,SEASON,Reid Bowering,M,7,20,20,0,10,0,17,0,0.290166204986,0.147252747253,10,0.5,0.85,0.5,4.19667590028
2025,002006,ATL,STINT,Reid Bowering,M,7,20,20,0,10,0,17,0,0.290166204986,0.147252747253,10,0.5,0.85,0.5,4.19667590028
2025,002015,ALL,SEASON,Logan Wisnauskas,A,10,43,40,3,13,0,31,2,0.290166204986,0.147252747253,13,0.302325581395,0.720930232558,0.302325581395,0.509835317038
2025,002015,OUT,STINT,Logan Wisnauskas,A,10,43,40,3,13,0,31,2,0.290166204986,0.147252747253,13,0.302325581395,0.720930232558,0.302325581395,0.509835317038
2025,002017,ALL,SEASON,Arden Cohen,LSM,8,0,0,0,0,0,0,0,0.290166204986,0.147252747253,0,,,,
2025,002017,RED,STINT,Arden Cohen,LSM,8,0,0,0,0,0,0,0,0.290166204986,0.147252747253,0,,,,
2025,002018,ALL,SEASON,Matt Moore,A,4,25,21,4,6,0,15,0,0.290166204986,0.147252747253,6,0.24,0.6,0.24,-1.27151228273
2025,002018,ARC,STINT,Matt Moore,A,4,25,21,4,6,0,15,0,0.290166204986,0.147252747253,6,0.24,0.6,0.24,-1.27151228273
2025,002019,ALL,SEASON,Koby Smith,LSM,2,0,0,0,0,0,0,0,0.290166204986,0.147252747253,0,,,,
2025,002019,ATL,STINT,Koby Smith,LSM,2,0,0,0,0,0,0,0,0.290166204986,0.147252747253,0,,,,
2025,002021,ALL,SEASON,Roman Puglise,SSDM,8,6,5,1,1,0,4,1,0.290166204986,0.147252747253,1,0.166666666667,0.666666666667,0.166666666667,-0.745336519436
2025,002021,WHP,STINT,Roman Puglise,SSDM,8,6,5,1,1,0,4,1,0.290166204986,0.147252747253,1,0.166666666667,0.666666666667,0.166666666667,-0.745336519436
2025,002022,ALL,SEASON,Zach Geddes,SSDM,10,9,8,1,2,1,7,0,0.290166204986,0.147252747253,4,0.333333333333,0.777777777778,0.444444444444,1.38416486561
2025,002022,OUT,STINT,Zach Geddes,SSDM,10,9,8,1,2,1,7,0,0.290166204986,0.147252747253,4,0.333333333333,0.777777777778,0.444444444444,1.38416486561
2025,002024,ALL,SEASON,Asher Nolting,A,10,37,37,0,10,0,23,1,0.290166204986,0.147252747253,10,0.27027027027,0.621621621622,0.27027027027,-0.736149584488
2025,002024,CAN,STINT,Asher Nolting,A,10,37,37,0,10,0,23,1,0.290166204986,0.147252747253,10,0.27027027027,0.621621621622,0.27027027027,-0.736149584488
2025,002026,ALL,SEASON,Brett Dobson,G,10,1,0,1,0,0,0,0,0.290166204986,0.147252747253,0,0,0,0,-0.294505494505
2025,002026,ARC,STINT,Brett Dobson,G,10,1,0,1,0,0,0,0,0.290166204986,0.147252747253,0,0,0,0,-0.294505494505
2025,002028,ALL,SEASON,Jack Hannah,M,10,59,52,7,15,0,35,3,0.290166204986,0.147252747253,15,0.254237288136,0.593220338983,0.254237288136,-2.15018112082
2025,002028,WAT,STINT,Jack Hannah,M,10,59,52,7,15,0,35,3,0.290166204986,0.147252747253,15,0.254237288136,0.593220338983,0.254237288136,-2.15018112082
2025,002030,ALL,SEASON,Jonathan Donville,M,5,7,7,0,2,0,5,0,0.290166204986,0.147252747253,2,0.285714285714,0.714285714286,0.285714285714,-0.031163434903
2025,002030,CAN,STINT,Jonathan Donville,M,2,3,3,0,2,0,2,0,0.290166204986,0.147252747253,2,0.666666666667,0.666666666667,0.666666666667,1.12950138504
2025,002030,OUT,STINT,Jonathan Donville,M,3,4,4,0,0,0,3,0,0.290166204986,0.147252747253,0,0,0.75,0,-1.16066481994
2025,002032,ALL,SEASON,Justin Inacio,FO,7,11,10,1,2,0,5,0,0.290166204986,0.147252747253,2,0.181818181818,0.454545454545,0.181818181818,-1.19616754437
2025,002032,CHA,STINT,Justin Inacio,FO,7,11,10,1,2,0,5,0,0.290166204986,0.147252747253,2,0.181818181818,0.454545454545,0.181818181818,-1.19616754437
2025,002038,ALL,SEASON,Colin Kirst,G,10,2,0,2,0,0,1,0,0.290166204986,0.147252747253,0,0,0.5,0,-0.589010989011
2025,002038,CAN,STINT,Colin Kirst,G,10,2,0,2,0,0,1,0,0.290166204986,0.147252747253,0,0,0.5,0,-0.589010989011
2025,002039,ALL,SEASON,Owen McElroy,G,2,0,0,0,0,0,0,0,0.290166204986,0.147252747253,0,,,,
2025,002039,OUT,STINT,Owen McElroy,G,2,0,0,0,0,0,0,0,0.290166204986,0.147252747253,0,,,,
2025,002042,ALL,SEASON,Jon Robbins,LSM,1,0,0,0,0,0,0,0,0.290166204986,0.147252747253,0,,,,
2025,002042,ARC,STINT,Jon Robbins,LSM,1,0,0,0,0,0,0,0,0.290166204986,0.147252747253,0,,,,
2025,002054,ALL,SEASON,Chris Merle,SSDM,3,1,1,0,1,0,1,0,0.290166204986,0.147252747253,1,1,1,1,0.709833795014
2025,002054,RED,STINT,Chris Merle,SSDM,3,1,1,0,1,0,1,0,0.290166204986,0.147252747253,1,1,1,1,0.709833795014
2025,002059,ALL,SEASON,Brendan Krebs,G,4,1,1,0,0,0,0,0,0.290166204986,0.147252747253,0,0,0,0,-0.290166204986
2025,002059,WHP,STINT,Brendan Krebs,G,4,1,1,0,0,0,0,0,0.290166204986,0.147252747253,0,0,0,0,-0.290166204986
2025,002067,ALL,SEASON,Zac Tucci,FO,10,13,10,3,3,1,7,0,0.290166204986,0.147252747253,5,0.307692307692,0.538461538462,0.384615384615,1.21482146662
2025,002067,CAN,STINT,Zac Tucci,FO,10,13,10,3,3,1,7,0,0.290166204986,0.147252747253,5,0.307692307692,0.538461538462,0.384615384615,1.21482146662
2025,002074,ALL,SEASON,Alexander Smith,SSDM,6,1,0,1,0,0,0,0,0.290166204986,0.147252747253,0,0,0,0,-0.294505494505
2025,002074,OUT,STINT,Alexander Smith,SSDM,6,1,0,1,0,0,0,0,0.290166204986,0.147252747253,0,0,0,0,-0.294505494505
2025,003004,ALL,SEASON,Mike Sisselberger,FO,5,5,4,1,1,0,3,0,0.290166204986,0.147252747253,1,0.2,0.6,0.2,-0.45517031445
2025,003004,ARC,STINT,Mike Sisselberger,FO,5,5,4,1,1,0,3,0,0.290166204986,0.147252747253,1,0.2,0.6,0.2,-0.45517031445
2025,003005,ALL,SEASON,Connor Maher,SSDM,10,2,1,1,1,0,1,0,0.290166204986,0.147252747253,1,0.5,0.5,0.5,0.415328300508
2025,003005,ARC,STINT,Connor Maher,SSDM,10,2,1,1,1,0,1,0,0.290166204986,0.147252747253,1,0.5,0.5,0.5,0.415328300508
2025,003006,ALL,SEASON,Piper Bond,SSDM,10,6,6,0,2,0,4,0,0.290166204986,0.147252747253,2,0.333333333333,0.666666666667,0.333333333333,0.259002770083
2025,003006,ARC,STINT,Piper Bond,SSDM,10,6,6,0,2,0,4,0,0.290166204986,0.147252747253,2,0.333333333333,0.666666666667,0.333333333333,0.259002770083
2025,003007,ALL,SEASON,Cam Wyers,D,8,3,2,1,2,0,3,0,0.290166204986,0.147252747253,2,0.666666666667,1,0.666666666667,1.12516209552
2025,003007,ARC,STINT,Cam Wyers,D,8,3,2,1,2,0,3,0,0.290166204986,0.147252747253,2,0.666666666667,1,0.666666666667,1.12516209552
2025,003008,ALL,SEASON,Gavin Adler,D,10,0,0,0,0,0,0,0,0.290166204986,0.147252747253,0,,,,
2025,003008,ATL,STINT,Gavin Adler,D,10,0,0,0,0,0,0,0,0.290166204986,0.147252747253,0,,,,
2025,003009,ALL,SEASON,Brett Makar,D,9,8,4,4,1,1,3,0,0.290166204986,0.147252747253,3,0.25,0.375,0.375,0.661313202033
2025,003009,ATL,STINT,Brett Makar,D,9,8,4,4,1,1,3,0,0.290166204986,0.147252747253,3,0.25,0.375,0.375,0.661313202033
2025,003010,ALL,SEASON,Xander Dickson,A,10,54,53,1,22,0,39,3,0.290166204986,0.147252747253,22,0.407407407407,0.722222222222,0.407407407407,6.32668564123
2025,003010,ATL,STINT,Xander Dickson,A,10,54,53,1,22,0,39,3,0.290166204986,0.147252747253,22,0.407407407407,0.722222222222,0.407407407407,6.32668564123
2025,003011,ALL,SEASON,Payton Rezanka,SSDM,3,1,1,0,0,0,0,0,0.290166204986,0.147252747253,0,0,0,0,-0.290166204986
2025,003011,ATL,STINT,Payton Rezanka,SSDM,3,1,1,0,0,0,0,0,0.290166204986,0.147252747253,0,0,0,0,-0.290166204986
2025,003013,ALL,SEASON,Matt Campbell,M,10,63,48,15,16,2,43,1,0.290166204986,0.147252747253,20,0.285714285714,0.68253968254,0.31746031746,1.65443974308
2025,003013,CAN,STINT,Matt Campbell,M,10,63,48,15,16,2,43,1,0.290166204986,0.147252747253,20,0.285714285714,0.68253968254,0.31746031746,1.65443974308
2025,003018,ALL,SEASON,Nick Rowlett,FO,3,2,2,0,0,0,0,0,0.290166204986,0.147252747253,0,0,0,0,-0.580332409972
2025,003018,CHA,STINT,Nick Rowlett,FO,3,2,2,0,0,0,0,0,0.290166204986,0.147252747253,0,0,0,0,-0.580332409972
2025,003019,ALL,SEASON,Sam Handley,M,5,22,15,7,2,1,14,1,0.290166204986,0.147252747253,4,0.136363636364,0.636363636364,0.181818181818,-2.41403153633
2025,003019,OUT,STINT,Sam Handley,,1,4,4,0,0,0,2,1,0.290166204986,0.147252747253,0,0,0.5,0,-1.16066481994
2025,003019,RED,STINT,Sam Handley,M,4,18,11,7,2,1,12,0,0.290166204986,0.147252747253,4,0.166666666667,0.666666666667,0.222222222222,-1.25336671639
2025,003022,ALL,SEASON,Cross Ferrara,M,6,22,21,1,5,0,12,1,0.290166204986,0.147252747253,5,0.227272727273,0.545454545455,0.227272727273,-1.38799579921
2025,003022,CHA,STINT,Cross Ferrara,M,6,22,21,1,5,0,12,1,0.290166204986,0.147252747253,5,0.227272727273,0.545454545455,0.227272727273,-1.38799579921
2025,003023,ALL,SEASON,Owen Grant,LSM,10,10,4,6,1,1,7,0,0.290166204986,0.147252747253,3,0.2,0.7,0.3,0.0723022130224
2025,003023,CAN,STINT,Owen Grant,LSM,10,10,4,6,1,1,7,0,0.290166204986,0.147252747253,3,0.2,0.7,0.3,0.0723022130224
2025,003024,ALL,SEASON,Brian Tevlin,SSDM,10,13,10,3,2,0,4,1,0.290166204986,0.147252747253,2,0.153846153846,0.307692307692,0.153846153846,-1.78517853338
2025,003024,RED,STINT,Brian Tevlin,SSDM,10,13,10,3,2,0,4,1,0.290166204986,0.147252747253,2,0.153846153846,0.307692307692,0.153846153846,-1.78517853338
2025,003025,ALL,SEASON,Cole Kirst,M,1,2,2,0,0,0,1,1,0.290166204986,0.147252747253,0,0,0.5,0,-0.580332409972
2025,003025,RED,STINT,Cole Kirst,M,1,2,2,0,0,0,1,1,0.290166204986,0.147252747253,0,0,0.5,0,-0.580332409972
2025,003027,ALL,SEASON,Thomas McConvey,M,10,30,29,1,13,0,23,1,0.290166204986,0.147252747253,13,0.433333333333,0.766666666667,0.433333333333,4.2906745609
2025,003027,WAT,STINT,Thomas McConvey,M,10,30,29,1,13,0,23,1,0.290166204986,0.147252747253,13,0.433333333333,0.766666666667,0.433333333333,4.2906745609
2025,003028,ALL,SEASON,Alex Mazzone,LSM,5,2,0,2,0,0,1,0,0.290166204986,0.147252747253,0,0,0.5,0,-0.589010989011
2025,003028,WHP,STINT,Alex Mazzone,LSM,5,2,0,2,0,0,1,0,0.290166204986,0.147252747253,0,0,0.5,0,-0.589010989011
2025,003029,ALL,SEASON,Chris Fake,D,10,3,0,3,0,0,2,0,0.290166204986,0.147252747253,0,0,0.666666666667,0,-0.883516483516
2025,003029,RED,STINT,Chris Fake,D,10,3,0,3,0,0,2,0,0.290166204986,0.147252747253,0,0,0.666666666667,0,-0.883516483516
2025,003039,ALL,SEASON,Chet Comizio,SSDM,9,3,3,0,0,0,1,0,0.290166204986,0.147252747253,0,0,0.333333333333,0,-0.870498614958
2025,003039,ATL,STINT,Chet Comizio,SSDM,9,3,3,0,0,0,1,0,0.290166204986,0.147252747253,0,0,0.333333333333,0,-0.870498614958
2025,003041,ALL,SEASON,Ethan Rall,LSM,10,7,4,3,1,0,5,0,0.290166204986,0.147252747253,1,0.142857142857,0.714285714286,0.142857142857,-1.04418130346
2025,003041,CAN,STINT,Ethan Rall,LSM,10,7,4,3,1,0,5,0,0.290166204986,0.147252747253,1,0.142857142857,0.714285714286,0.142857142857,-1.04418130346
2025,003048,ALL,SEASON,TJ Malone,A,10,62,60,2,17,1,42,2,0.290166204986,0.147252747253,19,0.290322580645,0.677419354839,0.306451612903,1.00101671182
2025,003048,WHP,STINT,TJ Malone,A,10,62,60,2,17,1,42,2,0.290166204986,0.147252747253,19,0.290322580645,0.677419354839,0.306451612903,1.00101671182
2025,003059,ALL,SEASON,BJ Farrare,SSDM,10,2,1,1,0,0,1,0,0.290166204986,0.147252747253,0,0,0.5,0,-0.584671699492
2025,003059,RED,STINT,BJ Farrare,SSDM,10,2,1,1,0,0,1,0,0.290166204986,0.147252747253,0,0,0.5,0,-0.584671699492
2025,003075,ALL,SEASON,Brennan O'Neill,A,10,85,75,10,20,3,49,5,0.290166204986,0.147252747253,26,0.270588235294,0.576470588235,0.305882352941,1.29247968098
2025,003075,OUT,STINT,Brennan O'Neill,A,10,85,75,10,20,3,49,5,0.290166204986,0.147252747253,26,0.270588235294,0.576470588235,0.305882352941,1.29247968098
2025,003076,ALL,SEASON,Connor Shellenberger,A,10,48,48,0,23,0,37,3,0.290166204986,0.147252747253,23,0.479166666667,0.770833333333,0.479166666667,9.07202216066
2025,003076,ATL,STINT,Connor Shellenberger,A,10,48,48,0,23,0,37,3,0.290166204986,0.147252747253,23,0.479166666667,0.770833333333,0.479166666667,9.07202216066
2025,003077,ALL,SEASON,Ajax Zappitello,D,10,3,3,0,0,0,0,0,0.290166204986,0.147252747253,0,0,0,0,-0.870498614958
2025,003077,WHP,STINT,Ajax Zappitello,D,10,3,3,0,0,0,0,0,0.290166204986,0.147252747253,0,0,0,0,-0.870498614958
2025,003078,ALL,SEASON,Shane Knobloch,M,4,22,21,1,5,1,12,2,0.290166204986,0.147252747253,7,0.272727272727,0.545454545455,0.318181818182,0.612004200785
2025,003078,CHA,STINT,Shane Knobloch,M,4,22,21,1,5,1,12,2,0.290166204986,0.147252747253,7,0.272727272727,0.545454545455,0.318181818182,0.612004200785
2025,003079,ALL,SEASON,Liam Entenmann,G,10,4,0,4,0,0,0,0,0.290166204986,0.147252747253,0,0,0,0,-1.17802197802
2025,003079,ATL,STINT,Liam Entenmann,G,10,4,0,4,0,0,0,0,0.290166204986,0.147252747253,0,0,0,0,-1.17802197802
2025,003080,ALL,SEASON,Pat Kavanagh,A,10,90,88,2,21,0,60,6,0.290166204986,0.147252747253,21,0.233333333333,0.666666666667,0.233333333333,-5.12363702779
2025,003080,OUT,STINT,Pat Kavanagh,A,10,90,88,2,21,0,60,6,0.290166204986,0.147252747253,21,0.233333333333,0.666666666667,0.233333333333,-5.12363702779
2025,003081,ALL,SEASON,Matt Brandau,M,10,58,57,1,22,0,41,2,0.290166204986,0.147252747253,22,0.379310344828,0.706896551724,0.379310344828,5.16602082128
2025,003081,WHP,STINT,Matt Brandau,M,10,58,57,1,22,0,41,2,0.290166204986,0.147252747253,22,0.379310344828,0.706896551724,0.379310344828,5.16602082128
2025,003082,ALL,SEASON,Mason Woodward,LSM,10,11,1,10,0,3,7,0,0.290166204986,0.147252747253,6,0.272727272727,0.636363636364,0.545454545455,2.76477884996
2025,003082,ARC,STINT,Mason Woodward,LSM,10,11,1,10,0,3,7,0,0.290166204986,0.147252747253,6,0.272727272727,0.636363636364,0.545454545455,2.76477884996
2025,003083,ALL,SEASON,Jake Piseno,LSM,10,15,4,11,2,3,7,0,0.290166204986,0.147252747253,8,0.333333333333,0.466666666667,0.533333333333,3.59977474049
2025,003083,OUT,STINT,Jake Piseno,LSM,10,15,4,11,2,3,7,0,0.290166204986,0.147252747253,8,0.333333333333,0.466666666667,0.533333333333,3.59977474049
2025,003084,ALL,SEASON,Jake Stevens,M,10,33,32,1,9,0,20,1,0.290166204986,0.147252747253,9,0.272727272727,0.606060606061,0.272727272727,-0.579824054062
2025,003084,ATL,STINT,Jake Stevens,M,10,33,32,1,9,0,20,1,0.290166204986,0.147252747253,9,0.272727272727,0.606060606061,0.272727272727,-0.579824054062
2025,003085,ALL,SEASON,Graham Bundy,M,10,38,16,22,1,3,22,3,0.290166204986,0.147252747253,7,0.105263157895,0.578947368421,0.184210526316,-4.1217801589
2025,003085,OUT,STINT,Graham Bundy,M,10,38,16,22,1,3,22,3,0.290166204986,0.147252747253,7,0.105263157895,0.578947368421,0.184210526316,-4.1217801589
2025,003086,ALL,SEASON,Eric Dobson,M,3,6,4,2,0,0,2,0,0.290166204986,0.147252747253,0,0,0.333333333333,0,-1.74967580896
2025,003086,CHA,STINT,Eric Dobson,M,3,6,4,2,0,0,2,0,0.290166204986,0.147252747253,0,0,0.333333333333,0,-1.74967580896
2025,003087,ALL,SEASON,Beau Pederson,SSDM,10,10,5,5,3,1,6,0,0.290166204986,0.147252747253,5,0.4,0.6,0.5,2.07664150254
2025,003087,ARC,STINT,Beau Pederson,SSDM,10,10,5,5,3,1,6,0,0.290166204986,0.147252747253,5,0.4,0.6,0.5,2.07664150254
2025,003088,ALL,SEASON,Alexander Vardaro,M,3,10,8,2,1,0,5,1,0.290166204986,0.147252747253,1,0.1,0.5,0.1,-1.9103406289
2025,003088,CAN,STINT,Alexander Vardaro,M,3,10,8,2,1,0,5,1,0.290166204986,0.147252747253,1,0.1,0.5,0.1,-1.9103406289
2025,003089,ALL,SEASON,Kenny Brower,D,8,1,0,1,0,0,1,0,0.290166204986,0.147252747253,0,0,1,0,-0.294505494505
2025,003089,WAT,STINT,Kenny Brower,D,8,1,0,1,0,0,1,0,0.290166204986,0.147252747253,0,0,1,0,-0.294505494505
2025,003090,ALL,SEASON,Dyson Williams,M,10,28,27,1,12,0,23,3,0.290166204986,0.147252747253,12,0.428571428571,0.821428571429,0.428571428571,3.87100697087
2025,003090,ARC,STINT,Dyson Williams,M,10,28,27,1,12,0,23,3,0.290166204986,0.147252747253,12,0.428571428571,0.821428571429,0.428571428571,3.87100697087
2025,003091,ALL,SEASON,Garrett Degnon,M,4,18,15,3,4,0,9,1,0.290166204986,0.147252747253,4,0.222222222222,0.5,0.222222222222,-1.23600955831
2025,003091,CHA,STINT,Garrett Degnon,M,4,18,15,3,4,0,9,1,0.290166204986,0.147252747253,4,0.222222222222,0.5,0.222222222222,-1.23600955831
2025,003092,ALL,SEASON,Josh Zawada,A,8,31,31,0,9,0,23,0,0.290166204986,0.147252747253,9,0.290322580645,0.741935483871,0.290322580645,0.00484764542936
2025,003092,CHA,STINT,Josh Zawada,A,8,31,31,0,9,0,23,0,0.290166204986,0.147252747253,9,0.290322580645,0.741935483871,0.290322580645,0.00484764542936
2025,003093,ALL,SEASON,Ross Scott,M,10,38,38,0,12,0,25,3,0.290166204986,0.147252747253,12,0.315789473684,0.657894736842,0.315789473684,0.973684210526
2025,003093,CHA,STINT,Ross Scott,M,10,38,38,0,12,0,25,3,0.290166204986,0.147252747253,12,0.315789473684,0.657894736842,0.315789473684,0.973684210526
2025,003094,ALL,SEASON,Levi Anderson,M,8,32,32,0,9,0,23,0,0.290166204986,0.147252747253,9,0.28125,0.71875,0.28125,-0.285318559557
2025,003094,WHP,STINT,Levi Anderson,M,8,32,32,0,9,0,23,0,0.290166204986,0.147252747253,9,0.28125,0.71875,0.28125,-0.285318559557
2025,003096,ALL,SEASON,Marcus Hudgins,LSM,7,1,0,1,0,0,1,0,0.290166204986,0.147252747253,0,0,1,0,-0.294505494505
2025,003096,WAT,STINT,Marcus Hudgins,LSM,7,1,0,1,0,0,1,0,0.290166204986,0.147252747253,0,0,1,0,-0.294505494505
2025,003098,ALL,SEASON,Luke Wierman,FO,10,20,14,6,3,0,10,1,0.290166204986,0.147252747253,3,0.15,0.5,0.15,-2.82935983684
2025,003098,OUT,STINT,Luke Wierman,FO,10,20,14,6,3,0,10,1,0.290166204986,0.147252747253,3,0.15,0.5,0.15,-2.82935983684
2025,003099,ALL,SEASON,Tyler Carpenter,LSM,10,5,1,4,1,0,3,0,0.290166204986,0.147252747253,1,0.2,0.6,0.2,-0.468188183008
2025,003099,ATL,STINT,Tyler Carpenter,LSM,10,5,1,4,1,0,3,0,0.290166204986,0.147252747253,1,0.2,0.6,0.2,-0.468188183008
2025,003100,ALL,SEASON,Adam Poitras,M,10,32,32,0,8,0,23,0,0.290166204986,0.147252747253,8,0.25,0.71875,0.25,-1.28531855956
2025,003100,WHP,STINT,Adam Poitras,M,10,32,32,0,8,0,23,0,0.290166204986,0.147252747253,8,0.25,0.71875,0.25,-1.28531855956
2025,003101,ALL,SEASON,Dylan Hess,SSDM,10,6,4,2,1,0,3,0,0.290166204986,0.147252747253,1,0.166666666667,0.5,0.166666666667,-0.749675808956
2025,003101,WAT,STINT,Dylan Hess,SSDM,10,6,4,2,1,0,3,0,0.290166204986,0.147252747253,1,0.166666666667,0.5,0.166666666667,-0.749675808956
2025,003102,ALL,SEASON,Chayse Ierlan,G,10,1,0,1,0,0,0,0,0.290166204986,0.147252747253,0,0,0,0,-0.294505494505
2025,003102,RED,STINT,Chayse Ierlan,G,10,1,0,1,0,0,0,0,0.290166204986,0.147252747253,0,0,0,0,-0.294505494505
2025,003103,ALL,SEASON,Scott Smith,D,7,11,5,6,1,1,7,0,0.290166204986,0.147252747253,3,0.181818181818,0.636363636364,0.272727272727,-0.217863991964
2025,003103,CHA,STINT,Scott Smith,D,6,10,5,5,1,0,6,0,0.290166204986,0.147252747253,1,0.1,0.6,0.1,-1.92335849746
2025,003103,WHP,STINT,Scott Smith,,1,1,0,1,0,1,1,0,0.290166204986,0.147252747253,2,1,1,2,1.70549450549
2025,003104,ALL,SEASON,Michael Boehm,A,1,0,0,0,0,0,0,0,0.290166204986,0.147252747253,0,,,,
2025,003104,WAT,STINT,Michael Boehm,A,1,0,0,0,0,0,0,0,0.290166204986,0.147252747253,0,,,,
2025,003105,ALL,SEASON,Cole Kastner,D,6,0,0,0,0,0,0,0,0.290166204986,0.147252747253,0,,,,
2025,003105,RED,STINT,Cole Kastner,D,6,0,0,0,0,0,0,0,0.290166204986,0.147252747253,0,,,,
2025,003106,ALL,SEASON,Dalton Young,M,10,25,25,0,11,0,20,1,0.290166204986,0.147252747253,11,0.44,0.8,0.44,3.74584487535
2025,003106,OUT,STINT,Dalton Young,M,10,25,25,0,11,0,20,1,0.290166204986,0.147252747253,11,0.44,0.8,0.44,3.74584487535
2025,003108,ALL,SEASON,Will Mark,G,2,0,0,0,0,0,0,0,0.290166204986,0.147252747253,0,,,,
2025,003108,ATL,STINT,Will Mark,G,2,0,0,0,0,0,0,0,0.290166204986,0.147252747253,0,,,,
2025,003109,ALL,SEASON,Chris Conlin,D,10,0,0,0,0,0,0,0,0.290166204986,0.147252747253,0,,,,
2025,003109,RED,STINT,Chris Conlin,D,10,0,0,0,0,0,0,0,0.290166204986,0.147252747253,0,,,,
2025,003110,ALL,SEASON,Carter Parlette,SSDM,1,0,0,0,0,0,0,0,0.290166204986,0.147252747253,0,,,,
2025,003110,RED,STINT,Carter Parlette,SSDM,1,0,0,0,0,0,0,0,0.290166204986,0.147252747253,0,,,,
2025,003112,ALL,SEASON,Jack DiBenedetto,D,3,0,0,0,0,0,0,0,0.290166204986,0.147252747253,0,,,,
2025,003112,WAT,STINT,Jack DiBenedetto,D,3,0,0,0,0,0,0,0,0.290166204986,0.147252747253,0,,,,
2025,003119,ALL,SEASON,Alec Stathakis,FO,10,12,8,4,2,0,4,0,0.290166204986,0.147252747253,2,0.166666666667,0.333333333333,0.166666666667,-1.49935161791
2025,003119,WAT,STINT,Alec Stathakis,FO,10,12,8,4,2,0,4,0,0.290166204986,0.147252747253,2,0.166666666667,0.333333333333,0.166666666667,-1.49935161791
2025,003120,ALL,SEASON,Jack VanOverbeke,M,6,14,14,0,0,0,8,1,0.290166204986,0.147252747253,0,0,0.571428571429,0,-4.06232686981
2025,003120,OUT,STINT,Jack VanOverbeke,M,6,14,14,0,0,0,8,1,0.290166204986,0.147252747253,0,0,0.571428571429,0,-4.06232686981
2025,003125,ALL,SEASON,Matt Knote,G,1,0,0,0,0,0,0,0,0.290166204986,0.147252747253,0,,,,
2025,003125,RED,STINT,Matt Knote,G,1,0,0,0,0,0,0,0,0.290166204986,0.147252747253,0,,,,
2025,003128,ALL,SEASON,Jack Posey,D,5,0,0,0,0,0,0,0,0.290166204986,0.147252747253,0,,,,
2025,003128,CHA,STINT,Jack Posey,D,5,0,0,0,0,0,0,0,0.290166204986,0.147252747253,0,,,,
2025,003136,ALL,SEASON,Jake Naso,FO,4,4,3,1,0,0,1,0,0.290166204986,0.147252747253,0,0,0.25,0,-1.16500410946
2025,003136,ARC,STINT,Jake Naso,FO,4,4,3,1,0,0,1,0,0.290166204986,0.147252747253,0,0,0.25,0,-1.16500410946
2025,003149,ALL,SEASON,JJ Sillstrop,M,10,22,22,0,5,0,18,0,0.290166204986,0.147252747253,5,0.227272727273,0.818181818182,0.227272727273,-1.3836565097
2025,003149,CHA,STINT,JJ Sillstrop,M,10,22,22,0,5,0,18,0,0.290166204986,0.147252747253,5,0.227272727273,0.818181818182,0.227272727273,-1.3836565097
2025,003156,ALL,SEASON,Aidan Danenza,M,6,28,26,2,9,0,18,1,0.290166204986,0.147252747253,9,0.321428571429,0.642857142857,0.321428571429,0.866667681349
2025,003156,RED,STINT,Aidan Danenza,M,6,28,26,2,9,0,18,1,0.290166204986,0.147252747253,9,0.321428571429,0.642857142857,0.321428571429,0.866667681349
2025,003157,ALL,SEASON,Graydon Hogg,A,3,12,12,0,3,0,8,2,0.290166204986,0.147252747253,3,0.25,0.666666666667,0.25,-0.481994459834
2025,003157,CAN,STINT,Graydon Hogg,A,3,12,12,0,3,0,8,2,0.290166204986,0.147252747253,3,0.25,0.666666666667,0.25,-0.481994459834
2025,003159,ALL,SEASON,CJ Kirst,A,4,27,27,0,9,0,20,0,0.290166204986,0.147252747253,9,0.333333333333,0.740740740741,0.333333333333,1.16551246537
2025,003159,WAT,STINT,CJ Kirst,A,4,27,27,0,9,0,20,0,0.290166204986,0.147252747253,9,0.333333333333,0.740740740741,0.333333333333,1.16551246537
2025,003160,ALL,SEASON,Andrew McAdorey,M,10,41,37,4,13,1,27,1,0.290166204986,0.147252747253,15,0.341463414634,0.658536585366,0.365853658537,3.08582843749
2025,003160,RED,STINT,Andrew McAdorey,M,10,41,37,4,13,1,27,1,0.290166204986,0.147252747253,15,0.341463414634,0.658536585366,0.365853658537,3.08582843749
2025,003161,ALL,SEASON,Sam English,M,4,12,11,1,3,0,8,0,0.290166204986,0.147252747253,3,0.25,0.666666666667,0.25,-0.486333749353
2025,003161,RED,STINT,Sam English,M,4,12,11,1,3,0,8,0,0.290166204986,0.147252747253,3,0.25,0.666666666667,0.25,-0.486333749353
2025,003162,ALL,SEASON,Coulter Mackesy,A,8,54,50,4,15,0,35,2,0.290166204986,0.147252747253,15,0.277777777778,0.648148148148,0.277777777778,-0.686332227329
2025,003162,CAN,STINT,Coulter Mackesy,A,8,54,50,4,15,0,35,2,0.290166204986,0.147252747253,15,0.277777777778,0.648148148148,0.277777777778,-0.686332227329
2025,003163,ALL,SEASON,Brendan Lavelle,D,10,0,0,0,0,0,0,0,0.290166204986,0.147252747253,0,,,,
2025,003163,ARC,STINT,Brendan Lavelle,D,10,0,0,0,0,0,0,0,0.290166204986,0.147252747253,0,,,,
2025,003164,ALL,SEASON,Matt Traynor,M,10,52,50,2,12,0,29,0,0.290166204986,0.147252747253,12,0.230769230769,0.557692307692,0.230769230769,-3.09732123832
2025,003164,ATL,STINT,Matt Traynor,M,10,52,50,2,12,0,29,0,0.290166204986,0.147252747253,12,0.230769230769,0.557692307692,0.230769230769,-3.09732123832
2025,003165,ALL,SEASON,Aidan Carroll,A,10,55,54,1,21,0,42,3,0.290166204986,0.147252747253,21,0.381818181818,0.763636363636,0.381818181818,5.03651943624
2025,003165,WHP,STINT,Aidan Carroll,A,10,55,54,1,21,0,42,3,0.290166204986,0.147252747253,21,0.381818181818,0.763636363636,0.381818181818,5.03651943624
2025,003166,ALL,SEASON,Owen Hiltz,A,7,46,44,2,16,0,34,3,0.290166204986,0.147252747253,16,0.347826086957,0.739130434783,0.347826086957,2.6436759916
2025,003166,CHA,STINT,Owen Hiltz,A,7,46,44,2,16,0,34,3,0.290166204986,0.147252747253,16,0.347826086957,0.739130434783,0.347826086957,2.6436759916
2025,003167,ALL,SEASON,Jake Taylor,A,9,33,33,0,11,0,25,2,0.290166204986,0.147252747253,11,0.333333333333,0.757575757576,0.333333333333,1.42451523546
2025,003167,WAT,STINT,Jake Taylor,A,9,33,33,0,11,0,25,2,0.290166204986,0.147252747253,11,0.333333333333,0.757575757576,0.333333333333,1.42451523546
2025,003168,ALL,SEASON,Chris Kavanagh,A,10,78,71,7,21,2,51,4,0.290166204986,0.147252747253,25,0.294871794872,0.653846153846,0.320512820513,2.33666098444
2025,003168,RED,STINT,Chris Kavanagh,A,10,78,71,7,21,2,51,4,0.290166204986,0.147252747253,25,0.294871794872,0.653846153846,0.320512820513,2.33666098444
2025,003169,ALL,SEASON,Logan McNaney,G,8,1,0,1,0,0,0,0,0.290166204986,0.147252747253,0,0,0,0,-0.294505494505
2025,003169,OUT,STINT,Logan McNaney,G,8,1,0,1,0,0,0,0,0.290166204986,0.147252747253,0,0,0,0,-0.294505494505
2025,003170,ALL,SEASON,Mic Kelly,M,5,24,23,1,3,0,14,1,0.290166204986,0.147252747253,3,0.125,0.583333333333,0.125,-3.96832820919
2025,003170,CAN,STINT,Mic Kelly,M,5,24,23,1,3,0,14,1,0.290166204986,0.147252747253,3,0.125,0.583333333333,0.125,-3.96832820919
2025,003171,ALL,SEASON,Levi Verch,LSM,10,3,1,2,0,0,1,0,0.290166204986,0.147252747253,0,0,0.333333333333,0,-0.879177193997
2025,003171,CHA,STINT,Levi Verch,LSM,10,3,1,2,0,0,1,0,0.290166204986,0.147252747253,0,0,0.333333333333,0,-0.879177193997
2025,003172,ALL,SEASON,Max Krevsky,SSDM,8,5,5,0,0,0,3,1,0.290166204986,0.147252747253,0,0,0.6,0,-1.45083102493
2025,003172,ATL,STINT,Max Krevsky,SSDM,8,5,5,0,0,0,3,1,0.290166204986,0.147252747253,0,0,0.6,0,-1.45083102493
2025,003173,ALL,SEASON,Jack McDonald,LSM,4,2,2,0,2,0,2,0,0.290166204986,0.147252747253,2,1,1,1,1.41966759003
2025,003173,WHP,STINT,Jack McDonald,LSM,4,2,2,0,2,0,2,0,0.290166204986,0.147252747253,2,1,1,1,1.41966759003
2025,003174,ALL,SEASON,Sam King,A,10,39,37,2,12,1,22,1,0.290166204986,0.147252747253,14,0.333333333333,0.564102564103,0.358974358974,2.6748394265
2025,003174,ARC,STINT,Sam King,A,10,39,37,2,12,1,22,1,0.290166204986,0.147252747253,14,0.333333333333,0.564102564103,0.358974358974,2.6748394265
2025,003176,ALL,SEASON,Emmet Carroll,G,7,3,0,3,0,0,0,0,0.290166204986,0.147252747253,0,0,0,0,-0.883516483516
2025,003176,WHP,STINT,Emmet Carroll,G,7,3,0,3,0,0,0,0,0.290166204986,0.147252747253,0,0,0,0,-0.883516483516
2025,003178,ALL,SEASON,Michael Grace,LSM,8,6,2,4,2,2,5,0,0.290166204986,0.147252747253,6,0.666666666667,0.833333333333,1,4.24164561201
2025,003178,ATL,STINT,Michael Grace,LSM,8,6,2,4,2,2,5,0,0.290166204986,0.147252747253,6,0.666666666667,0.833333333333,1,4.24164561201
2025,003179,ALL,SEASON,Ben Wayer,LSM,10,14,7,7,2,1,7,0,0.290166204986,0.147252747253,4,0.214285714286,0.5,0.285714285714,-0.0927018964415
2025,003179,WAT,STINT,Ben Wayer,LSM,10,14,7,7,2,1,7,0,0.290166204986,0.147252747253,4,0.214285714286,0.5,0.285714285714,-0.0927018964415
2025,003180,ALL,SEASON,Christian Mazur,SSDM,10,5,4,1,1,0,2,0,0.290166204986,0.147252747253,1,0.2,0.4,0.2,-0.45517031445
2025,003180,WHP,STINT,Christian Mazur,SSDM,10,5,4,1,1,0,2,0,0.290166204986,0.147252747253,1,0.2,0.4,0.2,-0.45517031445
2025,003181,ALL,SEASON,Jimmy Freehill,D,9,7,0,7,0,2,6,0,0.290166204986,0.147252747253,4,0.285714285714,0.857142857143,0.571428571429,1.93846153846
2025,003181,WAT,STINT,Jimmy Freehill,D,9,7,0,7,0,2,6,0,0.290166204986,0.147252747253,4,0.285714285714,0.857142857143,0.571428571429,1.93846153846
2025,003183,ALL,SEASON,Jack Gray,SSDM,4,1,1,0,1,0,1,0,0.290166204986,0.147252747253,1,1,1,1,0.709833795014
2025,003183,OUT,STINT,Jack Gray,SSDM,4,1,1,0,1,0,1,0,0.290166204986,0.147252747253,1,1,1,1,0.709833795014
2025,003184,ALL,SEASON,Ben Ramsey,SSDM,10,5,4,1,1,1,5,0,0.290166204986,0.147252747253,3,0.4,1,0.6,1.54482968555
2025,003184,CAN,STINT,Ben Ramsey,SSDM,10,5,4,1,1,1,5,0,0.290166204986,0.147252747253,3,0.4,1,0.6,1.54482968555
2025,003185,ALL,SEASON,Carter Rice,SSDM,10,0,0,0,0,0,0,0,0.290166204986,0.147252747253,0,,,,
2025,003185,RED,STINT,Carter Rice,SSDM,10,0,0,0,0,0,0,0,0.290166204986,0.147252747253,0,,,,
2025,003186,ALL,SEASON,Hugh Kelleher,M,6,20,17,3,5,0,8,0,0.290166204986,0.147252747253,5,0.25,0.4,0.25,-0.816341968281
2025,003186,ATL,STINT,Hugh Kelleher,M,6,20,17,3,5,0,8,0,0.290166204986,0.147252747253,5,0.25,0.4,0.25,-0.816341968281
2025,003188,ALL,SEASON,Bryce Ford,M,3,4,4,0,2,0,3,0,0.290166204986,0.147252747253,2,0.5,0.75,0.5,0.839335180055
2025,003188,ARC,STINT,Bryce Ford,M,3,4,4,0,2,0,3,0,0.290166204986,0.147252747253,2,0.5,0.75,0.5,0.839335180055
2025,003190,ALL,SEASON,AJ Pilate,D,3,1,1,0,0,0,0,0,0.290166204986,0.147252747253,0,0,0,0,-0.290166204986
2025,003190,OUT,STINT,AJ Pilate,D,3,1,1,0,0,0,0,0,0.290166204986,0.147252747253,0,0,0,0,-0.290166204986
2025,003192,ALL,SEASON,Jackson Eicher,A,10,70,61,9,17,1,41,2,0.290166204986,0.147252747253,19,0.257142857143,0.585714285714,0.271428571429,-1.3506879547
2025,003192,CHA,STINT,Jackson Eicher,A,10,70,61,9,17,1,41,2,0.290166204986,0.147252747253,19,0.257142857143,0.585714285714,0.271428571429,-1.3506879547
2025,003193,ALL,SEASON,Kyle Aldridge,SSDM,2,0,0,0,0,0,0,0,0.290166204986,0.147252747253,0,,,,
2025,003193,WHP,STINT,Kyle Aldridge,SSDM,2,0,0,0,0,0,0,0,0.290166204986,0.147252747253,0,,,,
2025,003199,ALL,SEASON,Gannon Matthews,,1,1,1,0,0,0,1,0,0.290166204986,0.147252747253,0,0,1,0,-0.290166204986
2025,003199,CHA,STINT,Gannon Matthews,,1,1,1,0,0,0,1,0,0.290166204986,0.147252747253,0,0,1,0,-0.290166204986
2025,003206,ALL,SEASON,Greg Langermeier,SSDM,9,5,5,0,0,0,0,0,0.290166204986,0.147252747253,0,0,0,0,-1.45083102493
2025,003206,CHA,STINT,Greg Langermeier,SSDM,9,5,5,0,0,0,0,0,0.290166204986,0.147252747253,0,0,0,0,-1.45083102493
2025,003208,ALL,SEASON,Max Merklinger,A,2,4,3,1,0,0,2,2,0.290166204986,0.147252747253,0,0,0.5,0,-1.16500410946
2025,003208,ARC,STINT,Max Merklinger,A,2,4,3,1,0,0,2,2,0.290166204986,0.147252747253,0,0,0.5,0,-1.16500410946
2025,003209,ALL,SEASON,Michael Lampert,A,3,3,3,0,0,0,2,1,0.290166204986,0.147252747253,0,0,0.666666666667,0,-0.870498614958
2025,003209,WAT,STINT,Michael Lampert,A,3,3,3,0,0,0,2,1,0.290166204986,0.147252747253,0,0,0.666666666667,0,-0.870498614958
2025,003211,ALL,SEASON,Josh Balcarcel,M,10,22,20,2,7,0,20,2,0.290166204986,0.147252747253,7,0.318181818182,0.909090909091,0.318181818182,0.607664911266
2025,003211,RED,STINT,Josh Balcarcel,M,10,22,20,2,7,0,20,2,0.290166204986,0.147252747253,7,0.318181818182,0.909090909091,0.318181818182,0.607664911266
2025,003212,ALL,SEASON,Ray Dearth,SSDM,8,2,1,1,0,1,1,0,0.290166204986,0.147252747253,2,0.5,0.5,1,1.41532830051
2025,003212,CHA,STINT,Ray Dearth,SSDM,8,2,1,1,0,1,1,0,0.290166204986,0.147252747253,2,0.5,0.5,1,1.41532830051
2025,003220,ALL,SEASON,Dylan Renner,,1,0,0,0,0,0,0,0,0.290166204986,0.147252747253,0,,,,
2025,003220,ARC,STINT,Dylan Renner,,1,0,0,0,0,0,0,0,0.290166204986,0.147252747253,0,,,,
