season,team_id,population,possessions,shot_producing_possessions,multi_shot_possessions,shot_producing_possession_rate,multi_shot_possession_rate
2024,ARC,ALL,460,292,88,0.634782608696,0.191304347826
2024,ARC,AMBIGUOUS,143,99,34,0.692307692308,0.237762237762
2024,ARC,UNAMBIGUOUS,317,193,54,0.608832807571,0.170347003155
2024,ATL,ALL,485,335,83,0.690721649485,0.171134020619
2024,ATL,AMBIGUOUS,151,105,25,0.695364238411,0.165562913907
2024,ATL,UNAMBIGUOUS,334,230,58,0.688622754491,0.173652694611
2024,CAN,ALL,424,292,94,0.688679245283,0.221698113208
2024,CAN,AMBIGUOUS,152,116,38,0.763157894737,0.25
2024,CAN,UNAMBIGUOUS,272,176,56,0.647058823529,0.205882352941
2024,CHA,ALL,417,271,84,0.649880095923,0.201438848921
2024,CHA,AMBIGUOUS,152,114,35,0.75,0.230263157895
2024,CHA,UNAMBIGUOUS,265,157,49,0.592452830189,0.184905660377
2024,OUT,ALL,427,306,95,0.71662763466,0.222482435597
2024,OUT,AMBIGUOUS,131,96,30,0.732824427481,0.229007633588
2024,OUT,UNAMBIGUOUS,296,210,65,0.709459459459,0.219594594595
2024,RED,ALL,440,298,77,0.677272727273,0.175
2024,RED,AMBIGUOUS,128,99,22,0.7734375,0.171875
2024,RED,UNAMBIGUOUS,312,199,55,0.637820512821,0.176282051282
2024,WAT,ALL,433,316,96,0.729792147806,0.221709006928
2024,WAT,AMBIGUOUS,154,123,41,0.798701298701,0.266233766234
2024,WAT,UNAMBIGUOUS,279,193,55,0.691756272401,0.197132616487
2024,WHP,ALL,484,329,85,0.679752066116,0.175619834711
2024,WHP,AMBIGUOUS,158,122,32,0.772151898734,0.20253164557
2024,WHP,UNAMBIGUOUS,326,207,53,0.634969325153,0.162576687117
