player_id,player_name,n_name_spellings,name_spellings,n_seasons,seasons,first_season,last_season,has_season_gap,n_teams,teams,changed_team,n_positions,positions,changed_position,n_value_roles,value_roles,changed_value_role,n_player_season_rows,duplicate_player_season_rows,normalized_name,shares_normalized_name_with_another_id,career_aggregation_state,safe_to_aggregate_career
000201,Adam Ghitelman,1,Adam Ghitelman,3,"2022,2023,2025",2022,2025,True,2,"ARC,CAN",True,1,goalie,False,1,goalie,False,3,0,adam ghitelman,False,SAFE,True
000204,Christian Cuccinello,1,Christian Cuccinello,1,2022,2022,2022,False,1,CAN,False,1,attack,False,1,offensive_field,False,1,0,christian cuccinello,False,SAFE,True
000207,Dominique Alexander,1,Dominique Alexander,1,2022,2022,2022,False,1,ARC,False,1,short_stick_defensive_midfield,False,1,defensive_field,False,1,0,dominique alexander,False,SAFE,True
000211,Ian MacKay,1,Ian MacKay,3,"2022,2023,2024",2022,2024,False,1,CHA,False,1,short_stick_defensive_midfield,False,1,defensive_field,False,3,0,ian mackay,False,SAFE,True
000213,Jerry Ragonese,1,Jerry Ragonese,1,2022,2022,2022,False,1,CHA,False,1,faceoff,False,1,unclassified_field,False,1,0,jerry ragonese,False,SAFE,True
000216,Marcus Holman,1,Marcus Holman,5,"2022,2023,2024,2025,2026",2022,2026,False,2,"ARC,CAN",True,1,attack,False,1,offensive_field,False,5,0,marcus holman,False,SAFE,True
000217,Mark McNeill,1,Mark McNeill,1,2022,2022,2022,False,1,ARC,False,1,short_stick_defensive_midfield,False,1,defensive_field,False,1,0,mark mcneill,False,SAFE,True
000218,Matt McMahon,1,Matt McMahon,2,"2022,2023",2022,2023,False,1,ARC,False,1,defense,False,1,defensive_field,False,2,0,matt mcmahon,False,SAFE,True
000221,Ryan Ambler,1,Ryan Ambler,5,"2022,2023,2024,2025,2026",2022,2026,False,1,ARC,False,1,midfield,False,1,offensive_field,False,5,0,ryan ambler,False,SAFE,True
000222,Stephen Kelly,1,Stephen Kelly,2,"2022,2023",2022,2023,False,1,CAN,False,1,faceoff,False,1,faceoff,False,2,0,stephen kelly,False,SAFE,True
000223,Scott Ratliff,1,Scott Ratliff,1,2022,2022,2022,False,1,ARC,False,1,defense,False,1,defensive_field,False,1,0,scott ratliff,False,SAFE,True
000225,Tom Schreiber,1,Tom Schreiber,4,"2022,2023,2024,2025",2022,2025,False,1,ARC,False,1,midfield,False,1,offensive_field,False,4,0,tom schreiber,False,SAFE,True
000227,Will Manny,1,Will Manny,3,"2022,2023,2025",2022,2025,True,3,"ARC,CAN,WHP",True,1,attack,False,1,offensive_field,False,3,0,will manny,False,SAFE,True
000231,Chris Cloutier,1,Chris Cloutier,2,"2022,2023",2022,2023,False,1,CHA,False,1,attack,False,1,offensive_field,False,2,0,chris cloutier,False,SAFE,True
000234,Eric Law,1,Eric Law,4,"2022,2023,2024,2025",2022,2025,False,2,"ATL,OUT",True,1,attack,False,1,offensive_field,False,4,0,eric law,False,SAFE,True
000235,Jake Richard,1,Jake Richard,3,"2022,2023,2024",2022,2024,False,2,"ATL,WAT",True,1,short_stick_defensive_midfield,False,1,defensive_field,False,3,0,jake richard,False,SAFE,True
000238,John Crawley,1,John Crawley,1,2022,2022,2022,False,1,ATL,False,1,midfield,False,1,offensive_field,False,1,0,john crawley,False,SAFE,True
000240,Kieran McArdle,1,Kieran McArdle,5,"2022,2023,2024,2025,2026",2022,2026,False,1,WAT,False,1,attack,False,1,offensive_field,False,5,0,kieran mcardle,False,SAFE,True
000241,Jack Concannon,1,Jack Concannon,2,"2022,2023",2022,2023,False,1,ATL,False,1,goalie,False,1,goalie,False,2,0,jack concannon,False,SAFE,True
000242,Kyle Hartzell,1,Kyle Hartzell,3,"2022,2023,2026",2022,2026,True,2,"CAN,RED",True,1,long_stick_midfield,False,1,defensive_field,False,3,0,kyle hartzell,False,SAFE,True
000246,Ryan Brown,1,Ryan Brown,1,2022,2022,2022,False,1,WAT,False,1,attack,False,1,offensive_field,False,1,0,ryan brown,False,SAFE,True
000251,Steven DeNapoli,1,Steven DeNapoli,1,2022,2022,2022,False,1,WAT,False,1,short_stick_defensive_midfield,False,1,defensive_field,False,1,0,steven denapoli,False,SAFE,True
000254,Trevor Baptiste,1,Trevor Baptiste,5,"2022,2023,2024,2025,2026",2022,2026,False,1,ATL,False,1,faceoff,False,1,faceoff,False,5,0,trevor baptiste,False,SAFE,True
000255,Tucker Durkin,1,Tucker Durkin,2,"2022,2023",2022,2023,False,1,ATL,False,1,defense,False,1,defensive_field,False,2,0,tucker durkin,False,SAFE,True
000256,Austin Staats,1,Austin Staats,1,2022,2022,2022,False,1,CHA,False,1,unknown,False,1,unclassified_field,False,1,0,austin staats,False,SAFE,True
000258,Blaze Riorden,1,Blaze Riorden,5,"2022,2023,2024,2025,2026",2022,2026,False,1,CHA,False,1,goalie,False,1,goalie,False,5,0,blaze riorden,False,SAFE,True
000260,Brodie Merrill,1,Brodie Merrill,1,2022,2022,2022,False,1,CAN,False,1,long_stick_midfield,False,1,defensive_field,False,1,0,brodie merrill,False,SAFE,True
000262,Connor Fields,1,Connor Fields,5,"2022,2023,2024,2025,2026",2022,2026,False,1,ARC,False,2,"attack,midfield",True,1,offensive_field,False,5,0,connor fields,False,SAFE,True
000266,Dhane Smith,1,Dhane Smith,2,"2022,2023",2022,2023,False,1,CHA,False,1,midfield,False,1,offensive_field,False,2,0,dhane smith,False,SAFE,True
000267,Jake Froccaro,1,Jake Froccaro,1,2022,2022,2022,False,1,CAN,False,1,midfield,False,1,offensive_field,False,1,0,jake froccaro,False,SAFE,True
000268,James Barclay,1,James Barclay,1,2022,2022,2022,False,1,WHP,False,1,defense,False,1,defensive_field,False,1,0,james barclay,False,SAFE,True
000269,Jarrod Neumann,1,Jarrod Neumann,5,"2022,2023,2024,2025,2026",2022,2026,False,1,CHA,False,1,defense,False,1,defensive_field,False,5,0,jarrod neumann,False,SAFE,True
000272,Josh Byrne,1,Josh Byrne,3,"2022,2023,2024",2022,2024,False,1,CHA,False,1,attack,False,1,offensive_field,False,3,0,josh byrne,False,SAFE,True
000275,Mark Glicini,1,Mark Glicini,5,"2022,2023,2024,2025,2026",2022,2026,False,1,CHA,False,1,short_stick_defensive_midfield,False,1,defensive_field,False,5,0,mark glicini,False,SAFE,True
000276,Matt Rees,1,Matt Rees,2,"2022,2023",2022,2023,False,2,"CAN,CHA",True,2,"defense,long_stick_midfield",True,1,defensive_field,False,2,0,matt rees,False,SAFE,True
000278,Myles Jones,1,Myles Jones,4,"2022,2023,2024,2025",2022,2025,False,2,"ATL,RED",True,1,midfield,False,1,offensive_field,False,4,0,myles jones,False,SAFE,True
000279,Patrick Resch,1,Patrick Resch,4,"2022,2023,2024,2025",2022,2025,False,1,CHA,False,1,short_stick_defensive_midfield,False,1,defensive_field,False,4,0,patrick resch,False,SAFE,True
000280,Thomas Kelly,1,Thomas Kelly,1,2022,2022,2022,False,1,CHA,False,1,faceoff,False,1,faceoff,False,1,0,thomas kelly,False,SAFE,True
000281,Troy Reh,1,Troy Reh,5,"2022,2023,2024,2025,2026",2022,2026,False,1,CHA,False,1,long_stick_midfield,False,1,defensive_field,False,5,0,troy reh,False,SAFE,True
000282,Tyson Bell,1,Tyson Bell,1,2022,2022,2022,False,1,CAN,False,1,long_stick_midfield,False,1,defensive_field,False,1,0,tyson bell,False,SAFE,True
000294,John Ranagan,1,John Ranagan,1,2022,2022,2022,False,1,CHR,False,1,midfield,False,1,offensive_field,False,1,0,john ranagan,False,SAFE,True
000295,Jordan MacIntosh,1,Jordan MacIntosh,2,"2022,2023",2022,2023,False,1,CHR,False,1,midfield,False,1,offensive_field,False,2,0,jordan macintosh,False,SAFE,True
000298,Justin Guterding,1,Justin Guterding,2,"2022,2023",2022,2023,False,2,"ATL,WHP",True,1,midfield,False,1,offensive_field,False,2,0,justin guterding,False,SAFE,True
000302,Michael Manley,1,Michael Manley,5,"2022,2023,2024,2025,2026",2022,2026,False,2,"CHR,OUT",True,1,defense,False,1,defensive_field,False,5,0,michael manley,False,SAFE,True
000305,Romar Dennis,1,Romar Dennis,5,"2022,2023,2024,2025,2026",2022,2026,False,2,"ATL,RED",True,1,midfield,False,1,offensive_field,False,5,0,romar dennis,False,SAFE,True
000308,Will Haus,1,Will Haus,3,"2022,2023,2024",2022,2024,False,2,"CHR,OUT",True,1,short_stick_defensive_midfield,False,1,defensive_field,False,3,0,will haus,False,SAFE,True
000310,Brent Adams,1,Brent Adams,1,2022,2022,2022,False,1,ATL,False,1,midfield,False,1,offensive_field,False,1,0,brent adams,False,SAFE,True
000314,Eddy Glazener,1,Eddy Glazener,2,"2022,2023",2022,2023,False,1,RED,False,1,defense,False,1,defensive_field,False,2,0,eddy glazener,False,SAFE,True
000315,Garrett Epple,1,Garrett Epple,4,"2022,2023,2024,2025",2022,2025,False,2,"CAN,RED",True,1,defense,False,1,defensive_field,False,4,0,garrett epple,False,SAFE,True
000318,Jack Kelly,1,Jack Kelly,3,"2022,2023,2024",2022,2024,False,1,RED,False,1,goalie,False,1,goalie,False,3,0,jack kelly,False,SAFE,True
000319,Jack Near,1,Jack Near,1,2022,2022,2022,False,1,RED,False,1,short_stick_defensive_midfield,False,1,defensive_field,False,1,0,jack near,False,SAFE,True
000322,John Sexton,1,John Sexton,2,"2022,2023",2022,2023,False,1,RED,False,1,long_stick_midfield,False,1,defensive_field,False,2,0,john sexton,False,SAFE,True
000327,Matt Kavanagh,1,Matt Kavanagh,3,"2022,2023,2024",2022,2024,False,2,"CAN,RED",True,1,attack,False,1,offensive_field,False,3,0,matt kavanagh,False,SAFE,True
000331,Patrick Harbeson,1,Patrick Harbeson,1,2022,2022,2022,False,1,RED,False,1,short_stick_defensive_midfield,False,1,defensive_field,False,1,0,patrick harbeson,False,SAFE,True
000333,Sergio Perkovic,1,Sergio Perkovic,4,"2022,2023,2024,2025",2022,2025,False,2,"CHA,RED",True,2,"midfield,short_stick_defensive_midfield",True,2,"defensive_field,offensive_field",True,4,0,sergio perkovic,False,SAFE_WITH_ROLE_CHANGE_CAVEAT,True
000337,Bryce Young,1,Bryce Young,4,"2022,2023,2024,2025",2022,2025,False,2,"CAN,WHP",True,1,defense,False,1,defensive_field,False,4,0,bryce young,False,SAFE,True
000339,Connor Kelly,1,Connor Kelly,5,"2022,2023,2024,2025,2026",2022,2026,False,1,WAT,False,1,midfield,False,1,offensive_field,False,5,0,connor kelly,False,SAFE,True
000345,Jake Bernhardt,1,Jake Bernhardt,5,"2022,2023,2024,2025,2026",2022,2026,False,1,WHP,False,1,short_stick_defensive_midfield,False,1,defensive_field,False,5,0,jake bernhardt,False,SAFE,True
000346,Jay Carlson,1,Jay Carlson,1,2022,2022,2022,False,1,WHP,False,1,attack,False,1,offensive_field,False,1,0,jay carlson,False,SAFE,True
000350,Joseph Nardella,1,Joseph Nardella,3,"2022,2024,2025",2022,2025,True,1,WHP,False,1,faceoff,False,1,faceoff,False,3,0,joseph nardella,False,SAFE,True
000351,Jules Heningburg,1,Jules Heningburg,4,"2022,2023,2024,2025",2022,2025,False,3,"CAN,CHA,RED",True,2,"attack,midfield",True,1,offensive_field,False,4,0,jules heningburg,False,SAFE,True
000353,Kyle Bernlohr,1,Kyle Bernlohr,3,"2022,2023,2024",2022,2024,False,1,WHP,False,1,goalie,False,1,goalie,False,3,0,kyle bernlohr,False,SAFE,True
000354,Matt Rambo,1,Matt Rambo,5,"2022,2023,2024,2025,2026",2022,2026,False,2,"ATL,WHP",True,1,attack,False,1,offensive_field,False,5,0,matt rambo,False,SAFE,True
000355,Matthew Dunn,1,Matthew Dunn,5,"2022,2023,2024,2025,2026",2022,2026,False,1,WHP,False,1,defense,False,1,defensive_field,False,5,0,matthew dunn,False,SAFE,True
000356,Michael Ehrhardt,1,Michael Ehrhardt,2,"2022,2023",2022,2023,False,1,WHP,False,1,long_stick_midfield,False,1,defensive_field,False,2,0,michael ehrhardt,False,SAFE,True
000357,Mike Chanenchuk,1,Mike Chanenchuk,3,"2022,2023,2024",2022,2024,False,1,WHP,False,1,midfield,False,1,offensive_field,False,3,0,mike chanenchuk,False,SAFE,True
000358,Ryan Drenner,1,Ryan Drenner,4,"2022,2023,2024,2025",2022,2025,False,1,CAN,False,1,midfield,False,1,offensive_field,False,4,0,ryan drenner,False,SAFE,True
000359,Tim Muller,1,Tim Muller,5,"2022,2023,2024,2025,2026",2022,2026,False,1,WHP,False,1,defense,False,1,defensive_field,False,5,0,tim muller,False,SAFE,True
000361,Tyler Warner,1,Tyler Warner,2,"2022,2023",2022,2023,False,1,WHP,False,1,short_stick_defensive_midfield,False,1,defensive_field,False,2,0,tyler warner,False,SAFE,True
000363,Ryan Conrad,1,Ryan Conrad,3,"2022,2023,2024",2022,2024,False,1,WAT,False,1,midfield,False,1,offensive_field,False,3,0,ryan conrad,False,SAFE,True
000365,Jack Rowlett,1,Jack Rowlett,5,"2022,2023,2024,2025,2026",2022,2026,False,1,CHA,False,1,defense,False,1,defensive_field,False,5,0,jack rowlett,False,SAFE,True
000366,Connor Farrell,1,Connor Farrell,3,"2022,2023,2026",2022,2026,True,2,"CHR,WAT",True,1,faceoff,False,1,faceoff,False,3,0,connor farrell,False,SAFE,True
000368,Chris Sabia,1,Chris Sabia,3,"2022,2023,2024",2022,2024,False,1,WAT,False,1,long_stick_midfield,False,1,defensive_field,False,3,0,chris sabia,False,SAFE,True
000369,Clarke Petterson,1,Clarke Petterson,1,2022,2022,2022,False,1,ATL,False,1,attack,False,1,offensive_field,False,1,0,clarke petterson,False,SAFE,True
000370,Tim Troutner,1,Tim Troutner,4,"2022,2023,2024,2026",2022,2026,True,3,"ATL,RED,WAT",True,1,goalie,False,1,goalie,False,4,0,tim troutner,False,SAFE,True
000373,Ryder Garnsey,1,Ryder Garnsey,5,"2022,2023,2024,2025,2026",2022,2026,False,1,RED,False,2,"attack,midfield",True,1,offensive_field,False,5,0,ryder garnsey,False,SAFE,True
000376,Cade van Raaphorst,1,Cade van Raaphorst,3,"2022,2023,2024",2022,2024,False,2,"ATL,CAN",True,1,defense,False,1,defensive_field,False,3,0,cade van raaphorst,False,SAFE,True
000377,Johnny Surdick,1,Johnny Surdick,1,2023,2023,2023,False,1,CHA,False,1,defense,False,1,defensive_field,False,1,0,johnny surdick,False,SAFE,True
000385,Wes Berg,1,Wes Berg,3,"2022,2023,2024",2022,2024,False,2,"CHA,RED",True,1,attack,False,1,offensive_field,False,3,0,wes berg,False,SAFE,True
000390,Brad Smith,1,Brad Smith,4,"2022,2023,2025,2026",2022,2026,True,1,WHP,False,1,midfield,False,1,offensive_field,False,4,0,brad smith,False,SAFE,True
000391,Grant Ament,1,Grant Ament,4,"2022,2023,2024,2025",2022,2025,False,1,ARC,False,2,"attack,midfield",True,1,offensive_field,False,4,0,grant ament,False,SAFE,True
000395,Bryan Costabile,1,Bryan Costabile,5,"2022,2023,2024,2025,2026",2022,2026,False,1,ATL,False,1,midfield,False,1,offensive_field,False,5,0,bryan costabile,False,SAFE,True
000397,Reece Eddy,1,Reece Eddy,1,2023,2023,2023,False,1,ARC,False,1,long_stick_midfield,False,1,defensive_field,False,1,0,reece eddy,False,SAFE,True
000405,Jesse Bernhardt,1,Jesse Bernhardt,4,"2022,2023,2024,2025",2022,2025,False,2,"CHR,OUT",True,1,defense,False,1,defensive_field,False,4,0,jesse bernhardt,False,SAFE,True
000406,Craig Chick,1,Craig Chick,3,"2022,2023,2024",2022,2024,False,2,"ATL,CAN",True,1,long_stick_midfield,False,1,defensive_field,False,3,0,craig chick,False,SAFE,True
000407,TJ Comizio,1,TJ Comizio,1,2022,2022,2022,False,1,CHA,False,1,unknown,False,1,unclassified_field,False,1,0,tj comizio,False,SAFE,True
000408,Matt DeLuca,1,Matt DeLuca,5,"2022,2023,2024,2025,2026",2022,2026,False,1,WAT,False,1,goalie,False,1,goalie,False,5,0,matt deluca,False,SAFE,True
000409,Zach Currier,1,Zach Currier,5,"2022,2023,2024,2025,2026",2022,2026,False,1,WAT,False,2,"midfield,short_stick_defensive_midfield",True,2,"defensive_field,offensive_field",True,5,0,zach currier,False,SAFE_WITH_ROLE_CHANGE_CAVEAT,True
000410,Eli Gobrecht,1,Eli Gobrecht,5,"2022,2023,2024,2025,2026",2022,2026,False,2,"ATL,WAT",True,2,"defense,short_stick_defensive_midfield",True,2,"defensive_field,faceoff",True,5,0,eli gobrecht,False,SAFE_WITH_ROLE_CHANGE_CAVEAT,True
000411,Christian Mazzone,1,Christian Mazzone,1,2022,2022,2022,False,1,WAT,False,1,midfield,False,1,offensive_field,False,1,0,christian mazzone,False,SAFE,True
000414,Rob Pannell,1,Rob Pannell,5,"2022,2023,2024,2025,2026",2022,2026,False,2,"RED,WHP",True,1,attack,False,1,offensive_field,False,5,0,rob pannell,False,SAFE,True
000416,Ryland Rees,1,Ryland Rees,4,"2022,2023,2024,2025",2022,2025,False,2,"RED,WAT",True,1,long_stick_midfield,False,1,defensive_field,False,4,0,ryland rees,False,SAFE,True
000417,Finn Sullivan,1,Finn Sullivan,2,"2022,2023",2022,2023,False,2,"CAN,RED",True,1,defense,False,1,defensive_field,False,2,0,finn sullivan,False,SAFE,True
000418,Dillon Ward,1,Dillon Ward,5,"2022,2023,2024,2025,2026",2022,2026,False,2,"RED,WAT",True,1,goalie,False,1,goalie,False,5,0,dillon ward,False,SAFE,True
000419,Zed Williams,1,Zed Williams,4,"2022,2023,2024,2026",2022,2026,True,2,"WAT,WHP",True,2,"attack,midfield",True,1,offensive_field,False,4,0,zed williams,False,SAFE,True
000422,Eli Salama,1,Eli Salama,2,"2022,2023",2022,2023,False,1,CHR,False,1,long_stick_midfield,False,1,defensive_field,False,2,0,eli salama,False,SAFE,True
000424,Jake Pulver,1,Jake Pulver,3,"2022,2023,2024",2022,2024,False,1,CAN,False,1,defense,False,1,defensive_field,False,3,0,jake pulver,False,SAFE,True
000425,Jesse King,1,Jesse King,1,2023,2023,2023,False,1,CHR,False,1,midfield,False,1,offensive_field,False,1,0,jesse king,False,SAFE,True
000427,Jake Withers,1,Jake Withers,1,2022,2022,2022,False,1,WAT,False,1,faceoff,False,1,faceoff,False,1,0,jake withers,False,SAFE,True
000434,Matt Abbott,1,Matt Abbott,1,2022,2022,2022,False,1,CAN,False,1,short_stick_defensive_midfield,False,1,defensive_field,False,1,0,matt abbott,False,SAFE,True
000614,Brian Phipps,1,Brian Phipps,1,2023,2023,2023,False,1,WHP,False,1,goalie,False,1,goalie,False,1,0,brian phipps,False,SAFE,True
000700,Tommy Palasek,1,Tommy Palasek,1,2022,2022,2022,False,1,CHA,False,1,attack,False,1,offensive_field,False,1,0,tommy palasek,False,SAFE,True
000727,CJ Costabile,1,CJ Costabile,4,"2022,2023,2024,2025",2022,2025,False,2,"ATL,CHA",True,2,"long_stick_midfield,unknown",True,2,"defensive_field,unclassified_field",True,4,0,cj costabile,False,SAFE_WITH_ROLE_CHANGE_CAVEAT,True
000815,Austin Kaut,1,Austin Kaut,4,"2023,2024,2025,2026",2023,2026,False,1,CHA,False,1,goalie,False,1,goalie,False,4,0,austin kaut,False,SAFE,True
000823,Mark Cockerton,1,Mark Cockerton,2,"2022,2023",2022,2023,False,2,"ATL,CAN",True,1,attack,False,1,offensive_field,False,2,0,mark cockerton,False,SAFE,True
000886,Lyle Thompson,1,Lyle Thompson,1,2022,2022,2022,False,1,CAN,False,1,attack,False,1,offensive_field,False,1,0,lyle thompson,False,SAFE,True
000921,Challen Rogers,1,Challen Rogers,3,"2022,2023,2024",2022,2024,False,2,"ARC,CHA",True,1,midfield,False,1,offensive_field,False,3,0,challen rogers,False,SAFE,True
000922,Graeme Hossack,1,Graeme Hossack,4,"2022,2023,2024,2025",2022,2025,False,1,ARC,False,1,defense,False,1,defensive_field,False,4,0,graeme hossack,False,SAFE,True
000925,Liam Byrnes,1,Liam Byrnes,4,"2022,2023,2024,2026",2022,2026,True,2,"CHA,WAT",True,1,defense,False,1,defensive_field,False,4,0,liam byrnes,False,SAFE,True
000929,Matthew Hossack,1,Matthew Hossack,1,2022,2022,2022,False,1,WAT,False,1,long_stick_midfield,False,1,defensive_field,False,1,0,matthew hossack,False,SAFE,True
000946,Bryan Cole,1,Bryan Cole,1,2022,2022,2022,False,1,WHP,False,1,midfield,False,1,offensive_field,False,1,0,bryan cole,False,SAFE,True
000960,Shayne Jackson,1,Shayne Jackson,1,2022,2022,2022,False,1,CAN,False,1,attack,False,1,offensive_field,False,1,0,shayne jackson,False,SAFE,True
000978,Kyle Jackson,1,Kyle Jackson,5,"2022,2023,2024,2025,2026",2022,2026,False,2,"ATL,CHA",True,1,midfield,False,1,offensive_field,False,5,0,kyle jackson,False,SAFE,True
001001,Dylan Molloy,1,Dylan Molloy,5,"2022,2023,2024,2025,2026",2022,2026,False,3,"ATL,CHR,RED",True,2,"attack,midfield",True,1,offensive_field,False,5,0,dylan molloy,False,SAFE,True
001009,Colin Heacock,1,Colin Heacock,5,"2022,2023,2024,2025,2026",2022,2026,False,2,"CHR,WHP",True,1,midfield,False,1,offensive_field,False,5,0,colin heacock,False,SAFE,True
001010,Isaiah Davis-Allen,1,Isaiah Davis-Allen,3,"2022,2023,2024",2022,2024,False,1,RED,False,1,short_stick_defensive_midfield,False,1,defensive_field,False,3,0,isaiah davisallen,False,SAFE,True
001020,Mike Messenger,1,Mike Messenger,3,"2022,2023,2024",2022,2024,False,2,"CHR,OUT",True,1,short_stick_defensive_midfield,False,1,defensive_field,False,3,0,mike messenger,False,SAFE,True
001391,Mikie Schlosser,1,Mikie Schlosser,4,"2022,2024,2025,2026",2022,2026,True,2,"OUT,WAT",True,1,midfield,False,1,offensive_field,False,4,0,mikie schlosser,False,SAFE,True
001397,Michael Rexrode,1,Michael Rexrode,5,"2022,2023,2024,2025,2026",2022,2026,False,1,ATL,False,1,defense,False,1,defensive_field,False,5,0,michael rexrode,False,SAFE,True
001402,Max Adler,1,Max Adler,2,"2022,2023",2022,2023,False,1,CHA,False,1,faceoff,False,1,faceoff,False,2,0,max adler,False,SAFE,True
001406,Ben Randall,1,Ben Randall,5,"2022,2023,2024,2025,2026",2022,2026,False,2,"OUT,WAT",True,1,defense,False,1,defensive_field,False,5,0,ben randall,False,SAFE,True
001414,Scott Hooper,1,Scott Hooper,1,2022,2022,2022,False,1,CAN,False,1,defense,False,1,defensive_field,False,1,0,scott hooper,False,SAFE,True
001415,Greg Weyl,1,Greg Weyl,4,"2023,2024,2025,2026",2023,2026,False,2,"CHR,OUT",True,2,"defense,long_stick_midfield",True,1,defensive_field,False,4,0,greg weyl,False,SAFE,True
001417,Bryce Wasserman,1,Bryce Wasserman,1,2022,2022,2022,False,1,CHA,False,1,attack,False,1,offensive_field,False,1,0,bryce wasserman,False,SAFE,True
001427,Nick Marrocco,1,Nick Marrocco,1,2022,2022,2022,False,1,CAN,False,1,goalie,False,1,goalie,False,1,0,nick marrocco,False,SAFE,True
001657,Brendan Bomberry,1,Brendan Bomberry,1,2022,2022,2022,False,1,CAN,False,1,attack,False,1,offensive_field,False,1,0,brendan bomberry,False,SAFE,True
001661,Warren Jeffrey,1,Warren Jeffrey,4,"2023,2024,2025,2026",2023,2026,False,1,ARC,False,1,defense,False,1,defensive_field,False,4,0,warren jeffrey,False,SAFE,True
001662,Andrew Kew,1,Andrew Kew,1,2022,2022,2022,False,1,CHA,False,1,attack,False,1,offensive_field,False,1,0,andrew kew,False,SAFE,True
001671,Zach Goodrich,1,Zach Goodrich,5,"2022,2023,2024,2025,2026",2022,2026,False,1,CAN,False,1,short_stick_defensive_midfield,False,1,defensive_field,False,5,0,zach goodrich,False,SAFE,True
001707,Matt Whitcher,1,Matt Whitcher,5,"2022,2023,2024,2025,2026",2022,2026,False,1,WAT,False,1,short_stick_defensive_midfield,False,1,defensive_field,False,5,0,matt whitcher,False,SAFE,True
001719,Jack Jasinski,1,Jack Jasinski,1,2023,2023,2023,False,1,CHA,False,1,unknown,False,1,unclassified_field,False,1,0,jack jasinski,False,SAFE,True
001724,Sean Sconone,1,Sean Sconone,3,"2022,2023,2024",2022,2024,False,2,"CHR,OUT",True,1,goalie,False,1,goalie,False,3,0,sean sconone,False,SAFE,True
001727,Bradley Voigt,1,Bradley Voigt,2,"2022,2023",2022,2023,False,1,CHA,False,1,attack,False,1,offensive_field,False,2,0,bradley voigt,False,SAFE,True
001729,Chris Aslanian,1,Chris Aslanian,5,"2022,2023,2024,2025,2026",2022,2026,False,2,"CAN,CHA",True,1,midfield,False,1,offensive_field,False,5,0,chris aslanian,False,SAFE,True
001733,Charlie Hayes,1,Charlie Hayes,4,"2023,2024,2025,2026",2023,2026,False,1,WAT,False,1,short_stick_defensive_midfield,False,1,defensive_field,False,4,0,charlie hayes,False,SAFE,True
001740,Andrew Newbold,1,Andrew Newbold,1,2022,2022,2022,False,1,CAN,False,1,long_stick_midfield,False,1,defensive_field,False,1,0,andrew newbold,False,SAFE,True
001746,Daniel Bucaro,1,Daniel Bucaro,1,2022,2022,2022,False,1,ATL,False,1,midfield,False,1,offensive_field,False,1,0,daniel bucaro,False,SAFE,True
001760,Pat Aslanian,1,Pat Aslanian,3,"2022,2023,2024",2022,2024,False,1,CAN,False,1,short_stick_defensive_midfield,False,1,defensive_field,False,3,0,pat aslanian,False,SAFE,True
001763,Alex Woodall,1,Alex Woodall,1,2022,2022,2022,False,1,CAN,False,1,faceoff,False,1,unclassified_field,False,1,0,alex woodall,False,SAFE,True
001766,Holden Garlent,1,Holden Garlent,2,"2022,2024",2022,2024,True,2,"CAN,RED",True,1,defense,False,1,defensive_field,False,2,0,holden garlent,False,SAFE,True
001773,Nick Washuta,1,Nick Washuta,4,"2022,2023,2025,2026",2022,2026,True,1,ARC,False,1,goalie,False,1,goalie,False,4,0,nick washuta,False,SAFE,True
001793,Chase Fraser,1,Chase Fraser,2,"2022,2023",2022,2023,False,1,CHA,False,1,attack,False,1,offensive_field,False,2,0,chase fraser,False,SAFE,True
001795,Christian Scarpello,1,Christian Scarpello,5,"2022,2023,2024,2025,2026",2022,2026,False,2,"CHA,WAT",True,1,short_stick_defensive_midfield,False,1,defensive_field,False,5,0,christian scarpello,False,SAFE,True
001796,Latrell Harris,1,Latrell Harris,2,"2022,2023",2022,2023,False,1,ARC,False,1,short_stick_defensive_midfield,False,1,defensive_field,False,2,0,latrell harris,False,SAFE,True
001797,JD Colarusso,1,JD Colarusso,1,2022,2022,2022,False,1,ATL,False,1,goalie,False,1,goalie,False,1,0,jd colarusso,False,SAFE,True
001809,Jeff Teat,1,Jeff Teat,4,"2022,2023,2024,2025",2022,2025,False,1,ATL,False,1,attack,False,1,offensive_field,False,4,0,jeff teat,False,SAFE,True
001810,Michael Sowers,1,Michael Sowers,5,"2022,2023,2024,2025,2026",2022,2026,False,1,WAT,False,1,attack,False,1,offensive_field,False,5,0,michael sowers,False,SAFE,True
001811,JT Giles-Harris,1,JT Giles-Harris,5,"2022,2023,2024,2025,2026",2022,2026,False,2,"CHR,OUT",True,1,defense,False,1,defensive_field,False,5,0,jt gilesharris,False,SAFE,True
001812,TD Ierlan,1,TD Ierlan,5,"2022,2023,2024,2025,2026",2022,2026,False,1,RED,False,1,faceoff,False,1,faceoff,False,5,0,td ierlan,False,SAFE,True
001813,Jared Conners,1,Jared Conners,5,"2022,2023,2024,2025,2026",2022,2026,False,2,"ARC,RED",True,1,long_stick_midfield,False,1,defensive_field,False,5,0,jared conners,False,SAFE,True
001814,Mac O'Keefe,1,Mac O'Keefe,5,"2022,2023,2024,2025,2026",2022,2026,False,2,"ARC,CHA",True,2,"attack,midfield",True,1,offensive_field,False,5,0,mac okeefe,False,SAFE,True
001815,Connor Kirst,1,Connor Kirst,5,"2022,2023,2024,2025,2026",2022,2026,False,2,"CAN,WHP",True,2,"midfield,short_stick_defensive_midfield",True,2,"defensive_field,offensive_field",True,5,0,connor kirst,False,SAFE_WITH_ROLE_CHANGE_CAVEAT,True
001816,Dox Aitken,1,Dox Aitken,4,"2022,2024,2025,2026",2022,2026,True,2,"ATL,WAT",True,1,midfield,False,1,offensive_field,False,4,0,dox aitken,False,SAFE,True
001817,Jack Kielty,1,Jack Kielty,4,"2022,2023,2025,2026",2022,2026,True,1,CAN,False,1,defense,False,1,defensive_field,False,4,0,jack kielty,False,SAFE,True
001818,Jake Carraway,1,Jake Carraway,3,"2022,2023,2024",2022,2024,False,2,"ATL,WAT",True,2,"attack,midfield",True,1,offensive_field,False,3,0,jake carraway,False,SAFE,True
001819,Danny Logan,1,Danny Logan,5,"2022,2023,2024,2025,2026",2022,2026,False,1,ATL,False,1,short_stick_defensive_midfield,False,1,defensive_field,False,5,0,danny logan,False,SAFE,True
001820,Ryan Terefenko,1,Ryan Terefenko,5,"2022,2023,2024,2025,2026",2022,2026,False,2,"CHR,OUT",True,1,short_stick_defensive_midfield,False,1,defensive_field,False,5,0,ryan terefenko,False,SAFE,True
001821,Tre Leclaire,1,Tre Leclaire,5,"2022,2023,2024,2025,2026",2022,2026,False,1,ARC,False,1,midfield,False,1,offensive_field,False,5,0,tre leclaire,False,SAFE,True
001823,Tanner Cook,1,Tanner Cook,1,2022,2022,2022,False,1,CHA,False,1,midfield,False,1,offensive_field,False,1,0,tanner cook,False,SAFE,True
001824,Ryan Tierney,1,Ryan Tierney,2,"2022,2024",2022,2024,True,2,"CAN,RED",True,1,midfield,False,1,offensive_field,False,2,0,ryan tierney,False,SAFE,True
001825,Peter Dearth,1,Peter Dearth,2,"2022,2023",2022,2023,False,1,ATL,False,1,short_stick_defensive_midfield,False,1,defensive_field,False,2,0,peter dearth,False,SAFE,True
001826,Jeff Trainor,1,Jeff Trainor,5,"2022,2023,2024,2025,2026",2022,2026,False,2,"ARC,CAN",True,2,"midfield,short_stick_defensive_midfield",True,2,"defensive_field,offensive_field",True,5,0,jeff trainor,False,SAFE_WITH_ROLE_CHANGE_CAVEAT,True
001827,Jared Bernhardt,1,Jared Bernhardt,2,"2025,2026",2025,2026,False,1,OUT,False,2,"attack,midfield",True,1,offensive_field,False,2,0,jared bernhardt,False,SAFE,True
001828,Justin Anderson,1,Justin Anderson,5,"2022,2023,2024,2025,2026",2022,2026,False,2,"CHR,OUT",True,1,midfield,False,1,offensive_field,False,5,0,justin anderson,False,SAFE,True
001831,Colin Squires,1,Colin Squires,4,"2022,2023,2024,2025",2022,2025,False,1,WHP,False,1,long_stick_midfield,False,1,defensive_field,False,4,0,colin squires,False,SAFE,True
001832,Charlie Bertrand,1,Charlie Bertrand,4,"2022,2023,2024,2025",2022,2025,False,1,RED,False,1,midfield,False,1,offensive_field,False,4,0,charlie bertrand,False,SAFE,True
001833,Stephen Rehfuss,1,Stephen Rehfuss,1,2022,2022,2022,False,1,CAN,False,1,midfield,False,1,offensive_field,False,1,0,stephen rehfuss,False,SAFE,True
001835,Ethan Walker,1,Ethan Walker,3,"2022,2023,2024",2022,2024,False,1,WAT,False,1,attack,False,1,offensive_field,False,3,0,ethan walker,False,SAFE,True
001836,Jackson Morrill,1,Jackson Morrill,3,"2022,2023,2024",2022,2024,False,2,"CHR,WHP",True,2,"attack,midfield",True,1,offensive_field,False,3,0,jackson morrill,False,SAFE,True
001838,Ryan Smith,1,Ryan Smith,2,"2022,2023",2022,2023,False,1,CHA,False,1,midfield,False,1,offensive_field,False,2,0,ryan smith,False,SAFE,True
001839,Nick Grill,1,Nick Grill,5,"2022,2023,2024,2025,2026",2022,2026,False,2,"CHR,OUT",True,1,long_stick_midfield,False,1,defensive_field,False,5,0,nick grill,False,SAFE,True
001843,Cole Williams,1,Cole Williams,4,"2022,2023,2025,2026",2022,2026,True,3,"ATL,CHA,CHR",True,1,midfield,False,1,offensive_field,False,4,0,cole williams,False,SAFE,True
001846,Adam Charalambides,1,Adam Charalambides,4,"2022,2023,2025,2026",2022,2026,True,2,"CAN,CHA",True,1,attack,False,1,offensive_field,False,4,0,adam charalambides,False,SAFE,True
002001,Kevin Rogers,1,Kevin Rogers,2,"2022,2023",2022,2023,False,2,"CHR,RED",True,1,midfield,False,1,offensive_field,False,2,0,kevin rogers,False,SAFE,True
002003,Will Perry,1,Will Perry,1,2023,2023,2023,False,1,CHA,False,1,midfield,False,1,offensive_field,False,1,0,will perry,False,SAFE,True
002006,Reid Bowering,1,Reid Bowering,4,"2023,2024,2025,2026",2023,2026,False,2,"ARC,ATL",True,2,"attack,midfield",True,1,offensive_field,False,4,0,reid bowering,False,SAFE,True
002007,Charlie Kitchen,1,Charlie Kitchen,1,2022,2022,2022,False,1,WAT,False,1,attack,False,1,offensive_field,False,1,0,charlie kitchen,False,SAFE,True
002014,Drake Porter,1,Drake Porter,1,2023,2023,2023,False,1,ATL,False,1,goalie,False,1,goalie,False,1,0,drake porter,False,SAFE,True
002015,Logan Wisnauskas,1,Logan Wisnauskas,5,"2022,2023,2024,2025,2026",2022,2026,False,2,"CHR,OUT",True,1,attack,False,1,offensive_field,False,5,0,logan wisnauskas,False,SAFE,True
002016,Chris Gray,1,Chris Gray,3,"2022,2023,2024",2022,2024,False,2,"ATL,RED",True,1,attack,False,1,offensive_field,False,3,0,chris gray,False,SAFE,True
002017,Arden Cohen,1,Arden Cohen,5,"2022,2023,2024,2025,2026",2022,2026,False,1,RED,False,2,"defense,long_stick_midfield",True,1,defensive_field,False,5,0,arden cohen,False,SAFE,True
002018,Matt Moore,1,Matt Moore,4,"2022,2023,2024,2025",2022,2025,False,1,ARC,False,2,"attack,midfield",True,1,offensive_field,False,4,0,matt moore,False,SAFE,True
002019,Koby Smith,1,Koby Smith,4,"2022,2023,2024,2025",2022,2025,False,1,ATL,False,1,long_stick_midfield,False,1,defensive_field,False,4,0,koby smith,False,SAFE,True
002020,Brett Kennedy,1,Brett Kennedy,3,"2022,2023,2024",2022,2024,False,2,"CHA,WHP",True,2,"defense,long_stick_midfield",True,1,defensive_field,False,3,0,brett kennedy,False,SAFE,True
002021,Roman Puglise,1,Roman Puglise,3,"2023,2024,2025",2023,2025,False,1,WHP,False,1,short_stick_defensive_midfield,False,1,defensive_field,False,3,0,roman puglise,False,SAFE,True
002022,Zach Geddes,1,Zach Geddes,5,"2022,2023,2024,2025,2026",2022,2026,False,2,"CHA,OUT",True,1,short_stick_defensive_midfield,False,1,defensive_field,False,5,0,zach geddes,False,SAFE,True
002023,Brendan Nichtern,1,Brendan Nichtern,3,"2022,2023,2026",2022,2026,True,2,"CHA,CHR",True,1,attack,False,1,offensive_field,False,3,0,brendan nichtern,False,SAFE,True
002024,Asher Nolting,1,Asher Nolting,5,"2022,2023,2024,2025,2026",2022,2026,False,1,CAN,False,1,attack,False,1,offensive_field,False,5,0,asher nolting,False,SAFE,True
002025,Bubba Fairman,1,Bubba Fairman,3,"2022,2023,2024",2022,2024,False,1,CAN,False,1,short_stick_defensive_midfield,False,1,defensive_field,False,3,0,bubba fairman,False,SAFE,True
002026,Brett Dobson,1,Brett Dobson,5,"2022,2023,2024,2025,2026",2022,2026,False,1,ARC,False,1,goalie,False,1,goalie,False,5,0,brett dobson,False,SAFE,True
002027,Brendan Curry,1,Brendan Curry,2,"2022,2023",2022,2023,False,1,ATL,False,1,midfield,False,1,offensive_field,False,2,0,brendan curry,False,SAFE,True
002028,Jack Hannah,1,Jack Hannah,5,"2022,2023,2024,2025,2026",2022,2026,False,1,WAT,False,1,midfield,False,1,offensive_field,False,5,0,jack hannah,False,SAFE,True
002029,Wheaton Jackoboice,1,Wheaton Jackoboice,2,"2022,2024",2022,2024,True,1,WHP,False,2,"midfield,short_stick_defensive_midfield",True,2,"defensive_field,offensive_field",True,2,0,wheaton jackoboice,False,SAFE_WITH_ROLE_CHANGE_CAVEAT,True
002030,Jonathan Donville,1,Jonathan Donville,5,"2022,2023,2024,2025,2026",2022,2026,False,2,"CAN,OUT",True,1,midfield,False,1,offensive_field,False,5,0,jonathan donville,False,SAFE,True
002031,Ryan McNulty,1,Ryan McNulty,1,2024,2024,2024,False,1,CHA,False,1,long_stick_midfield,False,1,defensive_field,False,1,0,ryan mcnulty,False,SAFE,True
002032,Justin Inacio,1,Justin Inacio,3,"2022,2025,2026",2022,2026,True,2,"ARC,CHA",True,1,faceoff,False,1,faceoff,False,3,0,justin inacio,False,SAFE,True
002033,Nakeie Montgomery,1,Nakeie Montgomery,4,"2022,2023,2024,2026",2022,2026,True,2,"RED,WAT",True,2,"midfield,short_stick_defensive_midfield",True,2,"defensive_field,offensive_field",True,4,0,nakeie montgomery,False,SAFE_WITH_ROLE_CHANGE_CAVEAT,True
002034,Keegan Khan,1,Keegan Khan,3,"2022,2023,2024",2022,2024,False,1,WHP,False,1,midfield,False,1,offensive_field,False,3,0,keegan khan,False,SAFE,True
002035,Max Wayne,1,Max Wayne,1,2023,2023,2023,False,1,CAN,False,1,defense,False,1,defensive_field,False,1,0,max wayne,False,SAFE,True
002036,Jake Higgins,1,Jake Higgins,2,"2022,2023",2022,2023,False,1,WAT,False,1,short_stick_defensive_midfield,False,1,defensive_field,False,2,0,jake higgins,False,SAFE,True
002037,Bryan McIntosh,1,Bryan McIntosh,1,2022,2022,2022,False,1,CAN,False,1,defense,False,1,defensive_field,False,1,0,bryan mcintosh,False,SAFE,True
002038,Colin Kirst,1,Colin Kirst,5,"2022,2023,2024,2025,2026",2022,2026,False,1,CAN,False,1,goalie,False,1,goalie,False,5,0,colin kirst,False,SAFE,True
002039,Owen McElroy,1,Owen McElroy,4,"2023,2024,2025,2026",2023,2026,False,2,"CHR,OUT",True,1,goalie,False,1,goalie,False,4,0,owen mcelroy,False,SAFE,True
002040,Jackson Reid,1,Jackson Reid,2,"2022,2023",2022,2023,False,1,WHP,False,2,"attack,midfield",True,1,offensive_field,False,2,0,jackson reid,False,SAFE,True
002041,Mitch Bartolo,1,Mitch Bartolo,1,2022,2022,2022,False,1,RED,False,1,midfield,False,1,offensive_field,False,1,0,mitch bartolo,False,SAFE,True
002042,Jon Robbins,1,Jon Robbins,5,"2022,2023,2024,2025,2026",2022,2026,False,2,"ARC,ATL",True,1,long_stick_midfield,False,1,defensive_field,False,5,0,jon robbins,False,SAFE,True
002043,Ryan Aughavin,1,Ryan Aughavin,3,"2022,2023,2024",2022,2024,False,1,ARC,False,1,midfield,False,1,offensive_field,False,3,0,ryan aughavin,False,SAFE,True
002046,Kevin Lindley,1,Kevin Lindley,1,2023,2023,2023,False,1,CHA,False,1,attack,False,1,offensive_field,False,1,0,kevin lindley,False,SAFE,True
002047,Frankie Labetti,1,Frankie Labetti,1,2022,2022,2022,False,1,ARC,False,1,faceoff,False,1,faceoff,False,1,0,frankie labetti,False,SAFE,True
002049,Marc O'Rourke,1,Marc O'Rourke,1,2023,2023,2023,False,1,ATL,False,1,midfield,False,1,offensive_field,False,1,0,marc orourke,False,SAFE,True
002051,Connor DeSimone,1,Connor DeSimone,2,"2022,2023",2022,2023,False,1,ARC,False,1,attack,False,1,offensive_field,False,2,0,connor desimone,False,SAFE,True
002054,Chris Merle,1,Chris Merle,4,"2023,2024,2025,2026",2023,2026,False,1,RED,False,1,short_stick_defensive_midfield,False,1,defensive_field,False,4,0,chris merle,False,SAFE,True
002055,Jakob Phaup,1,Jakob Phaup,1,2022,2022,2022,False,1,ATL,False,1,faceoff,False,1,faceoff,False,1,0,jakob phaup,False,SAFE,True
002056,Matt Rahill,1,Matt Rahill,2,"2022,2023",2022,2023,False,2,"CAN,WHP",True,1,defense,False,1,defensive_field,False,2,0,matt rahill,False,SAFE,True
002059,Brendan Krebs,1,Brendan Krebs,3,"2023,2024,2025",2023,2025,False,1,WHP,False,1,goalie,False,1,goalie,False,3,0,brendan krebs,False,SAFE,True
002062,Ryan Hallenbeck,1,Ryan Hallenbeck,1,2022,2022,2022,False,1,RED,False,1,short_stick_defensive_midfield,False,1,defensive_field,False,1,0,ryan hallenbeck,False,SAFE,True
002063,Ryan Kennedy,1,Ryan Kennedy,3,"2022,2023,2024",2022,2024,False,1,RED,False,2,"defense,long_stick_midfield",True,1,defensive_field,False,3,0,ryan kennedy,False,SAFE,True
002064,Joe Robertson,1,Joe Robertson,1,2022,2022,2022,False,1,RED,False,1,attack,False,1,offensive_field,False,1,0,joe robertson,False,SAFE,True
002065,Anthony DeMaio,1,Anthony DeMaio,2,"2022,2023",2022,2023,False,1,RED,False,1,midfield,False,1,offensive_field,False,2,0,anthony demaio,False,SAFE,True
002067,Zac Tucci,1,Zac Tucci,5,"2022,2023,2024,2025,2026",2022,2026,False,2,"CAN,WAT",True,1,faceoff,False,1,faceoff,False,5,0,zac tucci,False,SAFE,True
002072,Brennan Kamish,1,Brennan Kamish,1,2022,2022,2022,False,1,WHP,False,1,short_stick_defensive_midfield,False,1,defensive_field,False,1,0,brennan kamish,False,SAFE,True
002074,Alexander Smith,1,Alexander Smith,4,"2023,2024,2025,2026",2023,2026,False,2,"CHR,OUT",True,1,short_stick_defensive_midfield,False,1,defensive_field,False,4,0,alexander smith,False,SAFE,True
003003,Sean Lulley,1,Sean Lulley,1,2023,2023,2023,False,1,WHP,False,1,midfield,False,1,offensive_field,False,1,0,sean lulley,False,SAFE,True
003004,Mike Sisselberger,1,Mike Sisselberger,4,"2023,2024,2025,2026",2023,2026,False,1,ARC,False,1,faceoff,False,1,faceoff,False,4,0,mike sisselberger,False,SAFE,True
003005,Connor Maher,1,Connor Maher,4,"2023,2024,2025,2026",2023,2026,False,1,ARC,False,1,short_stick_defensive_midfield,False,1,defensive_field,False,4,0,connor maher,False,SAFE,True
003006,Piper Bond,1,Piper Bond,4,"2023,2024,2025,2026",2023,2026,False,1,ARC,False,1,short_stick_defensive_midfield,False,1,defensive_field,False,4,0,piper bond,False,SAFE,True
003007,Cam Wyers,1,Cam Wyers,4,"2023,2024,2025,2026",2023,2026,False,1,ARC,False,2,"defense,long_stick_midfield",True,1,defensive_field,False,4,0,cam wyers,False,SAFE,True
003008,Gavin Adler,1,Gavin Adler,4,"2023,2024,2025,2026",2023,2026,False,2,"ATL,WAT",True,1,defense,False,1,defensive_field,False,4,0,gavin adler,False,SAFE,True
003009,Brett Makar,1,Brett Makar,4,"2023,2024,2025,2026",2023,2026,False,1,ATL,False,2,"defense,long_stick_midfield",True,1,defensive_field,False,4,0,brett makar,False,SAFE,True
003010,Xander Dickson,1,Xander Dickson,4,"2023,2024,2025,2026",2023,2026,False,1,ATL,False,2,"attack,midfield",True,1,offensive_field,False,4,0,xander dickson,False,SAFE,True
003011,Payton Rezanka,1,Payton Rezanka,2,"2024,2025",2024,2025,False,1,ATL,False,1,short_stick_defensive_midfield,False,1,defensive_field,False,2,0,payton rezanka,False,SAFE,True
003013,Matt Campbell,1,Matt Campbell,4,"2023,2024,2025,2026",2023,2026,False,1,CAN,False,1,midfield,False,1,offensive_field,False,4,0,matt campbell,False,SAFE,True
003015,Will Bowen,1,Will Bowen,2,"2023,2024",2023,2024,False,1,CHA,False,1,defense,False,1,defensive_field,False,2,0,will bowen,False,SAFE,True
003016,Brian Minicus,1,Brian Minicus,2,"2023,2024",2023,2024,False,1,CHA,False,2,"attack,midfield",True,1,offensive_field,False,2,0,brian minicus,False,SAFE,True
003017,Tye Kurtz,1,Tye Kurtz,3,"2023,2024,2026",2023,2026,True,2,"CAN,CHA",True,2,"attack,midfield",True,1,offensive_field,False,3,0,tye kurtz,False,SAFE,True
003018,Nick Rowlett,1,Nick Rowlett,4,"2023,2024,2025,2026",2023,2026,False,1,CHA,False,1,faceoff,False,1,faceoff,False,4,0,nick rowlett,False,SAFE,True
003019,Sam Handley,1,Sam Handley,3,"2023,2024,2025",2023,2025,False,3,"CHR,OUT,RED",True,1,midfield,False,1,offensive_field,False,3,0,sam handley,False,SAFE,True
003020,Troy Hettinger,1,Troy Hettinger,2,"2023,2024",2023,2024,False,2,"ARC,CHR",True,2,"long_stick_midfield,unknown",True,2,"defensive_field,unclassified_field",True,2,0,troy hettinger,False,SAFE_WITH_ROLE_CHANGE_CAVEAT,True
003021,Jack Myers,1,Jack Myers,2,"2023,2024",2023,2024,False,2,"OUT,WHP",True,2,"attack,midfield",True,1,offensive_field,False,2,0,jack myers,False,SAFE,True
003022,Cross Ferrara,1,Cross Ferrara,3,"2023,2024,2025",2023,2025,False,3,"CHA,CHR,OUT",True,2,"attack,midfield",True,1,offensive_field,False,3,0,cross ferrara,False,SAFE,True
003023,Owen Grant,1,Owen Grant,3,"2023,2025,2026",2023,2026,True,2,"CAN,RED",True,2,"defense,long_stick_midfield",True,1,defensive_field,False,3,0,owen grant,False,SAFE,True
003024,Brian Tevlin,1,Brian Tevlin,4,"2023,2024,2025,2026",2023,2026,False,1,RED,False,1,short_stick_defensive_midfield,False,1,defensive_field,False,4,0,brian tevlin,False,SAFE,True
003025,Cole Kirst,1,Cole Kirst,3,"2023,2024,2025",2023,2025,False,1,RED,False,1,midfield,False,1,offensive_field,False,3,0,cole kirst,False,SAFE,True
003027,Thomas McConvey,1,Thomas McConvey,4,"2023,2024,2025,2026",2023,2026,False,1,WAT,False,1,midfield,False,1,offensive_field,False,4,0,thomas mcconvey,False,SAFE,True
003028,Alex Mazzone,1,Alex Mazzone,3,"2023,2024,2025",2023,2025,False,2,"WAT,WHP",True,1,long_stick_midfield,False,1,defensive_field,False,3,0,alex mazzone,False,SAFE,True
003029,Chris Fake,1,Chris Fake,4,"2023,2024,2025,2026",2023,2026,False,2,"RED,WAT",True,1,defense,False,1,defensive_field,False,4,0,chris fake,False,SAFE,True
003030,James Reilly,1,James Reilly,2,"2023,2024",2023,2024,False,2,"CHA,WAT",True,1,faceoff,False,1,faceoff,False,2,0,james reilly,False,SAFE,True
003031,Tucker Dordevic,1,Tucker Dordevic,2,"2023,2024",2023,2024,False,1,WHP,False,1,midfield,False,1,offensive_field,False,2,0,tucker dordevic,False,SAFE,True
003032,Petey LaSalla,1,Petey LaSalla,3,"2023,2024,2026",2023,2026,True,1,WHP,False,1,faceoff,False,1,faceoff,False,3,0,petey lasalla,False,SAFE,True
003033,Garrett Leadmon,1,Garrett Leadmon,2,"2023,2024",2023,2024,False,1,WHP,False,1,midfield,False,1,offensive_field,False,2,0,garrett leadmon,False,SAFE,True
003039,Chet Comizio,1,Chet Comizio,4,"2023,2024,2025,2026",2023,2026,False,1,ATL,False,1,short_stick_defensive_midfield,False,1,defensive_field,False,4,0,chet comizio,False,SAFE,True
003041,Ethan Rall,1,Ethan Rall,4,"2023,2024,2025,2026",2023,2026,False,1,CAN,False,1,long_stick_midfield,False,1,defensive_field,False,4,0,ethan rall,False,SAFE,True
003044,Tate Gallagher,1,Tate Gallagher,1,2026,2026,2026,False,1,WAT,False,1,unknown,False,1,unclassified_field,False,1,0,tate gallagher,False,SAFE,True
003045,Alex Simmons,1,Alex Simmons,1,2024,2024,2024,False,1,RED,False,1,attack,False,1,offensive_field,False,1,0,alex simmons,False,SAFE,True
003047,Evan Zinn,1,Evan Zinn,1,2023,2023,2023,False,1,CHA,False,1,unknown,False,1,unclassified_field,False,1,0,evan zinn,False,SAFE,True
003048,TJ Malone,1,TJ Malone,3,"2024,2025,2026",2024,2026,False,1,WHP,False,1,attack,False,1,offensive_field,False,3,0,tj malone,False,SAFE,True
003049,John Geppert,1,John Geppert,1,2023,2023,2023,False,1,ATL,False,1,long_stick_midfield,False,1,defensive_field,False,1,0,john geppert,False,SAFE,True
003052,Kyle Borda,1,Kyle Borda,1,2023,2023,2023,False,1,WAT,False,1,midfield,False,1,offensive_field,False,1,0,kyle borda,False,SAFE,True
003054,Jeff Conner,1,Jeff Conner,1,2023,2023,2023,False,1,WAT,False,1,midfield,False,1,offensive_field,False,1,0,jeff conner,False,SAFE,True
003056,Grayson Sallade,1,Grayson Sallade,1,2023,2023,2023,False,1,WHP,False,1,short_stick_defensive_midfield,False,1,defensive_field,False,1,0,grayson sallade,False,SAFE,True
003059,BJ Farrare,1,BJ Farrare,3,"2024,2025,2026",2024,2026,False,1,RED,False,2,"long_stick_midfield,short_stick_defensive_midfield",True,1,defensive_field,False,3,0,bj farrare,False,SAFE,True
003066,Jakob Patterson,1,Jakob Patterson,1,2023,2023,2023,False,1,CHA,False,1,unknown,False,1,unclassified_field,False,1,0,jakob patterson,False,SAFE,True
003068,Dylan Gergar,1,Dylan Gergar,1,2024,2024,2024,False,1,OUT,False,1,midfield,False,1,offensive_field,False,1,0,dylan gergar,False,SAFE,True
003069,Ricky Miezan,1,Ricky Miezan,1,2024,2024,2024,False,1,RED,False,1,short_stick_defensive_midfield,False,1,defensive_field,False,1,0,ricky miezan,False,SAFE,True
003070,Ronan Jacoby,1,Ronan Jacoby,1,2024,2024,2024,False,1,ATL,False,1,midfield,False,1,offensive_field,False,1,0,ronan jacoby,False,SAFE,True
003072,Kevin Winkoff,1,Kevin Winkoff,1,2024,2024,2024,False,1,WHP,False,1,midfield,False,1,offensive_field,False,1,0,kevin winkoff,False,SAFE,True
003073,Ron John,1,Ron John,1,2024,2024,2024,False,1,RED,False,1,short_stick_defensive_midfield,False,1,defensive_field,False,1,0,ron john,False,SAFE,True
003075,Brennan O'Neill,1,Brennan O'Neill,3,"2024,2025,2026",2024,2026,False,1,OUT,False,1,attack,False,1,offensive_field,False,3,0,brennan oneill,False,SAFE,True
003076,Connor Shellenberger,1,Connor Shellenberger,3,"2024,2025,2026",2024,2026,False,1,ATL,False,1,attack,False,1,offensive_field,False,3,0,connor shellenberger,False,SAFE,True
003077,Ajax Zappitello,1,Ajax Zappitello,3,"2024,2025,2026",2024,2026,False,1,WHP,False,1,defense,False,1,defensive_field,False,3,0,ajax zappitello,False,SAFE,True
003078,Shane Knobloch,1,Shane Knobloch,3,"2024,2025,2026",2024,2026,False,1,CHA,False,1,midfield,False,1,offensive_field,False,3,0,shane knobloch,False,SAFE,True
003079,Liam Entenmann,1,Liam Entenmann,3,"2024,2025,2026",2024,2026,False,1,ATL,False,1,goalie,False,1,goalie,False,3,0,liam entenmann,False,SAFE,True
003080,Pat Kavanagh,1,Pat Kavanagh,3,"2024,2025,2026",2024,2026,False,2,"CAN,OUT",True,1,attack,False,1,offensive_field,False,3,0,pat kavanagh,False,SAFE,True
003081,Matt Brandau,1,Matt Brandau,3,"2024,2025,2026",2024,2026,False,2,"WAT,WHP",True,2,"attack,midfield",True,1,offensive_field,False,3,0,matt brandau,False,SAFE,True
003082,Mason Woodward,1,Mason Woodward,3,"2024,2025,2026",2024,2026,False,1,ARC,False,2,"defense,long_stick_midfield",True,1,defensive_field,False,3,0,mason woodward,False,SAFE,True
003083,Jake Piseno,1,Jake Piseno,3,"2024,2025,2026",2024,2026,False,1,OUT,False,1,long_stick_midfield,False,1,defensive_field,False,3,0,jake piseno,False,SAFE,True
003084,Jake Stevens,1,Jake Stevens,3,"2024,2025,2026",2024,2026,False,1,ATL,False,1,midfield,False,1,offensive_field,False,3,0,jake stevens,False,SAFE,True
003085,Graham Bundy,1,Graham Bundy,3,"2024,2025,2026",2024,2026,False,1,OUT,False,1,midfield,False,1,offensive_field,False,3,0,graham bundy,False,SAFE,True
003086,Eric Dobson,1,Eric Dobson,2,"2024,2025",2024,2025,False,1,CHA,False,1,midfield,False,1,offensive_field,False,2,0,eric dobson,False,SAFE,True
003087,Beau Pederson,1,Beau Pederson,3,"2024,2025,2026",2024,2026,False,1,ARC,False,1,short_stick_defensive_midfield,False,1,defensive_field,False,3,0,beau pederson,False,SAFE,True
003088,Alexander Vardaro,1,Alexander Vardaro,2,"2024,2025",2024,2025,False,1,CAN,False,1,midfield,False,1,offensive_field,False,2,0,alexander vardaro,False,SAFE,True
003089,Kenny Brower,1,Kenny Brower,2,"2025,2026",2025,2026,False,1,WAT,False,1,defense,False,1,defensive_field,False,2,0,kenny brower,False,SAFE,True
003090,Dyson Williams,1,Dyson Williams,3,"2024,2025,2026",2024,2026,False,1,ARC,False,1,midfield,False,1,offensive_field,False,3,0,dyson williams,False,SAFE,True
003091,Garrett Degnon,1,Garrett Degnon,3,"2024,2025,2026",2024,2026,False,3,"CHA,RED,WHP",True,1,midfield,False,1,offensive_field,False,3,0,garrett degnon,False,SAFE,True
003092,Josh Zawada,1,Josh Zawada,2,"2024,2025",2024,2025,False,2,"CHA,OUT",True,2,"attack,midfield",True,1,offensive_field,False,2,0,josh zawada,False,SAFE,True
003093,Ross Scott,1,Ross Scott,3,"2024,2025,2026",2024,2026,False,1,CHA,False,2,"attack,midfield",True,1,offensive_field,False,3,0,ross scott,False,SAFE,True
003094,Levi Anderson,1,Levi Anderson,3,"2024,2025,2026",2024,2026,False,2,"ATL,WHP",True,1,midfield,False,1,offensive_field,False,3,0,levi anderson,False,SAFE,True
003095,Stephen Zupicich,1,Stephen Zupicich,1,2024,2024,2024,False,1,WHP,False,1,long_stick_midfield,False,1,defensive_field,False,1,0,stephen zupicich,False,SAFE,True
003096,Marcus Hudgins,1,Marcus Hudgins,3,"2024,2025,2026",2024,2026,False,1,WAT,False,2,"defense,long_stick_midfield",True,1,defensive_field,False,3,0,marcus hudgins,False,SAFE,True
003097,Colby Barsz,1,Colby Barsz,1,2024,2024,2024,False,1,ARC,False,1,defense,False,1,defensive_field,False,1,0,colby barsz,False,SAFE,True
003098,Luke Wierman,1,Luke Wierman,3,"2024,2025,2026",2024,2026,False,1,OUT,False,1,faceoff,False,1,faceoff,False,3,0,luke wierman,False,SAFE,True
003099,Tyler Carpenter,1,Tyler Carpenter,3,"2024,2025,2026",2024,2026,False,1,ATL,False,1,long_stick_midfield,False,1,defensive_field,False,3,0,tyler carpenter,False,SAFE,True
003100,Adam Poitras,1,Adam Poitras,3,"2024,2025,2026",2024,2026,False,1,WHP,False,1,midfield,False,1,offensive_field,False,3,0,adam poitras,False,SAFE,True
003101,Dylan Hess,1,Dylan Hess,2,"2025,2026",2025,2026,False,1,WAT,False,1,short_stick_defensive_midfield,False,1,defensive_field,False,2,0,dylan hess,False,SAFE,True
003102,Chayse Ierlan,1,Chayse Ierlan,2,"2024,2025",2024,2025,False,1,RED,False,1,goalie,False,1,goalie,False,2,0,chayse ierlan,False,SAFE,True
003103,Scott Smith,1,Scott Smith,2,"2025,2026",2025,2026,False,1,CHA,False,1,defense,False,1,defensive_field,False,2,0,scott smith,False,SAFE,True
003104,Michael Boehm,1,Michael Boehm,3,"2024,2025,2026",2024,2026,False,2,"RED,WAT",True,1,attack,False,1,offensive_field,False,3,0,michael boehm,False,SAFE,True
003105,Cole Kastner,1,Cole Kastner,2,"2025,2026",2025,2026,False,1,RED,False,1,defense,False,1,defensive_field,False,2,0,cole kastner,False,SAFE,True
003106,Dalton Young,1,Dalton Young,3,"2024,2025,2026",2024,2026,False,1,OUT,False,1,midfield,False,1,offensive_field,False,3,0,dalton young,False,SAFE,True
003108,Will Mark,1,Will Mark,2,"2025,2026",2025,2026,False,1,ATL,False,1,goalie,False,1,goalie,False,2,0,will mark,False,SAFE,True
003109,Chris Conlin,1,Chris Conlin,3,"2024,2025,2026",2024,2026,False,1,RED,False,1,defense,False,1,defensive_field,False,3,0,chris conlin,False,SAFE,True
003110,Carter Parlette,1,Carter Parlette,1,2025,2025,2025,False,1,RED,False,1,short_stick_defensive_midfield,False,1,defensive_field,False,1,0,carter parlette,False,SAFE,True
003111,AJ Mercurio,1,AJ Mercurio,2,"2024,2026",2024,2026,True,2,"WAT,WHP",True,1,defense,False,1,defensive_field,False,2,0,aj mercurio,False,SAFE,True
003112,Jack DiBenedetto,1,Jack DiBenedetto,2,"2024,2025",2024,2025,False,2,"ARC,WAT",True,1,defense,False,1,defensive_field,False,2,0,jack dibenedetto,False,SAFE,True
003114,Saam Olexo,1,Saam Olexo,1,2024,2024,2024,False,1,OUT,False,1,long_stick_midfield,False,1,defensive_field,False,1,0,saam olexo,False,SAFE,True
003115,Payton Cormier,1,Payton Cormier,1,2024,2024,2024,False,1,ATL,False,1,attack,False,1,offensive_field,False,1,0,payton cormier,False,SAFE,True
003119,Alec Stathakis,1,Alec Stathakis,3,"2024,2025,2026",2024,2026,False,1,WAT,False,1,faceoff,False,1,faceoff,False,3,0,alec stathakis,False,SAFE,True
003120,Jack VanOverbeke,1,Jack VanOverbeke,2,"2024,2025",2024,2025,False,2,"ARC,OUT",True,1,midfield,False,1,offensive_field,False,2,0,jack vanoverbeke,False,SAFE,True
003121,Brayden Mayea,1,Brayden Mayea,2,"2024,2026",2024,2026,True,2,"CHA,RED",True,1,attack,False,1,offensive_field,False,2,0,brayden mayea,False,SAFE,True
003125,Matt Knote,1,Matt Knote,2,"2025,2026",2025,2026,False,2,"RED,WHP",True,1,goalie,False,1,goalie,False,2,0,matt knote,False,SAFE,True
003126,Mike Robinson,1,Mike Robinson,1,2024,2024,2024,False,1,CAN,False,1,attack,False,1,offensive_field,False,1,0,mike robinson,False,SAFE,True
003128,Jack Posey,1,Jack Posey,3,"2024,2025,2026",2024,2026,False,2,"CHA,WHP",True,1,defense,False,1,defensive_field,False,3,0,jack posey,False,SAFE,True
003136,Jake Naso,1,Jake Naso,1,2025,2025,2025,False,1,ARC,False,1,faceoff,False,1,faceoff,False,1,0,jake naso,False,SAFE,True
003142,Jack Koras,1,Jack Koras,1,2024,2024,2024,False,1,WHP,False,1,midfield,False,1,offensive_field,False,1,0,jack koras,False,SAFE,True
003143,Logan McGovern,1,Logan McGovern,1,2024,2024,2024,False,1,ATL,False,1,midfield,False,1,offensive_field,False,1,0,logan mcgovern,False,SAFE,True
003145,JC Higginbotham,1,JC Higginbotham,1,2026,2026,2026,False,1,CAN,False,1,goalie,False,1,goalie,False,1,0,jc higginbotham,False,SAFE,True
003149,JJ Sillstrop,1,JJ Sillstrop,1,2025,2025,2025,False,1,CHA,False,1,midfield,False,1,offensive_field,False,1,0,jj sillstrop,False,SAFE,True
003151,Nathan Laliberte,1,Nathan Laliberte,1,2026,2026,2026,False,1,ATL,False,1,faceoff,False,1,faceoff,False,1,0,nathan laliberte,False,SAFE,True
003152,James Shipley,1,James Shipley,1,2026,2026,2026,False,1,WHP,False,1,short_stick_defensive_midfield,False,1,defensive_field,False,1,0,james shipley,False,SAFE,True
003153,Richie Connell,1,Richie Connell,1,2026,2026,2026,False,1,WHP,False,1,attack,False,1,offensive_field,False,1,0,richie connell,False,SAFE,True
003156,Aidan Danenza,1,Aidan Danenza,2,"2025,2026",2025,2026,False,1,RED,False,1,midfield,False,1,offensive_field,False,2,0,aidan danenza,False,SAFE,True
003157,Graydon Hogg,1,Graydon Hogg,2,"2025,2026",2025,2026,False,1,CAN,False,2,"attack,midfield",True,1,offensive_field,False,2,0,graydon hogg,False,SAFE,True
003159,CJ Kirst,1,CJ Kirst,2,"2025,2026",2025,2026,False,1,WAT,False,1,attack,False,1,offensive_field,False,2,0,cj kirst,False,SAFE,True
003160,Andrew McAdorey,1,Andrew McAdorey,2,"2025,2026",2025,2026,False,1,RED,False,1,midfield,False,1,offensive_field,False,2,0,andrew mcadorey,False,SAFE,True
003161,Sam English,1,Sam English,2,"2025,2026",2025,2026,False,1,RED,False,1,midfield,False,1,offensive_field,False,2,0,sam english,False,SAFE,True
003162,Coulter Mackesy,1,Coulter Mackesy,2,"2025,2026",2025,2026,False,1,CAN,False,1,attack,False,1,offensive_field,False,2,0,coulter mackesy,False,SAFE,True
003163,Brendan Lavelle,1,Brendan Lavelle,2,"2025,2026",2025,2026,False,1,ARC,False,1,defense,False,1,defensive_field,False,2,0,brendan lavelle,False,SAFE,True
003164,Matt Traynor,1,Matt Traynor,2,"2025,2026",2025,2026,False,1,ATL,False,1,midfield,False,1,offensive_field,False,2,0,matt traynor,False,SAFE,True
003165,Aidan Carroll,1,Aidan Carroll,2,"2025,2026",2025,2026,False,1,WHP,False,2,"attack,midfield",True,1,offensive_field,False,2,0,aidan carroll,False,SAFE,True
003166,Owen Hiltz,1,Owen Hiltz,2,"2025,2026",2025,2026,False,1,CHA,False,1,attack,False,1,offensive_field,False,2,0,owen hiltz,False,SAFE,True
003167,Jake Taylor,1,Jake Taylor,2,"2025,2026",2025,2026,False,2,"OUT,WAT",True,1,attack,False,1,offensive_field,False,2,0,jake taylor,False,SAFE,True
003168,Chris Kavanagh,1,Chris Kavanagh,2,"2025,2026",2025,2026,False,1,RED,False,1,attack,False,1,offensive_field,False,2,0,chris kavanagh,False,SAFE,True
003169,Logan McNaney,1,Logan McNaney,2,"2025,2026",2025,2026,False,1,OUT,False,1,goalie,False,1,goalie,False,2,0,logan mcnaney,False,SAFE,True
003170,Mic Kelly,1,Mic Kelly,2,"2025,2026",2025,2026,False,1,CAN,False,1,midfield,False,1,offensive_field,False,2,0,mic kelly,False,SAFE,True
003171,Levi Verch,1,Levi Verch,1,2025,2025,2025,False,1,CHA,False,1,long_stick_midfield,False,1,defensive_field,False,1,0,levi verch,False,SAFE,True
003172,Max Krevsky,1,Max Krevsky,2,"2025,2026",2025,2026,False,1,ATL,False,1,short_stick_defensive_midfield,False,1,defensive_field,False,2,0,max krevsky,False,SAFE,True
003173,Jack McDonald,1,Jack McDonald,2,"2025,2026",2025,2026,False,1,WHP,False,1,long_stick_midfield,False,1,defensive_field,False,2,0,jack mcdonald,False,SAFE,True
003174,Sam King,1,Sam King,2,"2025,2026",2025,2026,False,1,ARC,False,2,"attack,midfield",True,1,offensive_field,False,2,0,sam king,False,SAFE,True
003176,Emmet Carroll,1,Emmet Carroll,2,"2025,2026",2025,2026,False,1,WHP,False,1,goalie,False,1,goalie,False,2,0,emmet carroll,False,SAFE,True
003177,Mitchell Dunham,1,Mitchell Dunham,1,2026,2026,2026,False,1,ARC,False,1,defense,False,1,defensive_field,False,1,0,mitchell dunham,False,SAFE,True
003178,Michael Grace,1,Michael Grace,1,2025,2025,2025,False,1,ATL,False,1,long_stick_midfield,False,1,defensive_field,False,1,0,michael grace,False,SAFE,True
003179,Ben Wayer,1,Ben Wayer,2,"2025,2026",2025,2026,False,1,WAT,False,1,long_stick_midfield,False,1,defensive_field,False,2,0,ben wayer,False,SAFE,True
003180,Christian Mazur,1,Christian Mazur,2,"2025,2026",2025,2026,False,1,WHP,False,1,short_stick_defensive_midfield,False,1,defensive_field,False,2,0,christian mazur,False,SAFE,True
003181,Jimmy Freehill,1,Jimmy Freehill,2,"2025,2026",2025,2026,False,1,WAT,False,1,defense,False,1,defensive_field,False,2,0,jimmy freehill,False,SAFE,True
003182,Kevin Parnham,1,Kevin Parnham,1,2026,2026,2026,False,1,OUT,False,1,defense,False,1,defensive_field,False,1,0,kevin parnham,False,SAFE,True
003183,Jack Gray,1,Jack Gray,2,"2025,2026",2025,2026,False,1,OUT,False,1,short_stick_defensive_midfield,False,1,defensive_field,False,2,0,jack gray,False,SAFE,True
003184,Ben Ramsey,1,Ben Ramsey,2,"2025,2026",2025,2026,False,1,CAN,False,1,short_stick_defensive_midfield,False,1,defensive_field,False,2,0,ben ramsey,False,SAFE,True
003185,Carter Rice,1,Carter Rice,2,"2025,2026",2025,2026,False,1,RED,False,1,short_stick_defensive_midfield,False,1,defensive_field,False,2,0,carter rice,False,SAFE,True
003186,Hugh Kelleher,1,Hugh Kelleher,2,"2025,2026",2025,2026,False,1,ATL,False,1,midfield,False,1,offensive_field,False,2,0,hugh kelleher,False,SAFE,True
003188,Bryce Ford,1,Bryce Ford,2,"2025,2026",2025,2026,False,1,ARC,False,1,midfield,False,1,offensive_field,False,2,0,bryce ford,False,SAFE,True
003190,AJ Pilate,1,AJ Pilate,1,2025,2025,2025,False,1,OUT,False,1,defense,False,1,defensive_field,False,1,0,aj pilate,False,SAFE,True
003192,Jackson Eicher,1,Jackson Eicher,2,"2025,2026",2025,2026,False,1,CHA,False,1,attack,False,1,offensive_field,False,2,0,jackson eicher,False,SAFE,True
003193,Kyle Aldridge,1,Kyle Aldridge,1,2025,2025,2025,False,1,WHP,False,1,short_stick_defensive_midfield,False,1,defensive_field,False,1,0,kyle aldridge,False,SAFE,True
003194,Colin Sharkey,1,Colin Sharkey,1,2026,2026,2026,False,1,ARC,False,1,short_stick_defensive_midfield,False,1,defensive_field,False,1,0,colin sharkey,False,SAFE,True
003195,Brian Kelly,1,Brian Kelly,1,2026,2026,2026,False,1,CAN,False,1,attack,False,1,offensive_field,False,1,0,brian kelly,False,SAFE,True
003199,Gannon Matthews,1,Gannon Matthews,1,2025,2025,2025,False,1,CHA,False,1,unknown,False,1,unclassified_field,False,1,0,gannon matthews,False,SAFE,True
003203,CK Giancola,1,CK Giancola,1,2026,2026,2026,False,1,ARC,False,1,midfield,False,1,offensive_field,False,1,0,ck giancola,False,SAFE,True
003206,Greg Langermeier,1,Greg Langermeier,2,"2025,2026",2025,2026,False,1,CHA,False,1,short_stick_defensive_midfield,False,1,defensive_field,False,2,0,greg langermeier,False,SAFE,True
003208,Max Merklinger,1,Max Merklinger,1,2025,2025,2025,False,1,ARC,False,1,attack,False,1,offensive_field,False,1,0,max merklinger,False,SAFE,True
003209,Michael Lampert,1,Michael Lampert,2,"2025,2026",2025,2026,False,1,WAT,False,1,attack,False,1,offensive_field,False,2,0,michael lampert,False,SAFE,True
003211,Josh Balcarcel,1,Josh Balcarcel,2,"2025,2026",2025,2026,False,1,RED,False,1,midfield,False,1,offensive_field,False,2,0,josh balcarcel,False,SAFE,True
003212,Ray Dearth,1,Ray Dearth,2,"2025,2026",2025,2026,False,1,CHA,False,1,short_stick_defensive_midfield,False,1,defensive_field,False,2,0,ray dearth,False,SAFE,True
003215,Tommy Stull,1,Tommy Stull,1,2026,2026,2026,False,1,ARC,False,1,long_stick_midfield,False,1,defensive_field,False,1,0,tommy stull,False,SAFE,True
003220,Dylan Renner,1,Dylan Renner,1,2025,2025,2025,False,1,ARC,False,1,unknown,False,1,unclassified_field,False,1,0,dylan renner,False,SAFE,True
003228,Remington Reynolds,1,Remington Reynolds,1,2026,2026,2026,False,1,CAN,False,1,defense,False,1,defensive_field,False,1,0,remington reynolds,False,SAFE,True
003229,Matt Wright,1,Matt Wright,1,2026,2026,2026,False,1,RED,False,1,long_stick_midfield,False,1,defensive_field,False,1,0,matt wright,False,SAFE,True
003232,Casey Wilson,1,Casey Wilson,1,2026,2026,2026,False,1,WAT,False,1,midfield,False,1,offensive_field,False,1,0,casey wilson,False,SAFE,True
003233,Christian Fournier,1,Christian Fournier,1,2026,2026,2026,False,1,CAN,False,1,unknown,False,1,unclassified_field,False,1,0,christian fournier,False,SAFE,True
003238,Aidan McLane,1,Aidan McLane,1,2026,2026,2026,False,1,ATL,False,1,midfield,False,1,offensive_field,False,1,0,aidan mclane,False,SAFE,True
003242,Cooper Frankenheimer,1,Cooper Frankenheimer,1,2026,2026,2026,False,1,ATL,False,1,short_stick_defensive_midfield,False,1,defensive_field,False,1,0,cooper frankenheimer,False,SAFE,True
003246,Nathan Kapp,1,Nathan Kapp,1,2026,2026,2026,False,1,WHP,False,1,faceoff,False,1,faceoff,False,1,0,nathan kapp,False,SAFE,True
003248,Ryan Stines,1,Ryan Stines,1,2026,2026,2026,False,1,ARC,False,1,attack,False,1,offensive_field,False,1,0,ryan stines,False,SAFE,True
003249,Logan Ip,1,Logan Ip,1,2026,2026,2026,False,1,CAN,False,1,midfield,False,1,offensive_field,False,1,0,logan ip,False,SAFE,True
003250,Eric Spanos,1,Eric Spanos,1,2026,2026,2026,False,1,CHA,False,1,midfield,False,1,offensive_field,False,1,0,eric spanos,False,SAFE,True
003251,Nikko DiPonio,1,Nikko DiPonio,1,2026,2026,2026,False,1,ATL,False,1,defense,False,1,defensive_field,False,1,0,nikko diponio,False,SAFE,True
003252,Leo Johnson,1,Leo Johnson,1,2026,2026,2026,False,1,ARC,False,1,midfield,False,1,offensive_field,False,1,0,leo johnson,False,SAFE,True
003253,Marcus Wertheim,1,Marcus Wertheim,1,2026,2026,2026,False,1,RED,False,1,midfield,False,1,offensive_field,False,1,0,marcus wertheim,False,SAFE,True
003254,Peter Detwiler,1,Peter Detwiler,1,2026,2026,2026,False,1,CHA,False,1,short_stick_defensive_midfield,False,1,defensive_field,False,1,0,peter detwiler,False,SAFE,True
003255,Joe Juengerkes,1,Joe Juengerkes,1,2026,2026,2026,False,1,WHP,False,1,short_stick_defensive_midfield,False,1,defensive_field,False,1,0,joe juengerkes,False,SAFE,True
003256,Nolan Byrne,1,Nolan Byrne,1,2026,2026,2026,False,1,OUT,False,1,midfield,False,1,offensive_field,False,1,0,nolan byrne,False,SAFE,True
003257,Teddy Malone,1,Teddy Malone,1,2026,2026,2026,False,1,CHA,False,1,midfield,False,1,offensive_field,False,1,0,teddy malone,False,SAFE,True
003259,Liam Kammar,1,Liam Kammar,1,2026,2026,2026,False,1,ATL,False,1,short_stick_defensive_midfield,False,1,defensive_field,False,1,0,liam kammar,False,SAFE,True
003260,Jack Pilling,1,Jack Pilling,1,2026,2026,2026,False,1,WHP,False,1,short_stick_defensive_midfield,False,1,defensive_field,False,1,0,jack pilling,False,SAFE,True
003261,Truitt Sunderland,1,Truitt Sunderland,1,2026,2026,2026,False,1,WHP,False,1,midfield,False,1,offensive_field,False,1,0,truitt sunderland,False,SAFE,True
003264,Sean Byrne,1,Sean Byrne,1,2026,2026,2026,False,1,WAT,False,1,goalie,False,1,goalie,False,1,0,sean byrne,False,SAFE,True
003266,Silas Richmond,1,Silas Richmond,1,2026,2026,2026,False,1,WAT,False,1,attack,False,1,offensive_field,False,1,0,silas richmond,False,SAFE,True
003267,Mikey Weisshaar,1,Mikey Weisshaar,1,2026,2026,2026,False,1,CAN,False,1,midfield,False,1,offensive_field,False,1,0,mikey weisshaar,False,SAFE,True
003268,Jack Taylor,1,Jack Taylor,1,2026,2026,2026,False,1,CHA,False,1,midfield,False,1,offensive_field,False,1,0,jack taylor,False,SAFE,True
003269,Brendan Staub,1,Brendan Staub,1,2026,2026,2026,False,1,WAT,False,1,long_stick_midfield,False,1,defensive_field,False,1,0,brendan staub,False,SAFE,True
003270,Evan Plunkett,1,Evan Plunkett,1,2026,2026,2026,False,1,OUT,False,1,midfield,False,1,offensive_field,False,1,0,evan plunkett,False,SAFE,True
003271,Hunter Smith,1,Hunter Smith,1,2026,2026,2026,False,1,CAN,False,1,long_stick_midfield,False,1,defensive_field,False,1,0,hunter smith,False,SAFE,True
003273,Matt Collison,1,Matt Collison,1,2026,2026,2026,False,1,WAT,False,1,midfield,False,1,offensive_field,False,1,0,matt collison,False,SAFE,True
003274,Patty Eldredge,1,Patty Eldredge,1,2026,2026,2026,False,1,WAT,False,1,short_stick_defensive_midfield,False,1,defensive_field,False,1,0,patty eldredge,False,SAFE,True
003275,Andrew McMeekin,1,Andrew McMeekin,1,2026,2026,2026,False,1,CAN,False,1,faceoff,False,1,faceoff,False,1,0,andrew mcmeekin,False,SAFE,True
003276,Richard Checo,1,Richard Checo,1,2026,2026,2026,False,1,CHA,False,1,long_stick_midfield,False,1,defensive_field,False,1,0,richard checo,False,SAFE,True
003277,Joey Spallina,1,Joey Spallina,1,2026,2026,2026,False,1,WHP,False,1,attack,False,1,offensive_field,False,1,0,joey spallina,False,SAFE,True
003278,Aidan Maguire,1,Aidan Maguire,1,2026,2026,2026,False,1,ARC,False,1,short_stick_defensive_midfield,False,1,defensive_field,False,1,0,aidan maguire,False,SAFE,True
003279,Luke Rhoa,1,Luke Rhoa,1,2026,2026,2026,False,1,ATL,False,1,midfield,False,1,offensive_field,False,1,0,luke rhoa,False,SAFE,True
003280,Chad Palumbo,1,Chad Palumbo,1,2026,2026,2026,False,1,CHA,False,1,midfield,False,1,offensive_field,False,1,0,chad palumbo,False,SAFE,True
003281,Kyle Lewis,1,Kyle Lewis,1,2026,2026,2026,False,1,WAT,False,1,midfield,False,1,offensive_field,False,1,0,kyle lewis,False,SAFE,True
003282,Billy Dwan,1,Billy Dwan,1,2026,2026,2026,False,1,WHP,False,1,defense,False,1,defensive_field,False,1,0,billy dwan,False,SAFE,True
003283,Blake Eiland,1,Blake Eiland,1,2026,2026,2026,False,1,WHP,False,1,short_stick_defensive_midfield,False,1,defensive_field,False,1,0,blake eiland,False,SAFE,True
003284,Eric Kolar,1,Eric Kolar,1,2026,2026,2026,False,1,WHP,False,1,short_stick_defensive_midfield,False,1,defensive_field,False,1,0,eric kolar,False,SAFE,True
003285,Jack Regnery,1,Jack Regnery,1,2026,2026,2026,False,1,CAN,False,1,attack,False,1,offensive_field,False,1,0,jack regnery,False,SAFE,True
003286,Will Donovan,1,Will Donovan,1,2026,2026,2026,False,1,CAN,False,1,defense,False,1,defensive_field,False,1,0,will donovan,False,SAFE,True
003287,Dante Bowen,1,Dante Bowen,1,2026,2026,2026,False,1,RED,False,1,short_stick_defensive_midfield,False,1,defensive_field,False,1,0,dante bowen,False,SAFE,True
003288,Josh Yago,1,Josh Yago,1,2026,2026,2026,False,1,WAT,False,1,midfield,False,1,offensive_field,False,1,0,josh yago,False,SAFE,True
003289,Alex Ross,1,Alex Ross,1,2026,2026,2026,False,1,ATL,False,1,defense,False,1,defensive_field,False,1,0,alex ross,False,SAFE,True
003290,John Dunphey,1,John Dunphey,1,2026,2026,2026,False,1,OUT,False,1,midfield,False,1,offensive_field,False,1,0,john dunphey,False,SAFE,True
003291,Ryan Croddick,1,Ryan Croddick,1,2026,2026,2026,False,1,RED,False,1,goalie,False,1,goalie,False,1,0,ryan croddick,False,SAFE,True
003292,Henry Bard,1,Henry Bard,1,2026,2026,2026,False,1,CHA,False,1,defense,False,1,defensive_field,False,1,0,henry bard,False,SAFE,True
003293,Hunter Drouin,1,Hunter Drouin,1,2026,2026,2026,False,1,ATL,False,1,attack,False,1,offensive_field,False,1,0,hunter drouin,False,SAFE,True
003296,Cullen Brown,1,Cullen Brown,1,2026,2026,2026,False,1,RED,False,1,defense,False,1,defensive_field,False,1,0,cullen brown,False,SAFE,True
003297,Michael Leo,1,Michael Leo,1,2026,2026,2026,False,1,RED,False,1,midfield,False,1,offensive_field,False,1,0,michael leo,False,SAFE,True
003298,Finn Thomson,1,Finn Thomson,1,2026,2026,2026,False,1,RED,False,1,attack,False,1,offensive_field,False,1,0,finn thomson,False,SAFE,True
003300,Ty English,1,Ty English,1,2026,2026,2026,False,1,CHA,False,1,midfield,False,1,offensive_field,False,1,0,ty english,False,SAFE,True
003301,Carson Billig,1,Carson Billig,1,2026,2026,2026,False,1,ATL,False,1,short_stick_defensive_midfield,False,1,defensive_field,False,1,0,carson billig,False,SAFE,True
003302,Vinny Butrico,1,Vinny Butrico,1,2026,2026,2026,False,1,ATL,False,1,attack,False,1,offensive_field,False,1,0,vinny butrico,False,SAFE,True
003303,Leif Hagerup,1,Leif Hagerup,1,2026,2026,2026,False,1,CHA,False,1,short_stick_defensive_midfield,False,1,defensive_field,False,1,0,leif hagerup,False,SAFE,True
