alpha,beta,kappa,prior_mean,n_units,total_trials,median_trials,max_trials,p25_trials,p75_trials,observed_between_player_variance,binomial_noise_variance,excess_variance,implied_true_sd_between_players,raw_rate_sd,shrunk_rate_sd,n_reaching_reliability_gate,pct_reaching_reliability_gate,mean_reliability,median_reliability,max_reliability,prior_is_capped,between_player_spread_exceeds_noise,rate_name,scope,rate_description,provenance,reliability_gate,estimable_at_this_scope,verdict
44.41326701424064,110.53193832003362,154.94520533427425,0.28663853727144867,168,3555.0,10.0,84.0,3.0,36.0,0.010974252554730161,0.009663042724430927,0.0013112098302992346,0.03621063145402514,0.20803357113185802,0.012338909329453808,0,0.0,0.1069826196160373,0.06062619389108174,0.35154503260480807,False,True,shooting_pct,season_2022,"goals per shot attempt, all classes",phase_6_8_9,0.5,False,"LEAGUE-IDENTIFIED, PLAYER-UNIDENTIFIED: real between-player spread exists but no individual has enough trials to be separated from the prior"
75.816273636439,202.61120690998695,278.42748054642595,0.27230169050715214,167,3845.0,10.0,108.0,4.0,39.0,0.00931554700587553,0.008606406017070111,0.0007091409888054182,0.02662970125265055,0.1934293610895785,0.007610701995688902,0,0.0,0.07026671285070143,0.03467076015452826,0.2794832289030871,False,True,shooting_pct,season_2023,"goals per shot attempt, all classes",phase_6_8_9,0.5,False,"LEAGUE-IDENTIFIED, PLAYER-UNIDENTIFIED: real between-player spread exists but no individual has enough trials to be separated from the prior"
555.6556101175985,1576.3400234019127,2131.995633519511,0.2606269925611052,171,3764.0,12.0,98.0,3.5,37.0,0.00884480505078258,0.008754462360773554,9.034269000902581e-05,0.009504877169591716,0.15359021135906137,0.0010198634559833758,0,0.0,0.010100540387935274,0.005597026324303284,0.04394627439038103,False,True,shooting_pct,season_2024,"goals per shot attempt, all classes",phase_6_8_9,0.5,False,"LEAGUE-IDENTIFIED, PLAYER-UNIDENTIFIED: real between-player spread exists but no individual has enough trials to be separated from the prior"
36.75842351494454,98.7432161087726,135.50163962371715,0.27127659574468077,165,3760.0,12.0,109.0,4.0,34.0,0.010123261959143849,0.008675033169432592,0.0014482287897112575,0.03805560129220474,0.18975710290724143,0.014184926801921106,0,0.0,0.12610204746825557,0.08135502785333439,0.44580478138203367,False,True,shooting_pct,season_2025,"goals per shot attempt, all classes",phase_6_8_9,0.5,False,"LEAGUE-IDENTIFIED, PLAYER-UNIDENTIFIED: real between-player spread exists but no individual has enough trials to be separated from the prior"
19.272947446181924,51.50945167190661,70.78239911808853,0.27228446176327326,192,4106.0,9.0,98.0,3.0,37.25,0.012025820995611508,0.009265455835350002,0.002760365160261506,0.05253917738470509,0.1913599536892489,0.02361477385176939,13,6.770833333333333,0.18574222662516063,0.11280683583704729,0.580629262956704,False,True,shooting_pct,season_2026,"goals per shot attempt, all classes",phase_6_8_9,0.5,True,IDENTIFIABLE for 13 of 192 units (6.8%)
39.65514633509681,105.88727116864325,145.54241750374007,0.2724645296899632,863,19030.0,11.0,109.0,3.0,37.0,0.01034221055526316,0.008989512728057387,0.0013526978272057726,0.036779040596592136,0.1895796547748709,0.013167201873175802,0,0.0,0.11549903262794577,0.0702684944784195,0.42821939490064925,False,True,shooting_pct,pooled_player_seasons,"goals per shot attempt, all classes",phase_6_8_9,0.5,False,"LEAGUE-IDENTIFIED, PLAYER-UNIDENTIFIED: real between-player spread exists but no individual has enough trials to be separated from the prior"
28.0183765435258,74.81473929510409,102.8331158386299,0.2724645296899632,370,19030.0,18.0,391.0,4.0,59.75,0.005763234549374629,0.0038541363955750096,0.0019090981537996194,0.04369322777959554,0.1730350116266046,0.021713687989477818,66,17.83783783783784,0.23202383367402377,0.14896578537326327,0.7917654516465584,False,True,shooting_pct,pooled_player_career,"goals per shot attempt, all classes",phase_6_8_9,0.5,True,IDENTIFIABLE for 66 of 370 units (17.8%)
49.27515334838707,113.93276872020404,163.2079220685911,0.30191643103989946,156,3183.0,9.5,84.0,3.0,36.25,0.011613079559373596,0.010329567186444405,0.0012835123729291915,0.0358261409159456,0.23628372430607203,0.011502272919738193,0,0.0,0.09951661466046229,0.05499824192938296,0.3397949357654205,False,True,one_point_pct,season_2022,goals per one-point attempt,phase_6_8_9,0.5,False,"LEAGUE-IDENTIFIED, PLAYER-UNIDENTIFIED: real between-player spread exists but no individual has enough trials to be separated from the prior"
228.19716026052987,554.0250643438637,782.2222246043937,0.29172932330827067,157,3325.0,10.0,98.0,3.0,35.0,0.01002016136914362,0.009756349492080587,0.0002638118770630325,0.016242286694398436,0.22388446505228438,0.002746329630260073,0,0.0,0.025509671884440796,0.012622720859659837,0.1113355210316861,False,True,one_point_pct,season_2023,goals per one-point attempt,phase_6_8_9,0.5,False,"LEAGUE-IDENTIFIED, PLAYER-UNIDENTIFIED: real between-player spread exists but no individual has enough trials to be separated from the prior"
124.99963458816218,323.4469480363309,448.4465826244931,0.2787391841779976,152,3236.0,11.5,91.0,3.75,35.25,0.00989064969518861,0.009443335911628816,0.00044731378355979297,0.02114979393657997,0.20868275172675624,0.004424836746791509,0,0.0,0.04329164629398118,0.02500175125226494,0.1686914013937591,False,True,one_point_pct,season_2024,goals per one-point attempt,phase_6_8_9,0.5,False,"LEAGUE-IDENTIFIED, PLAYER-UNIDENTIFIED: real between-player spread exists but no individual has enough trials to be separated from the prior"
40.68553133410894,99.13335066080455,139.81888199491348,0.29098738849584743,148,3251.0,12.0,99.0,3.75,33.25,0.01085741972134675,0.009392319833395172,0.0014650998879515778,0.038276623256912015,0.2244092769175334,0.01327494310317996,0,0.0,0.12000667240632476,0.07904155163256996,0.4145400864999802,False,True,one_point_pct,season_2025,goals per one-point attempt,phase_6_8_9,0.5,False,"LEAGUE-IDENTIFIED, PLAYER-UNIDENTIFIED: real between-player spread exists but no individual has enough trials to be separated from the prior"
22.05266094698069,53.213113030764106,75.2657739777448,0.29299719887955183,168,3570.0,9.0,94.0,3.0,36.0,0.01246438510111416,0.009748227780154738,0.0027161573209594225,0.05211676621740285,0.2044326227918239,0.02309136738942209,8,4.761904761904762,0.17911909312410135,0.10680492891902904,0.5553396755351097,False,True,one_point_pct,season_2026,goals per one-point attempt,phase_6_8_9,0.5,True,IDENTIFIABLE for 8 of 168 units (4.8%)
45.52924468505561,110.77996530622856,156.30920999128418,0.2912767884092967,781,16565.0,10.0,99.0,3.0,36.0,0.011045182672245146,0.009732897009157141,0.0013122856630880045,0.03622548361427359,0.22084447808716062,0.012108848076029178,0,0.0,0.10609509354936857,0.06012896099094015,0.3877650947389626,False,True,one_point_pct,pooled_player_seasons,goals per one-point attempt,phase_6_8_9,0.5,False,"LEAGUE-IDENTIFIED, PLAYER-UNIDENTIFIED: real between-player spread exists but no individual has enough trials to be separated from the prior"
36.260767148003104,88.22827073938993,124.48903788739304,0.2912767884092967,340,16565.0,15.5,380.0,4.0,63.5,0.005882153722711069,0.004237112654434607,0.0016450410682764625,0.0405591058614026,0.1912344650688603,0.01886368692832437,47,13.823529411764707,0.20137686315597889,0.11071161067006807,0.7532373777461936,False,True,one_point_pct,pooled_player_career,goals per one-point attempt,phase_6_8_9,0.5,True,IDENTIFIABLE for 47 of 340 units (13.8%)
155913.97849462365,844086.0215053763,1000000.0,0.15591397849462366,102,372.0,2.0,17.0,1.0,4.0,0.024804958845595127,0.036085189785132706,-0.011280230939537578,0.00036277359082480563,0.21640762295241955,5.564058936774029e-07,0,0.0,3.6470298434783093e-06,1.999996000008e-06,1.6999711004912916e-05,True,False,two_point_pct,season_2022,goals per two-point attempt,phase_6_8_9,0.5,False,NOT IDENTIFIABLE: observed between-player spread does not exceed binomial noise; every shrunk value is the league mean
148076.9230769231,851923.0769230769,1000000.0,0.1480769230769231,114,520.0,3.0,35.0,1.0,6.0,0.022264349369835797,0.027655993969048703,-0.005391644599212906,0.00035517604336296715,0.18199232016794278,8.195860765446931e-07,0,0.0,4.5613570534462255e-06,2.999991000027e-06,3.49987750428735e-05,True,False,two_point_pct,season_2023,goals per two-point attempt,phase_6_8_9,0.5,False,NOT IDENTIFIABLE: observed between-player spread does not exceed binomial noise; every shrunk value is the league mean
149621.21212121213,850378.7878787878,1000000.0,0.14962121212121213,122,528.0,2.0,29.0,1.0,5.0,0.027482762249352463,0.0293989280503033,-0.0019161658009508378,0.0003566995623350463,0.2180305138958724,7.999791609216647e-07,0,0.0,4.3278249843198535e-06,1.999996000008e-06,2.8999159024388294e-05,True,False,two_point_pct,season_2024,goals per two-point attempt,phase_6_8_9,0.5,False,NOT IDENTIFIABLE: observed between-player spread does not exceed binomial noise; every shrunk value is the league mean
145383.10412573675,854616.8958742633,1000000.0,0.14538310412573674,120,509.0,2.0,28.0,1.0,5.0,0.02018851598908163,0.029291989900314803,-0.009103473911233173,0.00035248650032840837,0.19978167248560363,6.299341454524554e-07,0,0.0,4.241623942369544e-06,1.999996000008e-06,2.7999216021951386e-05,True,False,two_point_pct,season_2025,goals per two-point attempt,phase_6_8_9,0.5,False,NOT IDENTIFIABLE: observed between-player spread does not exceed binomial noise; every shrunk value is the league mean
134328.35820895524,865671.6417910449,1000000.0000000001,0.13432835820895522,127,536.0,2.0,29.0,1.0,5.0,0.0234450135245498,0.027552424999085667,-0.004107411474535867,0.00034100459543194973,0.1988533121557736,7.705683755495431e-07,0,0.0,4.220432551792444e-06,1.9999960000079996e-06,2.899915902438829e-05,True,False,two_point_pct,season_2026,goals per two-point attempt,phase_6_8_9,0.5,False,NOT IDENTIFIABLE: observed between-player spread does not exceed binomial noise; every shrunk value is the league mean
146044.6247464503,853955.3752535497,1000000.0,0.1460446247464503,585,2465.0,2.0,35.0,1.0,5.0,0.023641875412961276,0.02959781805782333,-0.005955942644862055,0.0003531507717868548,0.20345815317097202,7.250581450576234e-07,0,0.0,4.213634535686607e-06,1.999996000008e-06,3.49987750428735e-05,True,False,two_point_pct,pooled_player_seasons,goals per two-point attempt,phase_6_8_9,0.5,False,NOT IDENTIFIABLE: observed between-player spread does not exceed binomial noise; every shrunk value is the league mean
146044.6247464503,853955.3752535497,1000000.0,0.1460446247464503,271,2465.0,3.0,110.0,2.0,10.5,0.010224041136663663,0.01371112597208568,-0.0034870848354220177,0.0003531507717868548,0.1526508572504932,1.0521274926713838e-06,0,0.0,9.095648825789999e-06,2.999991000027e-06,0.00010998790133085361,True,False,two_point_pct,pooled_player_career,goals per two-point attempt,phase_6_8_9,0.5,False,NOT IDENTIFIABLE: observed between-player spread does not exceed binomial noise; every shrunk value is the league mean
8.400866222029885,8.485367810181064,16.88623403221095,0.4974979149291076,33,2398.0,20.0,276.0,3.0,115.0,0.01741716042003545,0.003440280819774743,0.013976879600260705,0.11822385377012841,0.22651661228319894,0.08588892327923364,17,51.515151515151516,0.517848826288423,0.5422076968479617,0.9423454158301143,False,True,faceoff_win_pct,season_2022,faceoffs won per faceoff taken,phase_6_8_9,0.5,True,IDENTIFIABLE for 17 of 33 units (51.5%)
1.6812373272325178,1.7032502545939907,3.3844875818265088,0.4967479674796748,40,2460.0,14.5,308.0,3.0,57.0,0.061081662467669814,0.00406486868755263,0.05701679378011718,0.23878189583826742,0.2705993901592974,0.18563029647316542,28,70.0,0.6975311530654814,0.810610454115805,0.9891308407553953,False,True,faceoff_win_pct,season_2023,faceoffs won per faceoff taken,phase_6_8_9,0.5,True,IDENTIFIABLE for 28 of 40 units (70.0%)
5.330826398866089,5.433074158914086,10.763900557780175,0.4952504317789292,41,2316.0,8.0,311.0,2.0,28.0,0.025674871796266305,0.0044253346742963075,0.021249537121969996,0.14577220970394184,0.21840955205842813,0.10702120904883847,18,43.90243902439025,0.46863092656978833,0.42635058608232274,0.9665472088723412,False,True,faceoff_win_pct,season_2024,faceoffs won per faceoff taken,phase_6_8_9,0.5,True,IDENTIFIABLE for 18 of 41 units (43.9%)
8.869245077816622,9.004309723671696,17.873554801488318,0.4962216624685139,38,2382.0,8.5,320.0,1.25,56.5,0.017233308356646954,0.003988017430012145,0.01324529092663481,0.11508818760687309,0.24574956737749862,0.07426579823437317,13,34.21052631578947,0.40844975216242924,0.322048871862557,0.9470998705063213,False,True,faceoff_win_pct,season_2025,faceoffs won per faceoff taken,phase_6_8_9,0.5,True,IDENTIFIABLE for 13 of 38 units (34.2%)
7.89704297160009,8.006386643514553,15.903429615114643,0.4965622612681436,47,2618.0,8.0,353.0,2.0,40.0,0.019277145592364722,0.004487946734821751,0.01478919885754297,0.12161085008149138,0.268589202791455,0.09103817315714756,18,38.297872340425535,0.4289032475227984,0.33468000738025605,0.9568899925064208,False,True,faceoff_win_pct,season_2026,faceoffs won per faceoff taken,phase_6_8_9,0.5,True,IDENTIFIABLE for 18 of 47 units (38.3%)
4.6555875287844275,4.72183182519003,9.377419353974457,0.4964678823722688,199,12174.0,10.0,353.0,2.0,50.5,0.028175939605191942,0.004086374018799715,0.024089565586392227,0.1552081363408254,0.24983673602900916,0.11835600469852128,102,51.256281407035175,0.5245309039128566,0.5160645913331552,0.9741225063893552,False,True,faceoff_win_pct,pooled_player_seasons,faceoffs won per faceoff taken,phase_6_8_9,0.5,True,IDENTIFIABLE for 102 of 199 units (51.3%)
5.173811859806888,5.247429963702221,10.421241823509108,0.49646788237226874,103,12174.0,18.0,1435.0,3.0,50.5,0.02400300389689614,0.0021150579092279933,0.021887945987668148,0.14794575353036715,0.22004752163712263,0.12223255202245394,56,54.36893203883495,0.547958049897982,0.6333291174177688,0.9927901697290944,False,True,faceoff_win_pct,pooled_player_career,faceoffs won per faceoff taken,phase_6_8_9,0.5,True,IDENTIFIABLE for 56 of 103 units (54.4%)
214.38251700058427,197.69754282678312,412.0800598273674,0.5202448210922788,14,2124.0,197.5,321.0,34.25,234.0,0.0022493501667984286,0.001645132797111668,0.0006042173696867606,0.02458083338063949,0.14013012183276732,0.011490911711353309,0,0.0,0.24115197255692375,0.32330106395871966,0.43787850412353607,False,True,save_pct,season_2022,saves per shot on goal faced (saves + goals allowed),phase_6_8_9,0.5,False,"LEAGUE-IDENTIFIED, PLAYER-UNIDENTIFIED: real between-player spread exists but no individual has enough trials to be separated from the prior"
459.8718413128709,391.770396952462,851.6422382653329,0.5399824253075571,17,2276.0,122.0,274.0,31.0,232.0,0.0021467021202882706,0.0018553707804617467,0.00029133133982652383,0.01706843108860694,0.05967695105928226,0.006529202094283195,0,0.0,0.12727980173394282,0.12530269867642396,0.24341659426555168,False,True,save_pct,season_2023,saves per shot on goal faced (saves + goals allowed),phase_6_8_9,0.5,False,"LEAGUE-IDENTIFIED, PLAYER-UNIDENTIFIED: real between-player spread exists but no individual has enough trials to be separated from the prior"
130.86226116857443,109.44235141208144,240.30461258065588,0.5445682451253482,14,2154.0,149.5,304.0,83.75,233.5,0.0026397770007793105,0.0016119737239416226,0.0010278032768376878,0.03205937112355275,0.12623395505025306,0.015549036157878667,3,21.428571428571427,0.34677621974973327,0.3832971777936428,0.5585107915192484,False,True,save_pct,season_2024,saves per shot on goal faced (saves + goals allowed),phase_6_8_9,0.5,True,IDENTIFIABLE for 3 of 14 units (21.4%)
223.26786607638599,190.25331946358705,413.52118553997303,0.5399188092016238,12,2217.0,212.5,320.0,84.5,270.25,0.001943816004230765,0.0013445547424732038,0.0005992612617575612,0.024479813352179816,0.06285382426583912,0.012387315941922685,0,0.0,0.28547324418896586,0.3389861828576166,0.4362518851646197,False,True,save_pct,season_2025,saves per shot on goal faced (saves + goals allowed),phase_6_8_9,0.5,False,"LEAGUE-IDENTIFIED, PLAYER-UNIDENTIFIED: real between-player spread exists but no individual has enough trials to be separated from the prior"
161.1278704932614,139.21248779866022,300.34035829192163,0.5364842454394693,16,2412.0,148.0,309.0,45.25,250.25,0.002474754352716978,0.0016495449408604483,0.0008252094118565297,0.02872645839390108,0.1476971171956099,0.0159281365759707,1,6.25,0.2942008769811729,0.3297729204588261,0.5071057509897693,False,True,save_pct,season_2026,saves per shot on goal faced (saves + goals allowed),phase_6_8_9,0.5,True,IDENTIFIABLE for 1 of 16 units (6.2%)
180.71528612465337,156.22019982599662,336.93548595065,0.5363498166860413,73,11183.0,158.0,321.0,46.0,246.0,0.0023591923716353284,0.001623316143285617,0.0007358762283497114,0.02712703869480986,0.11706425860682501,0.013822403453148242,0,0.0,0.27914347928909705,0.3192335253483,0.48788978076807576,False,True,save_pct,pooled_player_seasons,saves per shot on goal faced (saves + goals allowed),phase_6_8_9,0.5,False,"LEAGUE-IDENTIFIED, PLAYER-UNIDENTIFIED: real between-player spread exists but no individual has enough trials to be separated from the prior"
265.5944019466732,229.59436046907314,495.18876241574634,0.5363498166860413,27,11183.0,354.0,1316.0,115.0,573.0,0.0011015821963712151,0.0006004046009412557,0.0005011775954299595,0.0223869961234186,0.058997514069643146,0.01322202090508305,8,29.629629629629626,0.3767192049284439,0.4168684462956758,0.726594614160885,False,True,save_pct,pooled_player_career,saves per shot on goal faced (saves + goals allowed),phase_6_8_9,0.5,True,IDENTIFIABLE for 8 of 27 units (29.6%)
8.584979383696174,139.8670696033169,148.4520489870131,0.057829982423800746,200,23327.0,78.0,522.0,35.0,167.5,0.0008317164855086015,0.00046714687320841626,0.0003645696123001852,0.01909370609128006,0.061788758515363564,0.011220493586651342,55,27.500000000000004,0.35851117034337987,0.3444437811400561,0.7785791702608569,False,True,turnovers_per_touch,season_2022,turnovers per recorded touch,phase_6_8_9,0.5,True,IDENTIFIABLE for 55 of 200 units (27.5%)
5.1966470865406365,90.9968607008822,96.19350778742283,0.05402284630294032,200,24249.0,77.0,510.0,40.25,180.25,0.0009472971197251365,0.0004214967906327619,0.0005258003290923746,0.02293033643652824,0.05221726453237462,0.015648815523892065,77,38.5,0.45225611131460314,0.4445708964379962,0.8413155097313323,False,True,turnovers_per_touch,season_2023,turnovers per recorded touch,phase_6_8_9,0.5,True,IDENTIFIABLE for 77 of 200 units (38.5%)
8.234614688853204,143.6754918179733,151.9101065068265,0.05420715499586039,199,22949.0,83.0,451.0,40.0,161.0,0.0007798586325817791,0.00044457183882870354,0.00033528679375307554,0.018310838149933922,0.054101383230897276,0.010760590253839224,54,27.1356783919598,0.3608828675242087,0.3533266458145683,0.7480385469287095,False,True,turnovers_per_touch,season_2024,turnovers per recorded touch,phase_6_8_9,0.5,True,IDENTIFIABLE for 54 of 199 units (27.1%)
10.201510387358363,179.6039407072353,189.80545109459365,0.053747193921602494,195,23164.0,82.0,516.0,45.5,173.5,0.0006946842683768946,0.00042813825108338146,0.00026654601729351313,0.01632623708309766,0.04239444992400113,0.009182327596917346,45,23.076923076923077,0.3218634021734695,0.30168637041595747,0.7310796469477033,False,True,turnovers_per_touch,season_2025,turnovers per recorded touch,phase_6_8_9,0.5,True,IDENTIFIABLE for 45 of 195 units (23.1%)
5.680103345644057,103.14221261458408,108.82231596022814,0.052196126277260946,228,26228.0,73.0,524.0,31.75,164.0,0.0008805276909822741,0.0004300573995268907,0.0004504702914553834,0.021224285416837557,0.06439084043956954,0.012996091555097112,81,35.526315789473685,0.40531217703946504,0.4014908709883997,0.8280365385106497,False,True,turnovers_per_touch,season_2026,turnovers per recorded touch,phase_6_8_9,0.5,True,IDENTIFIABLE for 81 of 228 units (35.5%)
7.01930988292,122.14051568561118,129.15982556853118,0.05434592259646255,1022,119917.0,79.0,524.0,37.0,168.75,0.0008328363138736536,0.0004379952554355188,0.0003948410584381348,0.01987060790308477,0.05589514232715129,0.0121592944778539,313,30.626223091976517,0.38744075476073325,0.37951607513233293,0.8022538733822057,False,True,turnovers_per_touch,pooled_player_seasons,turnovers per recorded touch,phase_6_8_9,0.5,True,IDENTIFIABLE for 313 of 1022 units (30.6%)
7.5016749858276155,130.53397934522812,138.03565433105572,0.05434592259646255,419,119917.0,147.0,2177.0,44.0,378.5,0.0005492044776744655,0.0001795694833928399,0.0003696349942816256,0.019225893848703775,0.0581156973939372,0.014132003930711848,218,52.02863961813843,0.48810623945815407,0.5157249549884951,0.9403742857813816,False,True,turnovers_per_touch,pooled_player_career,turnovers per recorded touch,phase_6_8_9,0.5,True,IDENTIFIABLE for 218 of 419 units (52.0%)
637412.0956399437,362587.9043600563,1000000.0,0.6374120956399437,168,3555.0,10.0,84.0,3.0,36.0,0.010750346938605205,0.010922028096559476,-0.0001716811579542711,0.0004807470071192894,0.21876466522501134,2.290834360060134e-06,0,0.0,2.1159748739909722e-05,9.99990000099999e-06,8.399294459265422e-05,True,False,shots_on_goal_pct,season_2022,"shots on goal per shot attempt -- accuracy, separated from finishing",phase_10_new,0.5,False,NOT IDENTIFIABLE: observed between-player spread does not exceed binomial noise; every shrunk value is the league mean
40.45812900019036,24.3321692112765,64.79029821146686,0.6244473342002601,167,3845.0,10.0,108.0,4.0,39.0,0.013750154919811006,0.01018560410630558,0.003564550813505426,0.05970385928485215,0.2353275148209389,0.026392230978621638,15,8.982035928143713,0.21063728302043158,0.1337071818021819,0.6250350923512257,False,True,shots_on_goal_pct,season_2023,"shots on goal per shot attempt -- accuracy, separated from finishing",phase_10_new,0.5,True,IDENTIFIABLE for 15 of 167 units (9.0%)
112.96350232518171,71.18315109707206,184.14665342225376,0.6134431455897981,171,3764.0,12.0,98.0,3.5,37.0,0.01205371080934146,0.01077293879248042,0.0012807720168610398,0.0357878752772645,0.2494463832612128,0.010081627775357097,0,0.0,0.09622494462744471,0.061178713939957254,0.3473370986730635,False,True,shots_on_goal_pct,season_2024,"shots on goal per shot attempt -- accuracy, separated from finishing",phase_10_new,0.5,False,"LEAGUE-IDENTIFIED, PLAYER-UNIDENTIFIED: real between-player spread exists but no individual has enough trials to be separated from the prior"
36.626371446965,21.358957664861695,57.9853291118267,0.6316489361702128,165,3760.0,12.0,109.0,4.0,34.0,0.0141547050774743,0.010210189362996398,0.003944515714477901,0.0628053796619199,0.24803869923408234,0.02861370570266038,18,10.909090909090908,0.22772487094734134,0.17146450766596652,0.6527519547960102,False,True,shots_on_goal_pct,season_2025,"shots on goal per shot attempt -- accuracy, separated from finishing",phase_10_new,0.5,True,IDENTIFIABLE for 18 of 165 units (10.9%)
23.26515159565053,13.948215156099016,37.21336675174955,0.6251826595226497,192,4106.0,9.0,98.0,3.0,37.25,0.017089563662019924,0.010957434470757081,0.006132129191262842,0.07830791269892745,0.27978743126653405,0.039852783970798736,48,25.0,0.2722332254257582,0.1947488493609758,0.7247804144979768,False,True,shots_on_goal_pct,season_2026,"shots on goal per shot attempt -- accuracy, separated from finishing",phase_10_new,0.5,True,IDENTIFIABLE for 48 of 192 units (25.0%)
46.61581578938906,27.817727965609578,74.43354375499864,0.6262743037309512,863,19030.0,11.0,109.0,3.0,37.0,0.013717050753680281,0.01061425604768778,0.0031027947059925013,0.055702735175146484,0.2500765067932867,0.023232040757146005,40,4.634994206257242,0.18758656206332874,0.12875504768414103,0.5942206521702751,False,True,shots_on_goal_pct,pooled_player_seasons,"shots on goal per shot attempt -- accuracy, separated from finishing",phase_10_new,0.5,True,IDENTIFIABLE for 40 of 863 units (4.6%)
48.039517589101465,28.66731407062339,76.70683165972486,0.6262743037309512,370,19030.0,18.0,391.0,4.0,59.75,0.007562747377133813,0.004550723913840647,0.003012023463293166,0.05488190469811672,0.23083691394687783,0.027405671506052026,79,21.35135135135135,0.27101703815213457,0.1900602066878635,0.8359937754436478,False,True,shots_on_goal_pct,pooled_player_career,"shots on goal per shot attempt -- accuracy, separated from finishing",phase_10_new,0.5,True,IDENTIFIABLE for 79 of 370 units (21.4%)
50.43238847202048,61.7165735275854,112.14896199960589,0.4496910856134157,161,2266.0,7.0,55.0,3.0,24.0,0.01976985794609333,0.01758274982985533,0.002187108116238002,0.046766527733390705,0.2573087336488543,0.01528132577513798,0,0.0,0.10072698432920268,0.05874998726403637,0.32904781065962996,False,True,goals_per_shot_on_goal,season_2022,goals per shot ON GOAL -- finishing conditional on hitting the cage,phase_10_new,0.5,False,"LEAGUE-IDENTIFIED, PLAYER-UNIDENTIFIED: real between-player spread exists but no individual has enough trials to be separated from the prior"
436068.30487296963,563931.6951270304,1000000.0,0.43606830487296966,158,2401.0,6.5,66.0,2.0,26.75,0.016032993631208275,0.01618251256167978,-0.0001495189304715032,0.0004958956467299264,0.261604929172095,2.0400648586934057e-06,0,0.0,1.5195690964988233e-05,6.499957500279498e-06,6.599564428747703e-05,True,False,goals_per_shot_on_goal,season_2023,goals per shot ON GOAL -- finishing conditional on hitting the cage,phase_10_new,0.5,False,NOT IDENTIFIABLE: observed between-player spread does not exceed binomial noise; every shrunk value is the league mean
424859.24642702466,575140.7535729753,1000000.0,0.42485924642702466,156,2309.0,8.0,64.0,3.0,23.25,0.016430334251451236,0.016508966338582814,-7.863208713157835e-05,0.0004943213760286547,0.24353897617008252,1.894899528391359e-06,0,0.0,1.4800842497801848e-05,7.999936000511995e-06,6.399590426212723e-05,True,False,goals_per_shot_on_goal,season_2024,goals per shot ON GOAL -- finishing conditional on hitting the cage,phase_10_new,0.5,False,NOT IDENTIFIABLE: observed between-player spread does not exceed binomial noise; every shrunk value is the league mean
153.65955277143675,204.1261705934282,357.78572336486496,0.42947368421052634,148,2375.0,8.0,70.0,3.0,24.25,0.015951922455012722,0.015268991048257761,0.0006829314067549608,0.026132956334004018,0.23835203441894154,0.005518030706432689,0,0.0,0.04120932155285715,0.02187072783051223,0.16363332429468652,False,True,goals_per_shot_on_goal,season_2025,goals per shot ON GOAL -- finishing conditional on hitting the cage,phase_10_new,0.5,False,"LEAGUE-IDENTIFIED, PLAYER-UNIDENTIFIED: real between-player spread exists but no individual has enough trials to be separated from the prior"
37.508585368258416,48.61354221700041,86.12212758525882,0.4355278535255161,169,2567.0,7.0,62.0,2.0,26.0,0.019007069730389778,0.01618524536563942,0.002821824364750359,0.05312084680001213,0.25020454450937635,0.019627713818276597,0,0.0,0.1296252526580857,0.07517010383585883,0.4185735177501614,False,True,goals_per_shot_on_goal,season_2026,goals per shot ON GOAL -- finishing conditional on hitting the cage,phase_10_new,0.5,False,"LEAGUE-IDENTIFIED, PLAYER-UNIDENTIFIED: real between-player spread exists but no individual has enough trials to be separated from the prior"
90.26049958556015,117.20808943289808,207.46858901845823,0.4350562174861554,792,11918.0,8.0,70.0,3.0,25.0,0.017512232261039977,0.016333242628740828,0.0011789896322991489,0.03433641845474203,0.2516713937336343,0.008920489000722516,0,0.0,0.06320698364328495,0.03712838161907059,0.2522808086047655,False,True,goals_per_shot_on_goal,pooled_player_seasons,goals per shot ON GOAL -- finishing conditional on hitting the cage,phase_10_new,0.5,False,"LEAGUE-IDENTIFIED, PLAYER-UNIDENTIFIED: real between-player spread exists but no individual has enough trials to be separated from the prior"
59.531281181585605,77.30455471468001,136.83583589626562,0.4350562174861554,343,11918.0,12.0,286.0,3.0,45.5,0.008856766341833276,0.007073613916234981,0.001783152425598294,0.042227389519105894,0.2337554986528981,0.016932467601922248,18,5.247813411078718,0.15627797009282507,0.08062574397985484,0.6763854331168005,False,True,goals_per_shot_on_goal,pooled_player_career,goals per shot ON GOAL -- finishing conditional on hitting the cage,phase_10_new,0.5,True,IDENTIFIABLE for 18 of 343 units (5.2%)
0.25881089998818163,2.214502942640812,2.473313842628994,0.10464135021097047,168,3555.0,10.0,84.0,3.0,36.0,0.03140229946126688,0.00442761698740232,0.02697468247386456,0.1642397104048365,0.3095085980932547,0.18817540409881606,141,83.92857142857143,0.7365452856191743,0.8017115680857675,0.9713979523540623,False,True,two_point_attempt_share,season_2022,"share of a player's attempts taken from two-point range -- shot SELECTION, which is a choice, not a conversion skill",phase_10_new,0.5,True,IDENTIFIABLE for 141 of 168 units (83.9%)
0.4417496825312703,2.8246494123393724,3.2663990948706427,0.1352405721716515,167,3845.0,10.0,108.0,4.0,39.0,0.032491523683243095,0.005079517162113415,0.02741200652112968,0.16556571662373126,0.2994832323702938,0.1772198173131685,127,76.04790419161677,0.7048935539206767,0.7537840470867809,0.9706434366399728,False,True,two_point_attempt_share,season_2023,"share of a player's attempts taken from two-point range -- shot SELECTION, which is a choice, not a conversion skill",phase_10_new,0.5,True,IDENTIFIABLE for 127 of 167 units (76.0%)
0.4407708295578806,2.701390917517617,3.1421617470754977,0.14027630180658873,171,3764.0,12.0,98.0,3.5,37.0,0.034593810625543626,0.005478853672642801,0.029114956952900825,0.17063105506589596,0.33653499669257436,0.1772858386465807,128,74.85380116959064,0.7067370238341806,0.7924892231664106,0.9689332154583264,False,True,two_point_attempt_share,season_2024,"share of a player's attempts taken from two-point range -- shot SELECTION, which is a choice, not a conversion skill",phase_10_new,0.5,True,IDENTIFIABLE for 128 of 171 units (74.9%)
0.3980937243663294,2.542637913388874,2.9407316377552033,0.13537234042553192,165,3760.0,12.0,109.0,4.0,34.0,0.03483811767683767,0.005136356523692967,0.029701761153144705,0.17234198894391553,0.32283532244220214,0.18597630680097288,137,83.03030303030303,0.7254300551556364,0.8031735186030663,0.9737295656841736,False,True,two_point_attempt_share,season_2025,"share of a player's attempts taken from two-point range -- shot SELECTION, which is a choice, not a conversion skill",phase_10_new,0.5,True,IDENTIFIABLE for 137 of 165 units (83.0%)
0.33305110439627067,2.2182694826393403,2.551320587035611,0.13054067218704335,192,4106.0,9.0,98.0,3.0,37.25,0.03726723309701021,0.005307345976050575,0.03195988712095964,0.17877328413652763,0.35087496527848977,0.19732830002755458,145,75.52083333333334,0.7056560132228853,0.779131695998548,0.9746266824528951,False,True,two_point_attempt_share,season_2026,"share of a player's attempts taken from two-point range -- shot SELECTION, which is a choice, not a conversion skill",phase_10_new,0.5,True,IDENTIFIABLE for 145 of 192 units (75.5%)
0.37001894529302526,2.486557334190249,2.8565762794832743,0.12953231739358906,863,19030.0,11.0,109.0,3.0,37.0,0.03435005224686946,0.005113317907119039,0.029236734339750423,0.17098752685430135,0.3260828747807149,0.18560581043026406,704,81.57589803012746,0.7151206400283185,0.793846891045311,0.9744621516722819,False,True,two_point_attempt_share,pooled_player_seasons,"share of a player's attempts taken from two-point range -- shot SELECTION, which is a choice, not a conversion skill",phase_10_new,0.5,True,IDENTIFIABLE for 704 of 863 units (81.6%)
0.38781899747030285,2.6061751290448547,2.9939941265151577,0.12953231739358906,370,19030.0,18.0,391.0,4.0,59.75,0.030423080102798403,0.0021922683958679537,0.02823081170693045,0.16802027171425016,0.3177256855953545,0.2023801471838029,315,85.13513513513513,0.7587363387096944,0.8573880649640756,0.9924009143003492,False,True,two_point_attempt_share,pooled_player_career,"share of a player's attempts taken from two-point range -- shot SELECTION, which is a choice, not a conversion skill",phase_10_new,0.5,True,IDENTIFIABLE for 315 of 370 units (85.1%)
