category,metric_name,formula,unit,classification,source,interpretation,scope,zero_denominator,qualification
TEAM,possessions_per_game,P / GP,possessions/game,DERIVED_ADVANCED,possessions + games,Reconstructed team pace; regulation and overtime combined.,PROPOSED; final publication layer not built,NULL; never rank no-opportunity rows,"Show denominator; user-set filters, no inferred talent qualification"
TEAM,offensive_efficiency,100 * Q / P,PLL points/100 possessions,DERIVED_ADVANCED,possessions,Points produced on reconstructed offensive possessions.,PROPOSED; final publication layer not built,NULL; never rank no-opportunity rows,"Show denominator; user-set filters, no inferred talent qualification"
TEAM,defensive_efficiency,100 * Q_allowed / P_def,PLL points/100 possessions,DERIVED_ADVANCED,possessions,Points allowed on reconstructed defensive possessions.,PROPOSED; final publication layer not built,NULL; never rank no-opportunity rows,"Show denominator; user-set filters, no inferred talent qualification"
TEAM,net_efficiency,offensive_efficiency - defensive_efficiency,PLL points/100 possessions,DERIVED_ADVANCED,possessions,Difference between team scoring and conceding rates.,PROPOSED; final publication layer not built,NULL; never rank no-opportunity rows,"Show denominator; user-set filters, no inferred talent qualification"
TEAM,shots_per_possession,A / P,attempts/possession,DERIVED_ADVANCED,eligible events + possessions,Shot generation per reconstructed possession.,PROPOSED; final publication layer not built,NULL; never rank no-opportunity rows,"Show denominator; user-set filters, no inferred talent qualification"
TEAM,turnovers_per_possession,U_team / P,turnovers/possession,DERIVED_ADVANCED,team_game_stats + possessions,"Official team turnovers per reconstructed possession, including team-only turnovers.",PROPOSED; final publication layer not built,NULL; never rank no-opportunity rows,"Show denominator; user-set filters, no inferred talent qualification"
TEAM,shot_clock_expirations_per_possession,C / P,expirations/possession,DERIVED_ADVANCED,eligible events + possessions,Frequency of logged shot-clock expiration events.,PROPOSED; final publication layer not built,NULL; never rank no-opportunity rows,"Show denominator; user-set filters, no inferred talent qualification"
TEAM,mean_possession_span,mean(duration_seconds where M),seconds,DERIVED_ADVANCED,possessions,"Average observed span, restricted to measurable boundaries; not full possession duration.",PROPOSED; final publication layer not built,NULL; never rank no-opportunity rows,"Show denominator; user-set filters, no inferred talent qualification"
TEAM,median_possession_span,median(duration_seconds where M),seconds,DERIVED_ADVANCED,possessions,Median observed span over the same subset; less sensitive to long spans.,PROPOSED; final publication layer not built,NULL; never rank no-opportunity rows,"Show denominator; user-set filters, no inferred talent qualification"
OFFENSE,shooting_pct,(G1 + G2) / (A1 + A2),proportion,STANDARD,eligible shot events,"Conversion of all logged attempts into goals, independent of point value.",PROPOSED; final publication layer not built,NULL; never rank no-opportunity rows,"Show denominator; user-set filters, no inferred talent qualification"
OFFENSE,shots_on_goal_pct,SOG / A,proportion,DERIVED_ADVANCED,eligible shot events,Share of logged attempts classified as on goal; retain unresolved on-goal class count.,PROPOSED; final publication layer not built,NULL; never rank no-opportunity rows,"Show denominator; user-set filters, no inferred talent qualification"
OFFENSE,scoring_points_per_shot,(G1 + 2*G2) / (A1 + A2),PLL scoring points/attempt,DERIVED_ADVANCED,eligible shot events,Scoring return on shots. Assists excluded; traditional player points are a separate context field.,PROPOSED; final publication layer not built,NULL; never rank no-opportunity rows,"Show denominator; user-set filters, no inferred talent qualification"
OFFENSE,turnovers_per_touch,U / T,turnovers/touch proxy,DERIVED_ADVANCED,player_game_stats,Recorded ball security per feed touch count; not passing value.,PROPOSED; final publication layer not built,NULL; never rank no-opportunity rows,"Show denominator; user-set filters, no inferred talent qualification"
OFFENSE,turnovers_below_expected,T * u_s - U,turnover events,DERIVED_ADVANCED,player_game_stats,Recorded turnovers avoided relative to a season league touch baseline; positive means fewer turnovers.,PROPOSED; final publication layer not built,NULL; never rank no-opportunity rows,"Show denominator; user-set filters, no inferred talent qualification"
OFFENSE,shooting_value_above_expected,G1 + 2*G2 - A1*p1_s - 2*A2*p2_s,PLL scoring points,ORIGINAL_PLL_METRIC,eligible shot events,Scoring above season-average conversion on the same 1PT/2PT shot mix; no total-offense claim.,PROPOSED; final publication layer not built,NULL; never rank no-opportunity rows,"Show denominator; user-set filters, no inferred talent qualification"
PLL_2PT,two_point_attempt_rate,A2 / (A1 + A2),proportion,DERIVED_ADVANCED,eligible shot events,Shot selection: frequency of choosing the two-point shot.,PROPOSED; final publication layer not built,NULL; never rank no-opportunity rows,"Show denominator; user-set filters, no inferred talent qualification"
PLL_2PT,two_point_conversion_pct,G2 / A2,proportion,STANDARD,eligible shot events,Observed two-point conversion; not persistent shooting ability.,PROPOSED; final publication layer not built,NULL; never rank no-opportunity rows,"Show denominator; user-set filters, no inferred talent qualification"
PLL_2PT,two_point_shooting_value,2 * (G2 - A2*p2_s),PLL scoring points,ORIGINAL_PLL_METRIC,eligible shot events,The two-point component of shooting value; never add it again to total shooting value.,PROPOSED; final publication layer not built,NULL; never rank no-opportunity rows,"Show denominator; user-set filters, no inferred talent qualification"
PLL_2PT,team_two_point_attempt_share,sum_g A2_player_g / sum_g A2_team_g,proportion,DERIVED_ADVANCED,eligible events + player-game participation,"Share of team two-point attempts in the games the player appeared, respecting actual team in each game.",PROPOSED; final publication layer not built,NULL; never rank no-opportunity rows,"Show denominator; user-set filters, no inferred talent qualification"
FACEOFF,faceoff_pct,W / F,proportion,STANDARD,player_game_stats,Observed faceoff success with attempts and unassigned outcomes visible.,PROPOSED; final publication layer not built,NULL; never rank no-opportunity rows,"Show denominator; user-set filters, no inferred talent qualification"
FACEOFF,draw_share,sum_g F_player_g / sum_g F_team_g,proportion,DERIVED_ADVANCED,player_game_stats + team_game_stats,"Draw workload in appearances, following actual game team for transfers.",PROPOSED; final publication layer not built,NULL; never rank no-opportunity rows,"Show denominator; user-set filters, no inferred talent qualification"
FACEOFF,faceoff_wins_above_average,W - F*f_s,faceoff wins,DERIVED_ADVANCED,player_game_stats,Additional wins relative to all recorded league faceoff takers in that season; no point conversion.,PROPOSED; final publication layer not built,NULL; never rank no-opportunity rows,"Show denominator; user-set filters, no inferred talent qualification"
GOALIE,save_pct,SV / (SV + GA),proportion,STANDARD,player_game_stats,Observed saves among resolved saves and goals allowed; shots-faced denominator is explicitly resolved shots.,PROPOSED; final publication layer not built,NULL; never rank no-opportunity rows,"Show denominator; user-set filters, no inferred talent qualification"
GOALIE,one_point_save_pct,SV1 / (SV1 + GA1),proportion,DERIVED_ADVANCED,eligible saved/goal events with goalie_id,Observed one-point stopping among resolved attributable events; show attribution coverage.,PROPOSED; final publication layer not built,NULL; never rank no-opportunity rows,"Show denominator; user-set filters, no inferred talent qualification"
GOALIE,two_point_save_pct,SV2 / (SV2 + GA2),proportion,DERIVED_ADVANCED,eligible saved/goal events with goalie_id,Observed two-point stopping among resolved attributable events; show coverage and small denominator.,PROPOSED; final publication layer not built,NULL; never rank no-opportunity rows,"Show denominator; user-set filters, no inferred talent qualification"
GOALIE,saves_above_average,SV - (SV + GA)*s_s,saves,DERIVED_ADVANCED,player_game_stats,Saves above season league stopping results at the same resolved workload; not shot-quality adjusted.,PROPOSED; final publication layer not built,NULL; never rank no-opportunity rows,"Show denominator; user-set filters, no inferred talent qualification"
DEFENSE,caused_turnovers_per_game,CT / GP,events/game,DERIVED_ADVANCED,player_game_stats,"Recorded disruption, without individual defensive exposure adjustment.",PROPOSED; final publication layer not built,NULL; never rank no-opportunity rows,"Show denominator; user-set filters, no inferred talent qualification"
DEFENSE,ground_balls_per_game,GB / GP,events/game,DERIVED_ADVANCED,player_game_stats,"Recorded recoveries, including faceoff-related recoveries; no impact composite.",PROPOSED; final publication layer not built,NULL; never rank no-opportunity rows,"Show denominator; user-set filters, no inferred talent qualification"
DEFENSE,penalties_per_game,PEN / GP,penalties/game,DERIVED_ADVANCED,player_game_stats,"Penalty frequency per appearance, not per defensive possession or minute.",PROPOSED; final publication layer not built,NULL; never rank no-opportunity rows,"Show denominator; user-set filters, no inferred talent qualification"
