metric,pooled_mean,pooled_sd,n_team_seasons,mean_2022,mean_2023,mean_2024,mean_2025,mean_2026,season_range,between_season_F,share_variance_between_seasons,season_effect,pooling_guidance
shot_clock_expiration_rate,0.07659422839986445,0.020919875676913866,40,0.0520925510001313,0.07577009572999185,0.08241753520785158,0.0920741817462158,0.08061677831513168,0.039981630746084504,6.0069853785627405,0.40706046827755227,material,centre within season before pooling
team_possessions_per_game,43.93323135198135,2.446529857030027,40,41.27912296037296,45.690297202797204,44.3847465034965,44.47064393939394,43.84134615384615,4.411174242424245,4.8218083173626205,0.35528119795163976,material,centre within season before pooling
two_point_attempt_rate,0.1294899189881788,0.028649626345800545,40,0.10406732098353677,0.1355342644705125,0.1412672289742448,0.1354752739353699,0.13110550657723016,0.03719990799070802,2.3196025418015576,0.20954704859927578,modest,poolable; report the season mean alongside
shots_on_goal_pct,0.6262037150925217,0.02093455041514889,40,0.6369926234763856,0.6250683024010139,0.6125404985936912,0.6315822109812943,0.6248349400102232,0.024452124882694437,1.5800752172041486,0.1529587330179962,modest,poolable; report the season mean alongside
man_up_points_per_opportunity,0.40105418828349937,0.12062427092032448,40,0.3574509930488191,0.4888665180341314,0.37850112530140456,0.3790496796129318,0.4014026254202098,0.13141552498531228,1.4931891544963867,0.14577385343322796,modest,poolable; report the season mean alongside
shooting_pct,0.2713995389287458,0.021611335652473227,40,0.28484375764377917,0.2704456403279809,0.2590273061472221,0.27086739791645714,0.2718135926082899,0.02581645149655709,1.466380694314551,0.14353230739831346,modest,poolable; report the season mean alongside
one_point_conversion_pct,0.2900181675820048,0.02268519654114492,40,0.3002725955744111,0.2905803446109877,0.27661899731964296,0.2904799190650973,0.2921389813398852,0.02365359825476815,1.110214780637423,0.11259539526639521,modest,poolable; report the season mean alongside
ground_balls_per_possession,0.3582752722866286,0.03696122201863884,40,0.3685948445376636,0.373206687769423,0.35932693997580945,0.33928005640284936,0.3509678327473974,0.033926631366573645,1.0707842953268931,0.10903246249247256,modest,poolable; report the season mean alongside
points_per_shot,0.2901409916638173,0.022556171066965783,40,0.3006217127755689,0.28979476406065385,0.2802096578938078,0.2905328555086438,0.28954596808041216,0.020412054881761066,0.7836489222226237,0.08219821482999691,negligible,poolable as-is
offensive_efficiency,0.27082554417739735,0.026940799067402755,40,0.2812340488032232,0.26568721916675214,0.26399046262859555,0.2720763611519569,0.271139629136459,0.01724358617462768,0.46498795126050346,0.050459963021101784,negligible,poolable as-is
save_pct_official,0.5355370917751895,0.03763090313594324,40,0.5191948010374912,0.5386001879877371,0.5427467114326401,0.5394636467016343,0.537680111716445,0.023551910395148923,0.4528929844149428,0.04921202334764894,negligible,poolable as-is
shots_per_possession,0.9327527457224534,0.04865695959727748,40,0.9358334569575245,0.9124038195750639,0.9434696580824014,0.936009802569542,0.9360469914277353,0.031065838507337462,0.43439762877189586,0.04729734559957004,negligible,poolable as-is
defensive_efficiency,0.27244385238438085,0.025328455910281416,40,0.2824454932369219,0.2700345170533534,0.2658896873834179,0.2729945193519709,0.27085504489624024,0.016555805853504024,0.434123685091138,0.047268928422192734,negligible,poolable as-is
turnover_rate,0.3956868757854939,0.027446808250827525,40,0.4006627584998218,0.397197533682718,0.39864755019094705,0.39419592815412885,0.3877306083998536,0.012932150099968176,0.24190537504198883,0.026902571251853195,negligible,poolable as-is
points_per_game,11.895856643356643,1.3231220582570389,40,11.621503496503497,12.115646853146853,11.753350815850816,12.104166666666666,11.884615384615385,0.49414335664335596,0.1914334689159397,0.02140970679717523,negligible,poolable as-is
two_point_conversion_pct,0.14160173149216207,0.04549487714853511,40,0.1434808484341345,0.1420638869123155,0.14720832299855227,0.14589458660683954,0.12936101250896856,0.017847310489583712,0.17545951931924125,0.019658317752655478,negligible,poolable as-is
faceoff_win_pct,0.4955719330408298,0.11094143579817638,40,0.5025960456445918,0.5026678360931618,0.4875783121163255,0.4893921357095966,0.4956253356404738,0.015089523976836272,0.028784353551705038,0.0032788541547964455,negligible,poolable as-is
net_efficiency,-0.0016183082069834802,0.037695187939018916,40,-0.0012114444336986257,-0.004347297886601251,-0.0018992247548223497,-0.0009181582000139751,0.00028458424021880063,0.004631882126820051,0.01456070641129097,0.001661316168492026,negligible,poolable as-is
