input_name,category,what_it_measures,source_metric,readiness_class,supporting_statistic,justification,caveat_that_must_travel_with_it,evidence_files
availability_games_played,context,how many games a player was available for,player_stats_YEAR.csv: games_played,READY,every candidate cross-position transformation correlates with games played at rho 0.14 to 0.30,Games played is the one quantity in this project that is unambiguously comparable across every role: a game is a game. It is READY as a DENOMINATOR and as a disclosure.,"It is not READY as a value input. Every season-total measure already rewards availability implicitly, and a model that also adds it is counting durability twice. Whether an award SHOULD reward availability is a question about the award, not about the data.",cross_position_method_comparison.csv
scoring_production,production,"goals, one-point goals, two-point goals and PLL points a player actually recorded","player_stats_YEAR.csv: goals, scoring_points, one_point_goals, two_point_goals",READY,PLL points reconcile exactly to the official final score in every eligible team-game in all five seasons (Phase 9 check 7; the single documented exception is archers-cannons-2022-6-18),"It is OBSERVED, fully attributed, and needs no model. It is the only input in this table that requires no estimation of any kind.","It is production, not ability, and it is not comparable across roles: a goalie's scoring production is zero by job description, not by performance.",phase9_validation_report.csv
career_ability,ability estimate,"empirical-Bayes shrunk career rates for shooting, one-point conversion, faceoff, save and turnover tendency","player_career_2022_2026.csv, career_rate_estimates.csv",READY_WITH_CAVEAT,239 of 419 players reach reliability 0.5 on at least one rate; leave-one-season-out rank correlation never falls below 0.84,"Career pooling is the only aggregation that improves identification: pooling player-SEASONS as rows makes it worse (shooting kappa 70.8 -> 145.5, zero of 863 clearing the gate), pooling a player's CAREER makes it better. The estimates recompute exactly from the published successes and trials.","A career estimate answers 'how good has this player been across 2022-2026', not 'how good is he now'. Ageing, role change and team context are modelled nowhere. 44 players changed listed position and 97 changed team inside the window.","career_ability_reliability.csv, career_season_composition_sensitivity.csv"
possession_efficiency,team context,"points per offensive possession, and every other possession-denominated team rate","team_stats_YEAR.csv: offensive_efficiency, team_possessions_per_game",READY_WITH_CAVEAT,"2023 moves from 96.96 to 91.39 possessions per game and from 0.2520 to 0.2674 points per possession under the evidence-bounded repair; 2022, 2025 and 2026 are bit-identical",Phase 9 classified 2023 per-possession metrics NON_COMPARABLE. Phase 10 found the cause -- 201 post-goal faceoffs ordered before their own goal in 12 games -- and repaired it from the feed's own markerId sequence. After repair 2023 sits inside the five-season range on every possession metric and team rankings do not move at all.,"The repaired layer is published as possessions_repaired.csv and the frozen possessions.csv is unchanged, so any cross-season possession-denominated comparison must state WHICH layer it used. 89 2023 goals still have no faceoff logged after them, against 39 in 2026 and 51 in 2022, so a residual excess remains.","possession_stats_original_vs_repaired.csv, 2023_possession_repair_audit.csv"
shooting_value,value component,points produced on a player's own shot attempts against what league-average shots of the same class produce,player_stats_YEAR.csv: shooting_value_raw,READY_WITH_CAVEAT,single-season kappa 70.8 shots with 13 of 192 players clearing reliability 0.5; league components sum to zero to 10 decimal places,The VALUE accounting is exact and unbiased -- it is arithmetic on observed shots against a measured league baseline. What is unreliable is reading it as ability at one season's sample.,A single season's shooting value is dominated by conversion luck. Phase 7 measured the consequence: replacing the shooting component with its shrunk equivalent moves 219 of 228 total-value ranks.,"player_value_shrinkage.csv, career_ability_reliability.csv"
turnover_value,value component,"turnovers committed against the position group's turnovers-per-touch rate, priced at the empirical forward-window cost of a turnover",player_stats_YEAR.csv: turnover_value_raw,READY_WITH_CAVEAT,career kappa 138.0 touches; 218 of 419 players (52.0%) clear reliability 0.5 -- the highest count of any rate,"Turnover tendency is the best-evidenced player rate in the framework after faceoff win percentage, and it is already residualised against a position-group baseline, so the role effect is out of the expectation.","Roughly 19% of the league's turnovers name only a team, so every player's absolute turnover count is understated. The ratio is internally consistent because both sides of it are built from player-attributed sums, but the level is not the official level.","career_ability_reliability.csv, PLAYER_ADJUSTED_VALUE_METHODOLOGY.md"
two_point_production,production,"two-point goals, two-point attempts, the PLL points they generated and how often a player chose the long shot","player_stats_YEAR.csv: two_point_goals, two_point_attempts, two_point_conversion_pct (descriptive only)",READY_WITH_CAVEAT,2465 career attempts across 271 shooters; the league two-point return is +0.0004 points per attempt against the one-point shot over five seasons,Two-point GOALS and ATTEMPTS are OBSERVED counts and reconcile exactly (Phase 9 check 8: 1PT + 2PT reconstructs goals and points at team level in all five seasons). Counting them is not the same as estimating who is good at them.,"Two-point production must never be presented as, or silently converted into, two-point ability -- see the row below.","two_point_audit_2022_2026.csv, multi_season_two_point_analysis.csv"
usage,context,the share of his team's recorded offensive opportunities (shots + turnovers) a player personally took on,player_stats_YEAR.csv: offensive_play_share,READY_WITH_CAVEAT,the constant model still wins cross-validation on 844 player-seasons with folds cut by player; the usage/offensive-EPA correlation is negative in four of five seasons,"Usage is a countable share with a countable numerator and denominator. What it does NOT support is an expectation: five seasons say there is no reliable relationship between how much a player is used and how much value he produces, so a usage-adjusted expectation adds a parameter and no information.","It is NOT the share of team possessions a player was on the field for. The feed carries no lineup, shift or minutes data of any kind, in any season.",multi_season_usage_model.csv
opponent_adjustment,adjustment,correcting a player's or team's value for the strength of the opposition faced,not built,EXPERIMENTAL,"schedule connectivity 1.00 in every season, but strength-of-schedule spread is only 14-29% of between-team spread and the adjustment moves ranks by 2 places at most",Phase 9 established that this is feasible (all 28 pairings occur every season) and nearly worthless (a balanced round-robin leaves almost nothing to adjust for; in 2026 the adjustment is smaller than its own bootstrap standard error). It is EXPERIMENTAL rather than UNSUPPORTED because it is computable and correct -- just not worth the parameter.,"There is no player-level opponent adjustment anywhere: the feed carries no matchup or assignment data, so 'who did this attackman score against' is not answerable at the defender level.",multi_season_opponent_adjustment.csv
defensive_value_partial,value component,caused turnovers above the position group's per-GAME average -- and nothing else about defence,player_stats_YEAR.csv: defensive_value_partial_raw,NOT_COMPARABLE,"in all five seasons, 8434 turnover events carry 0 causing-defender ids and 0 closest-defender ids; caused turnovers correlate with games played at rho 0.64","The three raw fields that would carry individual defensive attribution -- causedTurnoverId, closestDefenderId, commitedTurnoverId -- exist in the schema and are empty in every one of the 51,000+ events of all five seasons. Caused turnovers survive only as a box-score total with no time, no context and no opponent. There is also no minutes, shift or lineup data anywhere, so a defender has no exposure denominator at all.","PARTIAL must stay in the name. A value of 0.0 means 'caused turnovers at his group's per-game rate, everything else unmeasured', NOT 'an average defender'.",defensive_attribution_audit.csv
faceoff_value,value component,"faceoff wins above the league win probability, priced at the empirical value of a possession-gaining event",player_stats_YEAR.csv: faceoff_value_raw,NOT_COMPARABLE,career kappa 10.4 draws -- five to seven times smaller than any other rate's -- with 54.4% of takers clearing reliability 0.5 and an implied true between-player sd of 0.148,"Faceoff is the ONE cleanly identified individual skill in this feed, and as a within-role measure it is READY. It is classified NOT_COMPARABLE because of what happens when it is put next to other roles: it is NULL for roughly four players in five, and the faceoff role supplies 25-75% of the top 20 under most transformations tested in section F while being 5% of the league.",Undefined for every player who never takes a draw. A model that treats a NULL faceoff value as zero is asserting that not taking draws is exactly average at taking them.,"career_ability_reliability.csv, cross_position_method_comparison.csv"
goalie_value,value component,points allowed on shots on goal faced against league expected points per shot on goal,player_stats_YEAR.csv: goalie_value_raw,NOT_COMPARABLE,career kappa 495 shots on goal against a median career of 354; 8 of 27 goalies clear reliability 0.5 (one of sixteen in 2026 alone). Pooled EPA_points_raw sd is 7.98 for goalies against 1.74 for close defenders -- 4.6x,"Career pooling is the single largest improvement Phase 9/10 found for any rate -- one goalie clears the gate on a season, eight do on a career -- so goalie ABILITY is estimable for about three goalies in ten. Goalie VALUE on the shared EPA scale is not comparable to a field player's: it is measured over 150-400 shots faced where a close defender's entire record is a handful of caused turnovers.","A goalie's total value is driven substantially by how many shots his team conceded, which is not his action. Counterfactual P4 in cross_position_counterfactuals.csv shows the size of that confound.","career_ability_reliability.csv, cross_position_value_audit.csv"
positional_normalization,transformation,putting roles on one scale so their values can be set side by side,"EPA_position_z, EPA_position_percentile, and the ten candidates tested in section F",NOT_COMPARABLE,"role EPA standard deviations differ by 4.6x pooled (3.2-6.4x by season) and role opportunity means by 21x. Only within-position z and percentile equalise the scale, and counterfactual P1 shows why that is not enough: five players who are each +2 SD within their own role receive 2.91 to 18.61 PLL points above their role baseline -- a 6.4x spread -- while receiving identical z-scores of 2.0","Standardisation removes the group effect. It does not establish that a 95th-percentile faceoff specialist and a 95th-percentile attackman contributed equally, and the counterfactual shows they did not contribute equally in points. Quantile-mapping the roles onto a common distribution equalises the scale only by ASSUMING the difference is entirely measurement -- which is the conclusion such a model would need to establish.","Baseline scope is settled: {'position': 53, 'position_season': 5} of the tested role/component combinations recommend a POSITION baseline rather than a POSITION-SEASON one, because between-season movement is within sampling error.","cross_position_method_comparison.csv, cross_position_counterfactuals.csv, positional_baselines.csv"
two_point_ability,ability estimate,an individual player's underlying two-point conversion rate,two_point_rate_shrunk (collapsed to the league mean by construction),UNSUPPORTED,"career: 271 shooters, 2465 attempts, median 3; observed between-player variance 0.010224 is BELOW binomial noise 0.013711 (excess -0.003487); prior capped at 1e6; max reliability 0.000110","Replicated in every season, in the pooled player-seasons, and now on the final career aggregation: the spread between players is no wider than chance alone predicts. Every shrunk value is the league mean and no player is separable from it. The binding constraint is attempts -- a median of 3 across an entire career.","INDIVIDUAL_TWO_POINT_ABILITY = UNSUPPORTED / DO_NOT_USE. This is a statement about identification, not about the shot: two-point PRODUCTION remains a legitimate descriptive statistic.",career_two_point_identification.csv
