game_slug,season,goals,faceoffs,periods,expected_faceoffs_lower_bound,faceoff_shortfall,goals_unfollowed_before_repair,goals_unfollowed_after_repair,resolved_by_repair,residual_status
archers-atlas-2022-6-25,2022,19,23,4,23,0,0.0,0.0,0.0,CLEAN
archers-atlas-2022-7-30,2022,22,26,4,26,0,1.0,1.0,0.0,UNRESOLVED_OTHER
archers-cannons-2022-6-18,2022,22,32,4,26,0,7.0,7.0,0.0,UNRESOLVED_OTHER
archers-redwoods-2022-7-1,2022,18,20,4,22,2,0.0,0.0,0.0,CLEAN
archers-waterdogs-2022-8-20,2022,27,31,4,31,0,0.0,0.0,0.0,CLEAN
archers-whipsnakes-2022-8-6,2022,23,27,4,27,0,0.0,0.0,0.0,CLEAN
atlas-cannons-2022-6-11,2022,21,25,4,25,0,2.0,2.0,0.0,UNRESOLVED_OTHER
atlas-chaos-2022-8-21,2022,18,22,4,22,0,0.0,0.0,0.0,CLEAN
atlas-chrome-2022-7-1,2022,24,28,4,28,0,1.0,1.0,0.0,UNRESOLVED_OTHER
atlas-whipsnakes-2022-6-17,2022,16,20,4,20,0,1.0,1.0,0.0,UNRESOLVED_OTHER
atlas-whipsnakes-2022-8-12,2022,23,27,4,27,0,0.0,0.0,0.0,CLEAN
cannons-archers-2022-7-24,2022,28,32,4,32,0,1.0,1.0,0.0,UNRESOLVED_OTHER
cannons-chrome-2022-6-25,2022,23,27,5,28,1,1.0,1.0,0.0,UNRESOLVED_MISSING_FACEOFF_EVENTS
cannons-chrome-2022-8-13,2022,20,23,4,24,1,0.0,0.0,0.0,CLEAN
cannons-redwoods-2022-8-5,2022,25,29,4,29,0,1.0,1.0,0.0,UNRESOLVED_OTHER
championship-2022-9-18,2022,19,23,4,23,0,1.0,1.0,0.0,UNRESOLVED_OTHER
chaos-archers-2022-6-10,2022,25,28,4,29,1,4.0,4.0,0.0,UNRESOLVED_MISSING_FACEOFF_EVENTS
chaos-archers-2022-8-13,2022,18,21,4,22,1,0.0,0.0,0.0,CLEAN
chaos-cannons-2022-7-2,2022,24,28,4,28,0,1.0,1.0,0.0,UNRESOLVED_OTHER
chaos-chrome-2022-8-6,2022,21,25,4,25,0,0.0,0.0,0.0,CLEAN
chaos-waterdogs-2022-6-24,2022,24,28,4,28,0,2.0,2.0,0.0,UNRESOLVED_OTHER
chrome-archers-2022-6-05,2022,20,24,4,24,0,2.0,2.0,0.0,UNRESOLVED_OTHER
chrome-redwoods-2022-6-10,2022,15,19,4,19,0,1.0,1.0,0.0,UNRESOLVED_OTHER
chrome-redwoods-2022-8-20,2022,24,28,4,28,0,0.0,0.0,0.0,CLEAN
chrome-waterdogs-2022-7-24,2022,20,24,5,25,1,0.0,0.0,0.0,CLEAN
chrome-whipsnakes-2022-7-30,2022,16,20,4,20,0,0.0,0.0,0.0,CLEAN
playoffs-quarterfinal-1-2022-9-3,2022,14,18,4,18,0,0.0,0.0,0.0,CLEAN
playoffs-quarterfinal-2-2022-9-3,2022,21,25,4,25,0,1.0,1.0,0.0,UNRESOLVED_OTHER
playoffs-quarterfinal-3-2022-9-3,2022,29,33,4,33,0,1.0,1.0,0.0,UNRESOLVED_OTHER
playoffs-semifinal-1-2022-9-11,2022,16,20,4,20,0,0.0,0.0,0.0,CLEAN
playoffs-semifinal-2-2022-9-11,2022,21,25,4,25,0,0.0,0.0,0.0,CLEAN
redwoods-atlas-2022-6-04,2022,26,30,4,30,0,0.0,0.0,0.0,CLEAN
redwoods-atlas-2022-7-23,2022,27,31,4,31,0,2.0,2.0,0.0,UNRESOLVED_OTHER
redwoods-chaos-2022-6-18-1,2022,17,21,4,21,0,0.0,0.0,0.0,CLEAN
redwoods-chaos-2022-7-31,2022,26,30,4,30,0,1.0,1.0,0.0,UNRESOLVED_OTHER
redwoods-whipsnakes-2022-6-24,2022,21,25,4,25,0,1.0,1.0,0.0,UNRESOLVED_OTHER
waterdogs-atlas-2022-8-6,2022,28,31,5,33,2,1.0,1.0,0.0,UNRESOLVED_MISSING_FACEOFF_EVENTS
waterdogs-cannons-2022-6-05,2022,26,30,4,30,0,0.0,0.0,0.0,CLEAN
waterdogs-cannons-2022-7-31,2022,29,33,4,33,0,2.0,2.0,0.0,UNRESOLVED_OTHER
waterdogs-chrome-2022-6-17,2022,30,33,4,34,1,7.0,7.0,0.0,UNRESOLVED_MISSING_FACEOFF_EVENTS
waterdogs-redwoods-2022-8-12,2022,25,27,4,29,2,2.0,2.0,0.0,UNRESOLVED_MISSING_FACEOFF_EVENTS
whipsnakes-cannons-2022-8-21,2022,18,22,4,22,0,0.0,0.0,0.0,CLEAN
whipsnakes-chaos-2022-6-04,2022,16,20,4,20,0,1.0,1.0,0.0,UNRESOLVED_OTHER
whipsnakes-chaos-2022-7-23,2022,26,30,4,30,0,1.0,1.0,0.0,UNRESOLVED_OTHER
whipsnakes-waterdogs-2022-6-11,2022,22,26,5,27,1,2.0,2.0,0.0,UNRESOLVED_MISSING_FACEOFF_EVENTS
whipsnakes-waterdogs-2022-7-2,2022,20,23,4,24,1,3.0,3.0,0.0,UNRESOLVED_MISSING_FACEOFF_EVENTS
championship-2023-9-22,2023,27,31,4,31,0,27.0,3.0,24.0,UNRESOLVED_OTHER
game-1-2023-06-02,2023,25,29,4,29,0,0.0,0.0,0.0,CLEAN
game-10-2023-06-16,2023,26,29,4,30,1,6.0,6.0,0.0,UNRESOLVED_MISSING_FACEOFF_EVENTS
game-11-2023-06-16,2023,24,28,4,28,0,4.0,4.0,0.0,UNRESOLVED_OTHER
game-12-2023-06-16,2023,26,30,4,30,0,5.0,5.0,0.0,UNRESOLVED_OTHER
game-13-2023-07-07,2023,16,20,4,20,0,0.0,0.0,0.0,CLEAN
game-14-2023-07-07,2023,28,32,4,32,0,1.0,1.0,0.0,UNRESOLVED_OTHER
game-15-2023-07-07,2023,21,25,4,25,0,0.0,0.0,0.0,CLEAN
game-16-2023-07-07,2023,24,28,4,28,0,2.0,2.0,0.0,UNRESOLVED_OTHER
game-17-2023-07-14,2023,28,32,4,32,0,26.0,2.0,24.0,UNRESOLVED_OTHER
game-18-2023-07-14,2023,13,17,4,17,0,0.0,0.0,0.0,CLEAN
game-19-2023-07-14,2023,18,22,4,22,0,18.0,1.0,17.0,UNRESOLVED_OTHER
game-2-2023-06-02,2023,28,32,4,32,0,3.0,3.0,0.0,UNRESOLVED_OTHER
game-20-2023-07-14,2023,26,30,4,30,0,0.0,0.0,0.0,CLEAN
game-23-2023-07-28,2023,18,22,4,22,0,0.0,0.0,0.0,CLEAN
game-24-2023-07-28,2023,26,30,4,30,0,2.0,2.0,0.0,UNRESOLVED_OTHER
game-25-2023-07-28,2023,34,38,4,38,0,1.0,1.0,0.0,UNRESOLVED_OTHER
game-26-2023-07-28,2023,31,34,4,35,1,1.0,1.0,0.0,UNRESOLVED_MISSING_FACEOFF_EVENTS
game-27-2023-08-04,2023,25,28,5,30,2,1.0,1.0,0.0,UNRESOLVED_MISSING_FACEOFF_EVENTS
game-28-2023-08-04,2023,16,20,4,20,0,2.0,2.0,0.0,UNRESOLVED_OTHER
game-29-2023-08-04,2023,24,28,4,28,0,0.0,0.0,0.0,CLEAN
game-3-2023-06-02,2023,14,18,5,19,1,0.0,0.0,0.0,CLEAN
game-30-2023-08-04,2023,19,23,4,23,0,2.0,2.0,0.0,UNRESOLVED_OTHER
game-31-2023-08-11,2023,19,22,4,23,1,18.0,2.0,16.0,UNRESOLVED_MISSING_FACEOFF_EVENTS
game-32-2023-08-11,2023,16,20,4,20,0,0.0,0.0,0.0,CLEAN
game-33-2023-08-11,2023,25,29,4,29,0,0.0,0.0,0.0,CLEAN
game-34-2023-08-11,2023,28,32,5,33,1,3.0,3.0,0.0,UNRESOLVED_MISSING_FACEOFF_EVENTS
game-35-2023-08-18,2023,23,26,4,27,1,0.0,0.0,0.0,CLEAN
game-36-2023-08-18,2023,24,28,4,28,0,1.0,1.0,0.0,UNRESOLVED_OTHER
game-37-2023-08-18,2023,18,22,5,23,1,2.0,2.0,0.0,UNRESOLVED_MISSING_FACEOFF_EVENTS
game-38-2023-08-18,2023,16,20,4,20,0,10.0,0.0,10.0,CLEAN
game-39-2023-08-25,2023,25,28,4,29,1,0.0,0.0,0.0,CLEAN
game-4-2023-06-02,2023,23,27,4,27,0,1.0,1.0,0.0,UNRESOLVED_OTHER
game-40-2023-08-25,2023,18,22,4,22,0,0.0,0.0,0.0,CLEAN
game-41-2023-08-25,2023,22,26,4,26,0,1.0,1.0,0.0,UNRESOLVED_OTHER
game-42-2023-08-25,2023,20,24,4,24,0,19.0,2.0,17.0,UNRESOLVED_OTHER
game-5-2023-06-09,2023,18,22,4,22,0,0.0,0.0,0.0,CLEAN
game-6-2023-06-09,2023,19,23,4,23,0,0.0,0.0,0.0,CLEAN
game-7-2023-06-09,2023,21,25,4,25,0,14.0,4.0,10.0,UNRESOLVED_OTHER
game-8-2023-06-09,2023,24,27,5,29,2,0.0,0.0,0.0,CLEAN
game-9-2023-06-16,2023,33,37,4,37,0,5.0,5.0,0.0,UNRESOLVED_OTHER
playoffs-quarterfinal-1-2023-9-1,2023,30,21,4,34,13,30.0,14.0,16.0,UNRESOLVED_MISSING_FACEOFF_EVENTS
playoffs-quarterfinal-2-2023-9-1,2023,27,30,4,31,1,25.0,5.0,20.0,UNRESOLVED_MISSING_FACEOFF_EVENTS
playoffs-quarterfinal-3-2023-9-1,2023,23,27,4,27,0,22.0,6.0,16.0,UNRESOLVED_OTHER
playoffs-semifinal-1-2023-9-8,2023,21,24,4,25,1,20.0,5.0,15.0,UNRESOLVED_MISSING_FACEOFF_EVENTS
playoffs-semifinal-2-2023-9-8,2023,17,21,4,21,0,16.0,4.0,12.0,UNRESOLVED_OTHER
2024_game_1,2024,22,25,4,26,1,0.0,0.0,0.0,CLEAN
2024_game_10,2024,16,24,4,20,0,1.0,1.0,0.0,UNRESOLVED_OTHER
2024_game_11,2024,33,37,4,37,0,0.0,0.0,0.0,CLEAN
2024_game_12,2024,27,36,5,32,0,0.0,0.0,0.0,CLEAN
2024_game_13,2024,28,32,4,32,0,0.0,0.0,0.0,CLEAN
2024_game_14,2024,18,22,4,22,0,0.0,0.0,0.0,CLEAN
2024_game_15,2024,18,22,4,22,0,0.0,0.0,0.0,CLEAN
2024_game_16,2024,15,18,4,19,1,0.0,0.0,0.0,CLEAN
2024_game_17,2024,16,20,4,20,0,0.0,0.0,0.0,CLEAN
2024_game_18,2024,21,25,4,25,0,0.0,0.0,0.0,CLEAN
2024_game_19,2024,26,29,4,30,1,0.0,0.0,0.0,CLEAN
2024_game_2,2024,29,32,4,33,1,0.0,0.0,0.0,CLEAN
2024_game_20,2024,22,26,4,26,0,0.0,0.0,0.0,CLEAN
2024_game_22,2024,23,27,4,27,0,0.0,0.0,0.0,CLEAN
2024_game_23,2024,19,23,5,24,1,1.0,1.0,0.0,UNRESOLVED_MISSING_FACEOFF_EVENTS
2024_game_24,2024,26,30,4,30,0,0.0,0.0,0.0,CLEAN
2024_game_25,2024,22,26,4,26,0,0.0,0.0,0.0,CLEAN
2024_game_26,2024,15,19,4,19,0,0.0,0.0,0.0,CLEAN
2024_game_27,2024,19,23,4,23,0,0.0,0.0,0.0,CLEAN
2024_game_28,2024,20,24,4,24,0,0.0,0.0,0.0,CLEAN
2024_game_29,2024,26,29,4,30,1,0.0,0.0,0.0,CLEAN
2024_game_3,2024,24,28,4,28,0,0.0,0.0,0.0,CLEAN
2024_game_30,2024,18,22,4,22,0,0.0,0.0,0.0,CLEAN
2024_game_31,2024,20,24,4,24,0,0.0,0.0,0.0,CLEAN
2024_game_32,2024,29,32,4,33,1,3.0,3.0,0.0,UNRESOLVED_MISSING_FACEOFF_EVENTS
2024_game_33,2024,28,30,4,32,2,1.0,1.0,0.0,UNRESOLVED_MISSING_FACEOFF_EVENTS
2024_game_34,2024,25,28,4,29,1,0.0,0.0,0.0,CLEAN
2024_game_35,2024,23,27,5,28,1,0.0,0.0,0.0,CLEAN
2024_game_36,2024,23,27,4,27,0,0.0,0.0,0.0,CLEAN
2024_game_37,2024,14,18,4,18,0,0.0,0.0,0.0,CLEAN
2024_game_38,2024,23,27,5,28,1,0.0,0.0,0.0,CLEAN
2024_game_39,2024,21,25,5,26,1,0.0,0.0,0.0,CLEAN
2024_game_4,2024,26,30,4,30,0,0.0,0.0,0.0,CLEAN
2024_game_40,2024,25,29,4,29,0,1.0,1.0,0.0,UNRESOLVED_OTHER
2024_game_41,2024,20,24,4,24,0,0.0,0.0,0.0,CLEAN
2024_game_5,2024,22,26,4,26,0,0.0,0.0,0.0,CLEAN
2024_game_6,2024,33,37,5,38,1,0.0,0.0,0.0,CLEAN
2024_game_7,2024,21,25,4,25,0,0.0,0.0,0.0,CLEAN
2024_game_8,2024,23,27,4,27,0,0.0,0.0,0.0,CLEAN
2024_game_9,2024,21,24,5,26,2,1.0,1.0,0.0,UNRESOLVED_MISSING_FACEOFF_EVENTS
championship-2024-9-15,2024,19,22,4,23,1,0.0,0.0,0.0,CLEAN
playoffs-quarterfinal-1-2024-9-2,2024,12,16,4,16,0,0.0,0.0,0.0,CLEAN
playoffs-quarterfinal-2-2024-9-2,2024,19,22,4,23,1,1.0,0.0,1.0,CLEAN
playoffs-semifinal-1-2024-9-8,2024,21,25,5,26,1,1.0,1.0,0.0,UNRESOLVED_MISSING_FACEOFF_EVENTS
playoffs-semifinal-2-2024-9-8,2024,10,13,4,14,1,0.0,0.0,0.0,CLEAN
2025_championship_game,2025,27,31,4,31,0,0.0,0.0,0.0,CLEAN
2025_game_1,2025,18,21,4,22,1,0.0,0.0,0.0,CLEAN
2025_game_10,2025,21,24,4,25,1,0.0,0.0,0.0,CLEAN
2025_game_11,2025,26,30,4,30,0,0.0,0.0,0.0,CLEAN
2025_game_12,2025,16,19,4,20,1,1.0,1.0,0.0,UNRESOLVED_MISSING_FACEOFF_EVENTS
2025_game_13,2025,24,28,4,28,0,2.0,2.0,0.0,UNRESOLVED_OTHER
2025_game_14,2025,23,25,4,27,2,1.0,1.0,0.0,UNRESOLVED_MISSING_FACEOFF_EVENTS
2025_game_15,2025,22,26,4,26,0,0.0,0.0,0.0,CLEAN
2025_game_16,2025,26,30,4,30,0,0.0,0.0,0.0,CLEAN
2025_game_17,2025,27,31,4,31,0,1.0,1.0,0.0,UNRESOLVED_OTHER
2025_game_18,2025,18,22,4,22,0,1.0,1.0,0.0,UNRESOLVED_OTHER
2025_game_19,2025,18,22,4,22,0,0.0,0.0,0.0,CLEAN
2025_game_2,2025,26,29,4,30,1,1.0,1.0,0.0,UNRESOLVED_MISSING_FACEOFF_EVENTS
2025_game_20,2025,23,27,4,27,0,0.0,0.0,0.0,CLEAN
2025_game_23,2025,26,30,4,30,0,0.0,0.0,0.0,CLEAN
2025_game_24,2025,25,29,4,29,0,0.0,0.0,0.0,CLEAN
2025_game_25,2025,20,24,4,24,0,0.0,0.0,0.0,CLEAN
2025_game_26,2025,18,22,4,22,0,0.0,0.0,0.0,CLEAN
2025_game_27,2025,27,31,4,31,0,1.0,1.0,0.0,UNRESOLVED_OTHER
2025_game_28,2025,21,24,4,25,1,0.0,0.0,0.0,CLEAN
2025_game_29,2025,31,35,4,35,0,0.0,0.0,0.0,CLEAN
2025_game_3,2025,15,19,4,19,0,1.0,1.0,0.0,UNRESOLVED_OTHER
2025_game_30,2025,16,20,4,20,0,0.0,0.0,0.0,CLEAN
2025_game_31,2025,15,19,4,19,0,0.0,0.0,0.0,CLEAN
2025_game_32,2025,19,22,4,23,1,0.0,0.0,0.0,CLEAN
2025_game_33,2025,26,30,5,31,1,2.0,2.0,0.0,UNRESOLVED_MISSING_FACEOFF_EVENTS
2025_game_34,2025,20,22,4,24,2,2.0,2.0,0.0,UNRESOLVED_MISSING_FACEOFF_EVENTS
2025_game_35,2025,20,24,4,24,0,0.0,0.0,0.0,CLEAN
2025_game_36,2025,21,25,4,25,0,1.0,1.0,0.0,UNRESOLVED_OTHER
2025_game_37,2025,26,30,4,30,0,0.0,0.0,0.0,CLEAN
2025_game_38,2025,24,28,5,29,1,0.0,0.0,0.0,CLEAN
2025_game_39,2025,34,38,4,38,0,0.0,0.0,0.0,CLEAN
2025_game_4,2025,27,29,4,31,2,1.0,1.0,0.0,UNRESOLVED_MISSING_FACEOFF_EVENTS
2025_game_40,2025,20,24,4,24,0,2.0,2.0,0.0,UNRESOLVED_OTHER
2025_game_41,2025,35,37,4,39,2,1.0,1.0,0.0,UNRESOLVED_MISSING_FACEOFF_EVENTS
2025_game_42,2025,23,27,4,27,0,0.0,0.0,0.0,CLEAN
2025_game_5,2025,20,24,4,24,0,1.0,1.0,0.0,UNRESOLVED_OTHER
2025_game_6,2025,25,28,4,29,1,1.0,1.0,0.0,UNRESOLVED_MISSING_FACEOFF_EVENTS
2025_game_7,2025,16,19,4,20,1,0.0,0.0,0.0,CLEAN
2025_game_8,2025,23,27,4,27,0,1.0,1.0,0.0,UNRESOLVED_OTHER
2025_game_9,2025,24,27,4,28,1,0.0,0.0,0.0,CLEAN
2025_quarterfinal_1,2025,25,29,4,29,0,0.0,0.0,0.0,CLEAN
2025_quarterfinal_2,2025,25,29,4,29,0,0.0,0.0,0.0,CLEAN
2025_semifinal_1,2025,17,20,4,21,1,0.0,0.0,0.0,CLEAN
2025_semifinal_2,2025,21,25,4,25,0,0.0,0.0,0.0,CLEAN
2026-ev-1,2026,14,18,4,18,0,1.0,1.0,0.0,UNRESOLVED_OTHER
2026-ev-10,2026,23,27,4,27,0,0.0,0.0,0.0,CLEAN
2026-ev-11,2026,13,17,4,17,0,0.0,0.0,0.0,CLEAN
2026-ev-12,2026,18,22,4,22,0,0.0,0.0,0.0,CLEAN
2026-ev-13,2026,22,25,4,26,1,0.0,0.0,0.0,CLEAN
2026-ev-14,2026,22,26,4,26,0,0.0,0.0,0.0,CLEAN
2026-ev-15,2026,22,26,4,26,0,0.0,0.0,0.0,CLEAN
2026-ev-16,2026,25,29,4,29,0,0.0,0.0,0.0,CLEAN
2026-ev-17,2026,22,26,4,26,0,0.0,0.0,0.0,CLEAN
2026-ev-18,2026,28,31,4,32,1,0.0,0.0,0.0,CLEAN
2026-ev-19,2026,28,32,4,32,0,0.0,0.0,0.0,CLEAN
2026-ev-2,2026,25,29,4,29,0,0.0,0.0,0.0,CLEAN
2026-ev-20,2026,23,26,4,27,1,0.0,0.0,0.0,CLEAN
2026-ev-21,2026,19,23,4,23,0,0.0,0.0,0.0,CLEAN
2026-ev-22,2026,27,31,4,31,0,1.0,1.0,0.0,UNRESOLVED_OTHER
2026-ev-23,2026,20,24,4,24,0,2.0,2.0,0.0,UNRESOLVED_OTHER
2026-ev-24,2026,26,30,5,31,1,2.0,2.0,0.0,UNRESOLVED_MISSING_FACEOFF_EVENTS
2026-ev-25,2026,28,32,4,32,0,1.0,1.0,0.0,UNRESOLVED_OTHER
2026-ev-26,2026,27,31,4,31,0,0.0,0.0,0.0,CLEAN
2026-ev-27,2026,21,25,4,25,0,2.0,2.0,0.0,UNRESOLVED_OTHER
2026-ev-28,2026,26,30,4,30,0,1.0,1.0,0.0,UNRESOLVED_OTHER
2026-ev-29,2026,26,30,4,30,0,0.0,0.0,0.0,CLEAN
2026-ev-3,2026,16,20,4,20,0,1.0,1.0,0.0,UNRESOLVED_OTHER
2026-ev-30,2026,18,22,4,22,0,0.0,0.0,0.0,CLEAN
2026-ev-31,2026,24,28,4,28,0,1.0,1.0,0.0,UNRESOLVED_OTHER
2026-ev-32,2026,26,28,4,30,2,2.0,2.0,0.0,UNRESOLVED_MISSING_FACEOFF_EVENTS
2026-ev-33,2026,22,25,4,26,1,1.0,1.0,0.0,UNRESOLVED_MISSING_FACEOFF_EVENTS
2026-ev-34,2026,19,23,4,23,0,0.0,0.0,0.0,CLEAN
2026-ev-35,2026,24,28,5,29,1,1.0,1.0,0.0,UNRESOLVED_MISSING_FACEOFF_EVENTS
2026-ev-36,2026,20,24,4,24,0,0.0,0.0,0.0,CLEAN
2026-ev-37,2026,21,24,4,25,1,1.0,1.0,0.0,UNRESOLVED_MISSING_FACEOFF_EVENTS
2026-ev-38,2026,17,21,4,21,0,1.0,1.0,0.0,UNRESOLVED_OTHER
2026-ev-39,2026,25,29,4,29,0,0.0,0.0,0.0,CLEAN
2026-ev-4,2026,26,28,4,30,2,3.0,3.0,0.0,UNRESOLVED_MISSING_FACEOFF_EVENTS
2026-ev-40,2026,17,19,4,21,2,2.0,2.0,0.0,UNRESOLVED_MISSING_FACEOFF_EVENTS
2026-ev-41,2026,31,35,4,35,0,0.0,0.0,0.0,CLEAN
2026-ev-42,2026,25,30,5,30,0,5.0,5.0,0.0,UNRESOLVED_OTHER
2026-ev-43,2026,24,27,4,28,1,0.0,0.0,0.0,CLEAN
2026-ev-44,2026,20,22,4,24,2,0.0,0.0,0.0,CLEAN
2026-ev-45,2026,20,23,4,24,1,2.0,2.0,0.0,UNRESOLVED_MISSING_FACEOFF_EVENTS
2026-ev-46,2026,20,24,4,24,0,1.0,1.0,0.0,UNRESOLVED_OTHER
2026-ev-47,2026,25,29,4,29,0,1.0,1.0,0.0,UNRESOLVED_OTHER
2026-ev-48,2026,25,29,4,29,0,1.0,1.0,0.0,UNRESOLVED_OTHER
2026-ev-5,2026,21,25,4,25,0,1.0,1.0,0.0,UNRESOLVED_OTHER
2026-ev-6,2026,18,22,4,22,0,0.0,0.0,0.0,CLEAN
2026-ev-7,2026,19,23,4,23,0,1.0,1.0,0.0,UNRESOLVED_OTHER
2026-ev-8,2026,20,22,4,24,2,1.0,1.0,0.0,UNRESOLVED_MISSING_FACEOFF_EVENTS
2026-ev-9,2026,26,30,4,30,0,0.0,0.0,0.0,CLEAN
2026-quarterfinals-1,2026,28,31,4,32,1,2.0,2.0,0.0,UNRESOLVED_MISSING_FACEOFF_EVENTS
2026-quarterfinals-2,2026,16,20,4,20,0,1.0,1.0,0.0,UNRESOLVED_OTHER
