season,team_id,team_name,games_played,wins,losses,ties,playoff_games,win_pct,points_scored,points_allowed,point_differential,points_per_game,points_allowed_per_game,point_differential_per_game,offensive_possessions,defensive_possessions,possession_differential,total_game_possessions,team_possessions_per_game,combined_possessions_per_game,faceoff_start_possessions,faceoff_start_possession_share,offensive_efficiency,defensive_efficiency,net_efficiency,offensive_efficiency_per_100,defensive_efficiency_per_100,net_efficiency_per_100,goals_per_possession,shots_per_possession,shots_on_goal_per_possession,turnovers_per_possession,turnover_rate,possession_ending_turnover_rate,shots,shots_on_goal,goals,points,shooting_pct,shots_on_goal_pct,goals_per_shot_on_goal,points_per_shot,one_point_attempts,one_point_goals,one_point_points,one_point_conversion_pct,two_point_attempts,two_point_shots_on_goal,two_point_goals,two_point_points,two_point_conversion_pct,two_point_attempt_rate,two_point_points_share,points_per_two_point_attempt,two_point_possession_rate,points_per_one_point_attempt,two_point_minus_one_point_return,faceoffs,faceoff_wins,faceoff_losses,faceoff_win_pct,turnovers,possession_ending_turnovers,turnovers_forced,turnovers_forced_per_defensive_possession,caused_turnovers_official,ground_balls,ground_balls_per_possession,shots_allowed,shots_on_goal_allowed,goals_allowed,two_point_goals_allowed,two_point_attempts_allowed,saves,save_pct_official,save_pct_vs_shots_on_goal,opponent_shooting_pct,opponent_shooting_pct_on_goal,shots_allowed_per_possession,penalties,penalty_minutes,shot_clock_expirations,shot_clock_expiration_rate,man_up_opportunities,man_up_shots,man_up_goals,man_up_points,man_up_shooting_pct,man_up_goals_per_opportunity,man_up_points_per_opportunity,man_up_shots_per_opportunity,man_down_opportunities,man_down_goals_allowed,man_down_goals_allowed_per_opportunity,clears,clear_attempts,ride_attempts,time_of_possession_official_seconds,time_of_possession_official_seconds_per_game,possession_span_coverage_ratio,ambiguous_offensive_possessions,ambiguous_offensive_possession_share,truncated_possessions,complete_possessions,measurable_span_possessions,games_with_unresolved_validation_issue
2022,ARC,Archers,12,7.0,5.0,0.0,2.0,0.5833333333333334,144.0,126.0,18.0,12.0,10.5,1.5,481.0,511.0,-30.0,992.0,40.083333333333336,82.66666666666667,118.0,0.2453222453222453,0.2993762993762994,0.2465753424657534,0.0528009569105459,29.93762993762994,24.65753424657534,5.280095691054598,0.2869022869022869,0.9521829521829522,0.6403326403326404,0.3575883575883576,0.3575883575883576,0.3014553014553014,458.0,308.0,138.0,144.0,0.3013100436681222,0.6724890829694323,0.448051948051948,0.314410480349345,412.0,132.0,132.0,0.3203883495145631,46.0,29.0,6.0,12.0,0.1304347826086956,0.1004366812227074,0.0833333333333333,0.2608695652173913,0.0935550935550935,0.3203883495145631,-0.0595187842971718,311.0,118.0,191.0,0.3794212218649517,172.0,145.0,226.0,0.4422700587084148,93.0,352.0,0.3548387096774194,459.0,281.0,122.0,5.0,49.0,130.0,0.5158730158730159,0.4626334519572954,0.2657952069716776,0.4341637010676156,0.898238747553816,32.0,25.5,22.0,0.0457380457380457,26.0,21.0,10.0,11.0,0.4761904761904761,0.3846153846153846,0.4230769230769231,0.8076923076923077,32.0,12.0,0.375,338.0,340.0,333.0,15581.0,1298.4166666666667,0.7925036903921443,157.0,0.3264033264033264,16.0,465.0,245.0,0.0
2022,ATL,Atlas,11,6.0,5.0,0.0,1.0,0.5454545454545454,142.0,138.0,4.0,12.909090909090908,12.545454545454543,0.3636363636363636,475.0,439.0,36.0,914.0,43.18181818181818,83.0909090909091,182.0,0.3831578947368421,0.2989473684210526,0.3143507972665148,-0.0154034288454621,29.894736842105264,31.43507972665148,-1.5403428845462197,0.2673684210526316,0.936842105263158,0.5831578947368421,0.4063157894736842,0.4063157894736842,0.3431578947368421,445.0,277.0,127.0,142.0,0.2853932584269663,0.6224719101123596,0.4584837545126354,0.3191011235955056,376.0,112.0,112.0,0.2978723404255319,69.0,36.0,15.0,30.0,0.217391304347826,0.1550561797752809,0.2112676056338028,0.4347826086956521,0.1347368421052631,0.2978723404255319,0.1369102682701202,296.0,182.0,114.0,0.6148648648648649,193.0,163.0,182.0,0.4145785876993166,72.0,357.0,0.3905908096280087,424.0,280.0,126.0,12.0,45.0,137.0,0.5209125475285171,0.4892857142857142,0.2971698113207547,0.45,0.9658314350797268,31.0,22.5,26.0,0.0547368421052631,21.0,29.0,7.0,8.0,0.2413793103448276,0.3333333333333333,0.3809523809523809,1.380952380952381,29.0,10.0,0.3448275862068966,307.0,314.0,294.0,15253.0,1386.6363636363635,0.8094145414016914,125.0,0.2631578947368421,17.0,458.0,268.0,0.0
2022,CAN,Cannons,10,1.0,9.0,0.0,0.0,0.1,110.0,134.0,-24.0,11.0,13.4,-2.4,418.0,446.0,-28.0,864.0,41.8,86.4,129.0,0.3086124401913875,0.2631578947368421,0.3004484304932735,-0.0372905357564314,26.31578947368421,30.044843049327355,-3.7290535756431433,0.2583732057416268,0.9401913875598086,0.6076555023923444,0.3851674641148325,0.3851674641148325,0.3516746411483253,393.0,254.0,108.0,110.0,0.2748091603053435,0.6463104325699746,0.4251968503937008,0.2798982188295165,364.0,106.0,106.0,0.2912087912087912,29.0,14.0,2.0,4.0,0.0689655172413793,0.0737913486005089,0.0363636363636363,0.1379310344827586,0.0669856459330143,0.2912087912087912,-0.1532777567260326,281.0,129.0,152.0,0.4590747330960854,161.0,147.0,159.0,0.3565022421524663,64.0,301.0,0.3483796296296296,426.0,274.0,133.0,7.0,36.0,132.0,0.4981132075471698,0.4817518248175182,0.312206572769953,0.4854014598540146,0.9551569506726456,27.0,19.0,12.0,0.0287081339712918,23.0,23.0,3.0,2.0,0.1304347826086956,0.1304347826086956,0.0869565217391304,1.0,26.0,10.0,0.3846153846153846,283.0,288.0,304.0,12836.0,1283.6,0.7514802119040199,144.0,0.3444976076555024,13.0,405.0,210.0,1.0
2022,CHA,Chaos,13,4.0,9.0,0.0,3.0,0.3076923076923077,130.0,147.0,-17.0,10.0,11.307692307692308,-1.3076923076923077,511.0,533.0,-22.0,1044.0,39.30769230769231,80.3076923076923,142.0,0.2778864970645792,0.2544031311154598,0.275797373358349,-0.0213942422428891,25.44031311154599,27.579737335834896,-2.1394242242889105,0.2446183953033268,0.8454011741682974,0.5342465753424658,0.4461839530332681,0.4461839530332681,0.3835616438356164,432.0,273.0,125.0,130.0,0.2893518518518518,0.6319444444444444,0.4578754578754578,0.3009259259259259,382.0,120.0,120.0,0.3141361256544502,50.0,28.0,5.0,10.0,0.1,0.1157407407407407,0.0769230769230769,0.2,0.0939334637964774,0.3141361256544502,-0.1141361256544502,315.0,142.0,172.0,0.4507936507936508,228.0,196.0,184.0,0.3452157598499062,66.0,343.0,0.328544061302682,544.0,338.0,139.0,8.0,46.0,182.0,0.5669781931464174,0.5384615384615384,0.2555147058823529,0.4112426035502958,1.020637898686679,33.0,27.5,31.0,0.060665362035225,26.0,26.0,14.0,14.0,0.5384615384615384,0.5384615384615384,0.5384615384615384,1.0,29.0,10.0,0.3448275862068966,354.0,363.0,375.0,16007.0,1231.3076923076924,0.7830324233147998,188.0,0.3679060665362035,16.0,495.0,235.0,0.0
2022,CHR,Chrome,11,7.0,4.0,0.0,1.0,0.6363636363636364,123.0,113.0,10.0,11.181818181818182,10.272727272727272,0.9090909090909092,448.0,429.0,19.0,877.0,40.72727272727273,79.72727272727273,146.0,0.3258928571428571,0.2745535714285714,0.2634032634032634,0.011150308025308,27.455357142857142,26.34032634032634,1.1150308025308031,0.2678571428571428,0.9040178571428572,0.5892857142857143,0.4084821428571428,0.4084821428571428,0.3482142857142857,405.0,264.0,120.0,123.0,0.2962962962962963,0.6518518518518519,0.4545454545454545,0.3037037037037037,380.0,117.0,117.0,0.3078947368421053,25.0,16.0,3.0,6.0,0.12,0.0617283950617283,0.048780487804878,0.24,0.0558035714285714,0.3078947368421053,-0.0678947368421052,270.0,146.0,123.0,0.5407407407407407,183.0,156.0,177.0,0.4125874125874126,74.0,351.0,0.4002280501710376,389.0,253.0,107.0,6.0,47.0,127.0,0.5427350427350427,0.5019762845849802,0.2750642673521851,0.4229249011857707,0.9067599067599068,26.0,23.0,26.0,0.0580357142857142,33.0,23.0,10.0,12.0,0.4347826086956521,0.303030303030303,0.3636363636363636,0.696969696969697,20.0,5.0,0.25,316.0,320.0,307.0,15671.0,1424.6363636363635,0.7873779592878566,140.0,0.3125,14.0,434.0,237.0,0.0
2022,RED,Redwoods,11,4.0,7.0,0.0,1.0,0.3636363636363636,122.0,137.0,-15.0,11.090909090909092,12.454545454545457,-1.3636363636363635,442.0,444.0,-2.0,886.0,40.18181818181818,80.54545454545455,151.0,0.3416289592760181,0.2760180995475113,0.3085585585585585,-0.0325404590110472,27.601809954751133,30.855855855855857,-3.254045901104724,0.255656108597285,0.9321266968325792,0.581447963800905,0.4140271493212669,0.4140271493212669,0.3393665158371041,412.0,257.0,113.0,122.0,0.2742718446601941,0.6237864077669902,0.4396887159533074,0.2961165048543689,359.0,104.0,104.0,0.2896935933147632,53.0,31.0,9.0,18.0,0.1698113207547169,0.1286407766990291,0.1475409836065573,0.3396226415094339,0.1131221719457013,0.2896935933147632,0.0499290481946707,288.0,151.0,134.0,0.5243055555555556,183.0,150.0,191.0,0.4301801801801801,78.0,309.0,0.3487584650112866,392.0,255.0,132.0,5.0,36.0,102.0,0.4358974358974359,0.4,0.336734693877551,0.5176470588235295,0.8828828828828829,25.0,22.0,30.0,0.0678733031674208,26.0,25.0,10.0,9.0,0.4,0.3846153846153846,0.3461538461538461,0.9615384615384616,20.0,5.0,0.25,284.0,293.0,287.0,14157.0,1287.0,0.8385251112523839,136.0,0.3076923076923077,12.0,430.0,231.0,0.0
2022,WAT,Waterdogs,13,8.0,5.0,0.0,3.0,0.6153846153846154,171.0,166.0,5.0,13.153846153846152,12.76923076923077,0.3846153846153846,556.0,582.0,-26.0,1138.0,42.76923076923077,87.53846153846153,160.0,0.2877697841726618,0.3075539568345323,0.2852233676975945,0.0223305891369378,30.755395683453237,28.522336769759452,2.233058913693786,0.289568345323741,0.9802158273381296,0.6241007194244604,0.3758992805755395,0.3758992805755395,0.3381294964028777,545.0,347.0,161.0,171.0,0.2954128440366972,0.636697247706422,0.4639769452449567,0.3137614678899083,493.0,151.0,151.0,0.306288032454361,52.0,31.0,10.0,20.0,0.1923076923076923,0.0954128440366972,0.1169590643274853,0.3846153846153846,0.0881294964028776,0.306288032454361,0.0783273521610236,371.0,160.0,207.0,0.431266846361186,209.0,188.0,233.0,0.4003436426116838,103.0,423.0,0.3717047451669595,519.0,335.0,159.0,7.0,65.0,162.0,0.5046728971962616,0.4835820895522388,0.3063583815028902,0.4746268656716418,0.8917525773195877,32.0,22.0,19.0,0.0341726618705036,27.0,27.0,9.0,10.0,0.3333333333333333,0.3333333333333333,0.3703703703703703,1.0,30.0,13.0,0.4333333333333333,363.0,371.0,401.0,18056.0,1388.923076923077,0.7606335844040762,176.0,0.316546762589928,14.0,542.0,284.0,1.0
2022,WHP,Whipsnakes,11,9.0,2.0,0.0,1.0,0.8181818181818182,128.0,109.0,19.0,11.636363636363637,9.909090909090908,1.7272727272727273,464.0,411.0,53.0,875.0,42.18181818181818,79.54545454545455,165.0,0.355603448275862,0.2758620689655172,0.2652068126520681,0.0106552563134491,27.58620689655172,26.52068126520681,1.0655256313449102,0.2607758620689655,0.9956896551724138,0.6077586206896551,0.4116379310344827,0.4116379310344827,0.3426724137931034,462.0,282.0,121.0,128.0,0.2619047619047619,0.6103896103896104,0.4290780141843971,0.277056277056277,415.0,114.0,114.0,0.2746987951807229,47.0,29.0,7.0,14.0,0.1489361702127659,0.1017316017316017,0.109375,0.2978723404255319,0.0948275862068965,0.2746987951807229,0.023173545244809,266.0,165.0,100.0,0.6203007518796992,191.0,159.0,168.0,0.4087591240875912,72.0,355.0,0.4057142857142857,399.0,246.0,101.0,8.0,47.0,133.0,0.5683760683760684,0.540650406504065,0.2531328320802005,0.4105691056910569,0.9708029197080292,16.0,12.0,31.0,0.0668103448275862,20.0,22.0,7.0,7.0,0.3181818181818182,0.35,0.35,1.1,16.0,5.0,0.3125,311.0,318.0,306.0,15626.0,1420.5454545454545,0.819403558172277,145.0,0.3125,16.0,448.0,239.0,0.0
2023,ARC,Archers,12,10.0,2.0,0.0,2.0,0.8333333333333334,167.0,131.0,36.0,13.916666666666666,10.916666666666666,3.0,588.0,520.0,68.0,1108.0,49.0,92.33333333333331,205.0,0.3486394557823129,0.2840136054421768,0.2519230769230769,0.0320905285190999,28.401360544217688,25.192307692307693,3.209052851909994,0.2619047619047619,0.9404761904761904,0.5663265306122449,0.3843537414965986,0.3843537414965986,0.2891156462585034,553.0,333.0,154.0,167.0,0.2784810126582278,0.6021699819168174,0.4624624624624625,0.3019891500904159,477.0,141.0,141.0,0.2955974842767295,76.0,41.0,13.0,26.0,0.1710526315789473,0.1374321880650994,0.155688622754491,0.3421052631578947,0.1292517006802721,0.2955974842767295,0.0465077788811651,322.0,205.0,114.0,0.6366459627329193,226.0,170.0,192.0,0.3692307692307692,80.0,467.0,0.4214801444043321,486.0,307.0,120.0,11.0,74.0,173.0,0.590443686006826,0.5635179153094463,0.2469135802469135,0.3908794788273615,0.9346153846153846,31.0,23.0,52.0,0.0884353741496598,31.0,33.0,12.0,13.0,0.3636363636363636,0.3870967741935484,0.4193548387096774,1.064516129032258,29.0,12.0,0.4137931034482758,398.0,403.0,356.0,16606.0,1383.8333333333333,0.8542695411297122,205.0,0.3486394557823129,15.0,573.0,303.0,0.0
2023,ATL,Atlas,11,2.0,9.0,0.0,1.0,0.1818181818181818,131.0,160.0,-29.0,11.909090909090908,14.545454545454543,-2.636363636363636,551.0,472.0,79.0,1023.0,50.09090909090909,93.0,232.0,0.4210526315789473,0.2377495462794918,0.3389830508474576,-0.1012335045679657,23.77495462794918,33.898305084745765,-10.12335045679658,0.2268602540834845,0.8058076225045372,0.5117967332123412,0.4246823956442831,0.4246823956442831,0.3448275862068966,444.0,282.0,125.0,131.0,0.2815315315315315,0.6351351351351351,0.4432624113475177,0.295045045045045,376.0,119.0,119.0,0.3164893617021276,68.0,40.0,6.0,12.0,0.088235294117647,0.1531531531531531,0.0916030534351145,0.1764705882352941,0.1179673321234119,0.3164893617021276,-0.1400187734668335,317.0,245.0,71.0,0.7728706624605678,234.0,190.0,172.0,0.3644067796610169,59.0,471.0,0.4604105571847507,467.0,299.0,148.0,12.0,57.0,130.0,0.4676258992805755,0.4347826086956521,0.3169164882226981,0.4949832775919732,0.989406779661017,27.0,20.0,41.0,0.0744101633393829,16.0,18.0,7.0,7.0,0.3888888888888889,0.4375,0.4375,1.125,26.0,8.0,0.3076923076923077,355.0,364.0,350.0,14052.0,1277.4545454545455,0.9270566467406774,172.0,0.3121597096188748,21.0,530.0,293.0,1.0
2023,CAN,Cannons,12,8.0,4.0,0.0,2.0,0.6666666666666666,169.0,147.0,22.0,14.083333333333334,12.25,1.8333333333333333,507.0,621.0,-114.0,1128.0,42.25,94.0,57.0,0.1124260355029585,0.3333333333333333,0.2367149758454106,0.0966183574879226,33.333333333333336,23.67149758454106,9.661835748792267,0.3037475345167653,0.980276134122288,0.6291913214990138,0.3629191321499014,0.3629191321499014,0.2879684418145957,497.0,319.0,154.0,169.0,0.3098591549295774,0.641851106639839,0.4827586206896552,0.3400402414486921,431.0,139.0,139.0,0.3225058004640371,66.0,29.0,15.0,30.0,0.2272727272727272,0.1327967806841046,0.1775147928994082,0.4545454545454545,0.1242603550295858,0.3225058004640371,0.1320396540814174,341.0,57.0,282.0,0.1671554252199413,184.0,146.0,269.0,0.4331723027375201,116.0,360.0,0.3191489361702128,503.0,316.0,140.0,7.0,50.0,161.0,0.5348837209302325,0.509493670886076,0.2783300198807157,0.4430379746835443,0.8099838969404187,41.0,30.5,34.0,0.0670611439842209,19.0,28.0,13.0,17.0,0.4642857142857143,0.6842105263157895,0.8947368421052632,1.4736842105263157,39.0,15.0,0.3846153846153846,360.0,367.0,385.0,14407.0,1200.5833333333333,0.7916984799056015,182.0,0.358974358974359,13.0,494.0,232.0,1.0
2023,CHA,Chaos,11,5.0,6.0,0.0,1.0,0.4545454545454545,129.0,131.0,-2.0,11.727272727272728,11.909090909090908,-0.1818181818181818,501.0,494.0,7.0,995.0,45.54545454545455,90.45454545454544,145.0,0.2894211576846307,0.2574850299401197,0.2651821862348178,-0.007697156294698,25.748502994011975,26.518218623481783,-0.7697156294698082,0.2455089820359281,0.9021956087824352,0.5588822355289421,0.4191616766467065,0.4191616766467065,0.3393213572854291,452.0,280.0,123.0,129.0,0.2721238938053097,0.6194690265486725,0.4392857142857143,0.2853982300884956,395.0,117.0,117.0,0.2962025316455696,57.0,27.0,6.0,12.0,0.1052631578947368,0.1261061946902655,0.0930232558139534,0.2105263157894736,0.1057884231536926,0.2962025316455696,-0.0856762158560959,285.0,145.0,138.0,0.5087719298245614,210.0,170.0,190.0,0.3846153846153846,73.0,356.0,0.3577889447236181,468.0,295.0,119.0,12.0,70.0,166.0,0.5824561403508772,0.5627118644067797,0.2542735042735042,0.4033898305084746,0.9473684210526316,30.0,21.5,36.0,0.0718562874251497,18.0,23.0,8.0,8.0,0.3478260869565217,0.4444444444444444,0.4444444444444444,1.2777777777777777,26.0,14.0,0.5384615384615384,362.0,365.0,344.0,15017.0,1365.1818181818182,0.7666644469601118,177.0,0.3532934131736527,13.0,488.0,252.0,1.0
2023,CHR,Chrome,10,1.0,9.0,0.0,0.0,0.1,81.0,119.0,-38.0,8.1,11.9,-3.8,429.0,453.0,-24.0,882.0,42.9,88.2,108.0,0.2517482517482518,0.1888111888111888,0.2626931567328918,-0.073881967921703,18.88111888111888,26.26931567328918,-7.388196792170304,0.1841491841491841,0.8251748251748252,0.5128205128205128,0.4452214452214452,0.4452214452214452,0.3706293706293706,354.0,220.0,79.0,81.0,0.2231638418079096,0.6214689265536724,0.359090909090909,0.2288135593220339,311.0,77.0,77.0,0.247588424437299,43.0,24.0,2.0,4.0,0.0465116279069767,0.1214689265536723,0.0493827160493827,0.0930232558139534,0.0955710955710955,0.247588424437299,-0.1545651686233455,229.0,108.0,120.0,0.4716157205240174,191.0,159.0,192.0,0.423841059602649,65.0,294.0,0.3333333333333333,410.0,249.0,110.0,9.0,49.0,120.0,0.5217391304347826,0.4819277108433735,0.2682926829268293,0.4417670682730923,0.9050772626931568,29.0,21.5,26.0,0.0606060606060606,25.0,21.0,7.0,6.0,0.3333333333333333,0.28,0.24,0.84,24.0,12.0,0.5,311.0,314.0,328.0,11699.0,1169.9,0.7939140097444226,138.0,0.3216783216783216,17.0,412.0,208.0,2.0
2023,RED,Redwoods,12,7.0,5.0,0.0,2.0,0.5833333333333334,132.0,142.0,-10.0,11.0,11.833333333333334,-0.8333333333333334,561.0,528.0,33.0,1089.0,46.75,90.75,188.0,0.3351158645276292,0.2352941176470588,0.2689393939393939,-0.0336452762923351,23.529411764705884,26.89393939393939,-3.3645276292335105,0.2245989304812834,0.9162210338680928,0.5508021390374331,0.4188948306595365,0.4188948306595365,0.3190730837789661,514.0,309.0,126.0,132.0,0.245136186770428,0.6011673151750972,0.4077669902912621,0.2568093385214007,447.0,120.0,120.0,0.2684563758389262,67.0,38.0,6.0,12.0,0.0895522388059701,0.1303501945525292,0.0909090909090909,0.1791044776119403,0.1158645276292335,0.2684563758389262,-0.0893518982269858,306.0,188.0,118.0,0.6143790849673203,235.0,179.0,201.0,0.3806818181818182,83.0,417.0,0.3829201101928374,483.0,289.0,132.0,10.0,79.0,150.0,0.5319148936170213,0.5190311418685121,0.2732919254658385,0.4567474048442906,0.9147727272727272,27.0,21.5,55.0,0.0980392156862745,34.0,36.0,13.0,14.0,0.3611111111111111,0.3823529411764705,0.4117647058823529,1.0588235294117647,21.0,8.0,0.3809523809523809,363.0,370.0,371.0,16692.0,1391.0,0.7850467289719626,209.0,0.3725490196078431,16.0,545.0,268.0,0.0
2023,WAT,Waterdogs,13,9.0,4.0,0.0,3.0,0.6923076923076923,175.0,151.0,24.0,13.461538461538462,11.615384615384617,1.8461538461538465,573.0,638.0,-65.0,1211.0,44.07692307692308,93.15384615384616,107.0,0.1867364746945898,0.3054101221640489,0.2366771159874608,0.068733006176588,30.541012216404887,23.66771159874608,6.873300617658806,0.2809773123909249,0.987783595113438,0.6369982547993019,0.343804537521815,0.343804537521815,0.2879581151832461,566.0,365.0,161.0,175.0,0.284452296819788,0.6448763250883393,0.4410958904109589,0.3091872791519434,502.0,147.0,147.0,0.2928286852589641,64.0,40.0,14.0,28.0,0.21875,0.1130742049469964,0.16,0.4375,0.1082024432809773,0.2928286852589641,0.1446713147410358,356.0,107.0,246.0,0.300561797752809,197.0,165.0,267.0,0.4184952978056426,100.0,407.0,0.3360858794384806,559.0,353.0,143.0,8.0,85.0,186.0,0.5653495440729484,0.5269121813031161,0.2558139534883721,0.405099150141643,0.8761755485893417,26.0,18.5,29.0,0.0506108202443281,36.0,43.0,14.0,17.0,0.3255813953488372,0.3888888888888889,0.4722222222222222,1.1944444444444444,23.0,9.0,0.391304347826087,406.0,415.0,458.0,15498.0,1192.1538461538462,0.8275906568589495,200.0,0.3490401396160558,20.0,553.0,271.0,2.0
2023,WHP,Whipsnakes,11,4.0,7.0,0.0,1.0,0.3636363636363636,140.0,143.0,-3.0,12.727272727272728,13.0,-0.2727272727272727,494.0,478.0,16.0,972.0,44.90909090909091,88.36363636363636,167.0,0.3380566801619433,0.2834008097165992,0.2991631799163179,-0.0157623701997187,28.34008097165992,29.9163179916318,-1.5762370199718767,0.2530364372469635,0.9412955465587044,0.597165991902834,0.3785425101214575,0.3785425101214575,0.2834008097165992,465.0,295.0,125.0,140.0,0.2688172043010752,0.6344086021505376,0.423728813559322,0.3010752688172043,386.0,110.0,110.0,0.2849740932642487,79.0,34.0,15.0,30.0,0.189873417721519,0.1698924731182795,0.2142857142857142,0.379746835443038,0.1497975708502024,0.2849740932642487,0.0947727421787892,304.0,167.0,133.0,0.5493421052631579,187.0,140.0,181.0,0.3786610878661088,64.0,364.0,0.3744855967078189,469.0,295.0,135.0,8.0,56.0,143.0,0.5143884892086331,0.4847457627118644,0.2878464818763326,0.4576271186440678,0.9811715481171548,16.0,12.5,47.0,0.0951417004048583,22.0,25.0,11.0,13.0,0.44,0.5,0.5909090909090909,1.1363636363636365,13.0,7.0,0.5384615384615384,340.0,343.0,349.0,12203.0,1109.3636363636365,0.9689420634270262,190.0,0.3846153846153846,13.0,481.0,239.0,1.0
2024,ARC,Archers,12,8.0,4.0,0.0,2.0,0.6666666666666666,151.0,129.0,22.0,12.583333333333334,10.75,1.8333333333333333,545.0,522.0,23.0,1067.0,45.416666666666664,88.91666666666667,164.0,0.3009174311926605,0.2770642201834862,0.2471264367816092,0.029937783401877,27.706422018348626,24.71264367816092,2.9937783401877054,0.2605504587155963,0.8807339449541285,0.5339449541284403,0.4330275229357798,0.4330275229357798,0.3541284403669725,480.0,291.0,142.0,151.0,0.2958333333333333,0.60625,0.4879725085910653,0.3145833333333333,410.0,133.0,133.0,0.324390243902439,70.0,34.0,9.0,18.0,0.1285714285714285,0.1458333333333333,0.119205298013245,0.2571428571428571,0.1229357798165137,0.324390243902439,-0.0672473867595819,309.0,163.0,141.0,0.5275080906148867,236.0,193.0,191.0,0.3659003831417624,70.0,379.0,0.3552014995313964,550.0,332.0,119.0,10.0,73.0,185.0,0.6085526315789473,0.5572289156626506,0.2163636363636363,0.358433734939759,1.053639846743295,34.0,28.0,46.0,0.0844036697247706,29.0,33.0,11.0,11.0,0.3333333333333333,0.3793103448275862,0.3793103448275862,1.137931034482759,31.0,15.0,0.4838709677419355,379.0,384.0,373.0,15962.0,1330.1666666666667,0.7769076556822453,177.0,0.3247706422018349,18.0,527.0,278.0,9.0
2024,ATL,Atlas,11,7.0,4.0,0.0,1.0,0.6363636363636364,162.0,136.0,26.0,14.727272727272728,12.363636363636363,2.363636363636364,530.0,490.0,40.0,1020.0,48.18181818181818,92.72727272727272,188.0,0.3547169811320754,0.3056603773584905,0.2775510204081632,0.0281093569503272,30.566037735849054,27.755102040816325,2.810935695032729,0.290566037735849,0.9245283018867924,0.6169811320754717,0.3698113207547169,0.3698113207547169,0.2981132075471698,490.0,327.0,154.0,162.0,0.3142857142857143,0.6673469387755102,0.4709480122324159,0.3306122448979592,438.0,146.0,146.0,0.3333333333333333,52.0,29.0,8.0,16.0,0.1538461538461538,0.1061224489795918,0.0987654320987654,0.3076923076923077,0.0924528301886792,0.3333333333333333,-0.0256410256410256,319.0,188.0,129.0,0.5893416927899686,196.0,158.0,195.0,0.3979591836734694,85.0,424.0,0.4156862745098039,445.0,292.0,121.0,15.0,82.0,141.0,0.5381679389312977,0.4828767123287671,0.2719101123595505,0.4143835616438356,0.9081632653061223,36.0,22.5,42.0,0.0792452830188679,28.0,29.0,11.0,11.0,0.3793103448275862,0.3928571428571428,0.3928571428571428,1.0357142857142858,31.0,8.0,0.2580645161290322,365.0,372.0,349.0,14766.0,1342.3636363636365,0.7651361235270215,165.0,0.3113207547169811,15.0,515.0,298.0,6.0
2024,CAN,Cannons,11,7.0,4.0,0.0,1.0,0.6363636363636364,130.0,123.0,7.0,11.818181818181818,11.181818181818182,0.6363636363636364,463.0,480.0,-17.0,943.0,42.09090909090909,85.72727272727273,118.0,0.2548596112311015,0.2807775377969762,0.25625,0.0245275377969762,28.077753779697623,25.625,2.452753779697625,0.2462203023758099,0.9913606911447084,0.5874730021598272,0.3758099352051836,0.3758099352051836,0.3390928725701944,459.0,272.0,114.0,130.0,0.2483660130718954,0.5925925925925926,0.4191176470588235,0.2832244008714596,367.0,98.0,98.0,0.2670299727520436,92.0,45.0,16.0,32.0,0.1739130434782608,0.2004357298474945,0.2461538461538461,0.3478260869565217,0.1792656587473002,0.2670299727520436,0.0807961142044781,274.0,118.0,155.0,0.4306569343065693,174.0,157.0,202.0,0.4208333333333333,83.0,328.0,0.3478260869565217,440.0,272.0,119.0,4.0,43.0,141.0,0.5423076923076923,0.5183823529411765,0.2704545454545454,0.4375,0.9166666666666666,38.0,27.0,27.0,0.0583153347732181,25.0,31.0,8.0,11.0,0.2580645161290322,0.32,0.44,1.24,34.0,12.0,0.3529411764705882,317.0,321.0,348.0,14783.0,1343.909090909091,0.7643238855442062,163.0,0.3520518358531317,17.0,446.0,216.0,8.0
2024,CHA,Chaos,12,5.0,7.0,0.0,2.0,0.4166666666666667,109.0,124.0,-15.0,9.083333333333334,10.333333333333334,-1.25,496.0,536.0,-40.0,1032.0,41.333333333333336,86.0,105.0,0.2116935483870967,0.219758064516129,0.2313432835820895,-0.0115852190659605,21.975806451612904,23.13432835820895,-1.1585219065960524,0.2096774193548387,0.907258064516129,0.5423387096774194,0.4133064516129032,0.4133064516129032,0.3528225806451613,450.0,269.0,104.0,109.0,0.2311111111111111,0.5977777777777777,0.3866171003717472,0.2422222222222222,397.0,99.0,99.0,0.2493702770780856,53.0,27.0,5.0,10.0,0.0943396226415094,0.1177777777777777,0.091743119266055,0.1886792452830188,0.1008064516129032,0.2493702770780856,-0.0606910317950667,268.0,102.0,163.0,0.3805970149253731,205.0,175.0,213.0,0.3973880597014925,70.0,325.0,0.314922480620155,518.0,306.0,116.0,8.0,66.0,162.0,0.5827338129496403,0.5294117647058824,0.2239382239382239,0.3790849673202614,0.9664179104477612,40.0,33.0,40.0,0.0806451612903225,31.0,24.0,9.0,10.0,0.375,0.2903225806451613,0.3225806451612903,0.7741935483870968,31.0,10.0,0.3225806451612903,357.0,363.0,349.0,15479.0,1289.9166666666667,0.7038568382970476,178.0,0.3588709677419355,17.0,479.0,213.0,6.0
2024,OUT,Outlaws,11,5.0,6.0,0.0,1.0,0.4545454545454545,127.0,132.0,-5.0,11.545454545454543,12.0,-0.4545454545454545,472.0,487.0,-15.0,959.0,42.90909090909091,87.18181818181819,133.0,0.2817796610169492,0.2690677966101695,0.271047227926078,-0.0019794313159085,26.906779661016948,27.1047227926078,-0.1979431315908553,0.2415254237288135,1.0,0.5847457627118644,0.3792372881355932,0.3792372881355932,0.2966101694915254,472.0,276.0,114.0,127.0,0.2415254237288135,0.5847457627118644,0.4130434782608695,0.2690677966101695,397.0,101.0,101.0,0.2544080604534005,75.0,47.0,13.0,26.0,0.1733333333333333,0.1588983050847457,0.2047244094488189,0.3466666666666667,0.1525423728813559,0.2544080604534005,0.0922586062132661,280.0,133.0,145.0,0.475,179.0,140.0,205.0,0.4209445585215606,68.0,321.0,0.3347236704900938,437.0,260.0,122.0,10.0,69.0,127.0,0.5100401606425703,0.4884615384615384,0.2791762013729977,0.4692307692307692,0.8973305954825462,31.0,21.5,44.0,0.0932203389830508,23.0,24.0,8.0,11.0,0.3333333333333333,0.3478260869565217,0.4782608695652174,1.0434782608695652,27.0,12.0,0.4444444444444444,322.0,328.0,351.0,15001.0,1363.7272727272727,0.7400173321778548,147.0,0.3114406779661017,14.0,458.0,241.0,7.0
2024,RED,Redwoods,10,3.0,7.0,0.0,0.0,0.3,104.0,136.0,-32.0,10.4,13.6,-3.2,440.0,435.0,5.0,875.0,44.0,87.5,148.0,0.3363636363636363,0.2363636363636363,0.3126436781609195,-0.0762800417972831,23.636363636363637,31.264367816091955,-7.628004179728317,0.2113636363636363,0.9090909090909092,0.5340909090909091,0.4522727272727272,0.4522727272727272,0.3409090909090909,400.0,235.0,93.0,104.0,0.2325,0.5875,0.3957446808510638,0.26,342.0,82.0,82.0,0.239766081871345,58.0,34.0,11.0,22.0,0.1896551724137931,0.145,0.2115384615384615,0.3793103448275862,0.1295454545454545,0.239766081871345,0.1395442629562411,258.0,148.0,109.0,0.5736434108527132,199.0,150.0,168.0,0.3862068965517241,77.0,326.0,0.3725714285714285,435.0,266.0,125.0,11.0,69.0,124.0,0.4979919678714859,0.4661654135338345,0.2873563218390804,0.4699248120300752,1.0,25.0,19.5,50.0,0.1136363636363636,25.0,25.0,7.0,7.0,0.28,0.28,0.28,1.0,19.0,8.0,0.4210526315789473,298.0,304.0,324.0,12998.0,1299.8,0.8560547776581012,128.0,0.2909090909090909,20.0,420.0,231.0,5.0
2024,WAT,Waterdogs,10,2.0,8.0,0.0,0.0,0.2,111.0,123.0,-12.0,11.1,12.3,-1.2,433.0,481.0,-48.0,914.0,43.3,91.4,81.0,0.1870669745958429,0.2563510392609699,0.2557172557172557,0.0006337835437142,25.635103926097,25.571725571725572,0.0633783543714239,0.2401847575057736,1.002309468822171,0.6397228637413395,0.371824480369515,0.371824480369515,0.3140877598152425,434.0,277.0,104.0,111.0,0.2396313364055299,0.6382488479262672,0.3754512635379061,0.2557603686635945,373.0,97.0,97.0,0.260053619302949,61.0,32.0,7.0,14.0,0.1147540983606557,0.140552995391705,0.1261261261261261,0.2295081967213114,0.1293302540415704,0.260053619302949,-0.0305454225816375,255.0,81.0,172.0,0.3176470588235294,161.0,136.0,209.0,0.4345114345114345,84.0,301.0,0.3293216630196937,403.0,254.0,112.0,11.0,49.0,128.0,0.5333333333333333,0.5039370078740157,0.2779156327543424,0.4409448818897638,0.8378378378378378,19.0,13.0,28.0,0.0646651270207852,25.0,26.0,8.0,9.0,0.3076923076923077,0.32,0.36,1.04,19.0,5.0,0.2631578947368421,314.0,318.0,332.0,13328.0,1332.8,0.7957683073229291,154.0,0.3556581986143187,16.0,417.0,207.0,5.0
2024,WHP,Whipsnakes,13,8.0,5.0,0.0,3.0,0.6153846153846154,166.0,157.0,9.0,12.76923076923077,12.076923076923077,0.6923076923076923,622.0,570.0,52.0,1192.0,47.84615384615385,91.6923076923077,220.0,0.3536977491961415,0.2668810289389067,0.2754385964912281,-0.0085575675523213,26.688102893890676,27.54385964912281,-0.8557567552321343,0.2508038585209003,0.932475884244373,0.5836012861736335,0.3938906752411575,0.3938906752411575,0.315112540192926,580.0,363.0,156.0,166.0,0.2689655172413793,0.6258620689655172,0.4297520661157025,0.2862068965517241,513.0,146.0,146.0,0.2846003898635477,67.0,34.0,10.0,20.0,0.1492537313432835,0.1155172413793103,0.1204819277108433,0.2985074626865671,0.0996784565916398,0.2846003898635477,0.0139070728230193,353.0,214.0,133.0,0.6062322946175638,245.0,196.0,212.0,0.3719298245614035,82.0,482.0,0.4043624161073825,537.0,328.0,147.0,10.0,77.0,165.0,0.5288461538461539,0.5030487804878049,0.2737430167597765,0.4481707317073171,0.9421052631578948,20.0,13.0,53.0,0.085209003215434,24.0,25.0,8.0,9.0,0.32,0.3333333333333333,0.375,1.0416666666666667,18.0,0.0,0.0,452.0,463.0,427.0,17936.0,1379.6923076923076,0.8326271186440678,206.0,0.3311897106109325,14.0,608.0,339.0,10.0
2025,ARC,Archers,10,4.0,6.0,0.0,0.0,0.4,98.0,111.0,-13.0,9.8,11.1,-1.3,425.0,473.0,-48.0,898.0,42.5,89.8,73.0,0.1717647058823529,0.2305882352941176,0.2346723044397463,-0.0040840691456286,23.058823529411764,23.46723044397463,-0.4084069145628644,0.2164705882352941,0.8305882352941176,0.5152941176470588,0.4517647058823529,0.4517647058823529,0.3858823529411764,353.0,219.0,92.0,98.0,0.2606232294617563,0.6203966005665722,0.4200913242009132,0.2776203966005666,302.0,86.0,86.0,0.2847682119205298,51.0,29.0,6.0,12.0,0.1176470588235294,0.1444759206798866,0.1224489795918367,0.2352941176470588,0.1129411764705882,0.2847682119205298,-0.0494740942734709,231.0,73.0,155.0,0.316017316017316,192.0,164.0,192.0,0.4059196617336152,66.0,266.0,0.2962138084632517,459.0,265.0,101.0,10.0,55.0,146.0,0.5910931174089069,0.5509433962264151,0.2200435729847494,0.3811320754716981,0.970401691331924,29.0,19.5,30.0,0.0705882352941176,17.0,17.0,6.0,7.0,0.3529411764705882,0.3529411764705882,0.4117647058823529,1.0,25.0,7.0,0.28,307.0,315.0,321.0,12747.0,1274.7,0.7039303365497764,160.0,0.3764705882352941,14.0,411.0,164.0,4.0
2025,ATL,Atlas,12,9.0,3.0,0.0,2.0,0.75,164.0,144.0,20.0,13.666666666666666,12.0,1.6666666666666667,570.0,527.0,43.0,1097.0,47.5,91.41666666666669,195.0,0.3421052631578947,0.287719298245614,0.2732447817836812,0.0144745164619328,28.771929824561404,27.32447817836812,1.4474516461932818,0.2754385964912281,0.9017543859649124,0.5684210526315789,0.4,0.4,0.3,514.0,324.0,157.0,164.0,0.3054474708171206,0.6303501945525292,0.4845679012345679,0.3190661478599221,460.0,150.0,150.0,0.3260869565217391,54.0,25.0,7.0,14.0,0.1296296296296296,0.1050583657587548,0.0853658536585365,0.2592592592592592,0.0912280701754386,0.3260869565217391,-0.0668276972624798,337.0,195.0,139.0,0.5786350148367952,228.0,171.0,174.0,0.3301707779886148,83.0,423.0,0.3855970829535096,551.0,346.0,135.0,9.0,67.0,185.0,0.578125,0.5346820809248555,0.2450090744101633,0.3901734104046243,1.045540796963947,32.0,21.0,60.0,0.1052631578947368,30.0,34.0,12.0,12.0,0.3529411764705882,0.4,0.4,1.1333333333333333,30.0,6.0,0.2,393.0,398.0,371.0,16248.0,1354.0,0.7876661742983752,201.0,0.3526315789473684,18.0,552.0,284.0,6.0
2025,CAN,Cannons,10,4.0,6.0,0.0,0.0,0.4,127.0,138.0,-11.0,12.7,13.8,-1.1,425.0,455.0,-30.0,880.0,42.5,88.0,120.0,0.2823529411764706,0.2988235294117647,0.3032967032967033,-0.0044731738849385,29.88235294117647,30.32967032967033,-0.4473173884938564,0.2705882352941176,0.976470588235294,0.6070588235294118,0.3670588235294117,0.3670588235294117,0.2941176470588235,415.0,258.0,115.0,127.0,0.2771084337349397,0.6216867469879518,0.4457364341085271,0.3060240963855422,344.0,103.0,103.0,0.2994186046511627,71.0,41.0,12.0,24.0,0.1690140845070422,0.1710843373493976,0.1889763779527559,0.3380281690140845,0.1576470588235294,0.2994186046511627,0.0386095643629217,284.0,120.0,162.0,0.4225352112676056,156.0,125.0,183.0,0.4021978021978022,81.0,263.0,0.2988636363636364,425.0,287.0,133.0,5.0,49.0,133.0,0.5,0.4634146341463415,0.3129411764705882,0.4634146341463415,0.934065934065934,34.0,27.5,33.0,0.0776470588235294,19.0,15.0,8.0,10.0,0.5333333333333333,0.4210526315789473,0.5263157894736842,0.7894736842105263,33.0,12.0,0.3636363636363636,268.0,273.0,325.0,12981.0,1298.1,0.779369848239735,168.0,0.3952941176470588,14.0,411.0,193.0,8.0
2025,CHA,Chaos,11,5.0,6.0,0.0,1.0,0.4545454545454545,122.0,139.0,-17.0,11.090909090909092,12.636363636363637,-1.5454545454545454,499.0,496.0,3.0,995.0,45.36363636363637,90.45454545454544,144.0,0.2885771543086172,0.2444889779559118,0.2802419354838709,-0.0357529575279591,24.448897795591183,28.024193548387096,-3.5752957527959124,0.2304609218436873,0.9138276553106212,0.5731462925851704,0.4108216432865731,0.4108216432865731,0.3226452905811623,456.0,286.0,115.0,122.0,0.2521929824561403,0.6271929824561403,0.4020979020979021,0.2675438596491228,400.0,108.0,108.0,0.27,56.0,34.0,7.0,14.0,0.125,0.1228070175438596,0.1147540983606557,0.25,0.1082164328657314,0.27,-0.02,286.0,144.0,140.0,0.5034965034965035,205.0,161.0,177.0,0.3568548387096774,61.0,309.0,0.3105527638190954,476.0,304.0,127.0,12.0,69.0,164.0,0.563573883161512,0.5394736842105263,0.2668067226890756,0.4177631578947368,0.9596774193548387,31.0,22.5,44.0,0.0881763527054108,28.0,23.0,9.0,9.0,0.391304347826087,0.3214285714285714,0.3214285714285714,0.8214285714285714,28.0,7.0,0.25,334.0,342.0,354.0,14135.0,1285.0,0.7750972762645915,182.0,0.3647294589178356,17.0,482.0,237.0,7.0
2025,OUT,Outlaws,12,8.0,4.0,0.0,2.0,0.6666666666666666,156.0,134.0,22.0,13.0,11.166666666666666,1.8333333333333333,549.0,547.0,2.0,1096.0,45.75,91.33333333333331,153.0,0.2786885245901639,0.2841530054644808,0.2449725776965265,0.0391804277679543,28.415300546448087,24.497257769652652,3.918042776795436,0.2604735883424408,0.9927140255009108,0.6193078324225865,0.3788706739526412,0.3788706739526412,0.3078324225865209,545.0,340.0,143.0,156.0,0.2623853211009174,0.6238532110091743,0.4205882352941176,0.2862385321100917,458.0,130.0,130.0,0.2838427947598253,87.0,41.0,13.0,26.0,0.1494252873563218,0.1596330275229358,0.1666666666666666,0.2988505747126437,0.1493624772313297,0.2838427947598253,0.0150077799528183,313.0,153.0,158.0,0.4888178913738019,208.0,169.0,233.0,0.4259597806215722,79.0,367.0,0.3348540145985401,449.0,299.0,125.0,9.0,67.0,149.0,0.5437956204379562,0.4983277591973244,0.2783964365256124,0.4180602006688963,0.8208409506398537,31.0,22.5,45.0,0.081967213114754,40.0,33.0,10.0,11.0,0.303030303030303,0.25,0.275,0.825,25.0,8.0,0.32,352.0,363.0,398.0,16042.0,1336.8333333333333,0.7929185887046503,196.0,0.3570127504553734,18.0,531.0,267.0,4.0
2025,RED,Redwoods,12,6.0,6.0,0.0,2.0,0.5,147.0,154.0,-7.0,12.25,12.833333333333334,-0.5833333333333334,533.0,530.0,3.0,1063.0,44.416666666666664,88.58333333333333,180.0,0.3377110694183864,0.275797373358349,0.290566037735849,-0.0147686643775,27.579737335834896,29.056603773584907,-1.4768664377500074,0.2532833020637898,0.9793621013133208,0.6022514071294559,0.3789868667917448,0.3789868667917448,0.2626641651031895,522.0,321.0,135.0,147.0,0.2586206896551724,0.6149425287356322,0.4205607476635514,0.2816091954022988,438.0,123.0,123.0,0.2808219178082192,84.0,47.0,12.0,24.0,0.1428571428571428,0.160919540229885,0.1632653061224489,0.2857142857142857,0.1463414634146341,0.2808219178082192,0.0048923679060665,325.0,180.0,144.0,0.5538461538461539,202.0,140.0,207.0,0.3905660377358491,85.0,391.0,0.367826904985889,494.0,316.0,144.0,10.0,75.0,153.0,0.5151515151515151,0.4841772151898734,0.291497975708502,0.4556962025316455,0.9320754716981132,36.0,29.0,65.0,0.1219512195121951,32.0,30.0,7.0,9.0,0.2333333333333333,0.21875,0.28125,0.9375,34.0,14.0,0.4117647058823529,376.0,383.0,355.0,16815.0,1401.25,0.7931013975617008,180.0,0.3377110694183864,18.0,515.0,276.0,9.0
2025,WAT,Waterdogs,12,5.0,7.0,0.0,2.0,0.4166666666666667,149.0,152.0,-3.0,12.416666666666666,12.666666666666666,-0.25,515.0,514.0,1.0,1029.0,42.916666666666664,85.75,155.0,0.3009708737864077,0.2893203883495145,0.2957198443579766,-0.006399456008462,28.932038834951456,29.571984435797667,-0.639945600846209,0.2718446601941747,0.9805825242718448,0.6524271844660194,0.3786407766990291,0.3786407766990291,0.3009708737864077,505.0,336.0,140.0,149.0,0.2772277227722772,0.6653465346534654,0.4166666666666667,0.295049504950495,440.0,131.0,131.0,0.2977272727272727,65.0,36.0,9.0,18.0,0.1384615384615384,0.1287128712871287,0.1208053691275167,0.2769230769230769,0.1223300970873786,0.2977272727272727,-0.0208041958041957,322.0,155.0,164.0,0.4813664596273292,195.0,155.0,225.0,0.4377431906614786,88.0,380.0,0.369290573372206,478.0,288.0,136.0,16.0,76.0,131.0,0.4906367041198501,0.4548611111111111,0.2845188284518828,0.4722222222222222,0.9299610894941636,26.0,22.0,43.0,0.0834951456310679,31.0,31.0,9.0,9.0,0.2903225806451613,0.2903225806451613,0.2903225806451613,1.0,22.0,9.0,0.4090909090909091,375.0,382.0,364.0,16580.0,1381.6666666666667,0.7790108564535585,174.0,0.3378640776699029,20.0,495.0,255.0,7.0
2025,WHP,Whipsnakes,11,4.0,7.0,0.0,1.0,0.3636363636363636,131.0,122.0,9.0,11.909090909090908,11.090909090909092,0.8181818181818182,493.0,467.0,26.0,960.0,44.81818181818182,87.27272727272727,162.0,0.3286004056795132,0.2657200811359026,0.2612419700214132,0.0044781111144893,26.572008113590265,26.12419700214133,0.4478111114489369,0.2494929006085192,0.9127789046653144,0.592292089249493,0.3874239350912778,0.3874239350912778,0.2799188640973631,450.0,292.0,123.0,131.0,0.2733333333333333,0.6488888888888888,0.4212328767123288,0.2911111111111111,409.0,115.0,115.0,0.2811735941320293,41.0,23.0,8.0,16.0,0.1951219512195122,0.0911111111111111,0.1221374045801526,0.3902439024390244,0.0811359026369168,0.2811735941320293,0.109070308306995,284.0,162.0,120.0,0.5704225352112676,191.0,138.0,186.0,0.3982869379014989,66.0,337.0,0.3510416666666666,428.0,271.0,119.0,3.0,51.0,136.0,0.5333333333333333,0.5018450184501845,0.2780373831775701,0.4391143911439114,0.9164882226980728,20.0,12.5,53.0,0.1075050709939148,19.0,17.0,8.0,10.0,0.4705882352941176,0.4210526315789473,0.5263157894736842,0.8947368421052632,19.0,6.0,0.3157894736842105,355.0,362.0,330.0,15066.0,1369.6363636363635,0.7964290455329882,178.0,0.3610547667342799,18.0,475.0,237.0,5.0
2026,ARC,Archers,12,7.0,5.0,0.0,0.0,0.5833333333333334,142.0,113.0,29.0,11.833333333333334,9.416666666666666,2.4166666666666665,527.0,481.0,46.0,1008.0,43.916666666666664,84.0,162.0,0.3074003795066413,0.269449715370019,0.2349272349272349,0.034522480442784,26.944971537001894,23.492723492723492,3.452248044278406,0.25426944971537,0.935483870967742,0.5464895635673624,0.413662239089184,0.413662239089184,0.3074003795066413,493.0,288.0,134.0,142.0,0.2718052738336714,0.5841784989858012,0.4652777777777778,0.2880324543610548,426.0,126.0,126.0,0.2957746478873239,67.0,28.0,8.0,16.0,0.1194029850746268,0.1359026369168357,0.1126760563380281,0.2388059701492537,0.1157495256166983,0.2957746478873239,-0.0569686777380702,288.0,162.0,123.0,0.5625,218.0,162.0,193.0,0.4012474012474012,77.0,397.0,0.3938492063492063,461.0,279.0,107.0,6.0,68.0,157.0,0.5946969696969697,0.5627240143369175,0.2321041214750542,0.3835125448028674,0.9584199584199584,53.0,47.0,56.0,0.1062618595825427,41.0,39.0,15.0,16.0,0.3846153846153846,0.3658536585365853,0.3902439024390244,0.951219512195122,41.0,12.0,0.2926829268292683,366.0,372.0,341.0,15760.0,1313.3333333333333,0.790736040609137,181.0,0.3434535104364326,25.0,502.0,264.0,9.0
2026,ATL,Atlas,12,3.0,9.0,0.0,0.0,0.25,130.0,172.0,-42.0,10.833333333333334,14.333333333333334,-3.5,518.0,555.0,-37.0,1073.0,43.166666666666664,89.41666666666667,149.0,0.2876447876447876,0.2509652509652509,0.3099099099099099,-0.0589446589446589,25.096525096525095,30.99099099099099,-5.8944658944658945,0.2239382239382239,0.915057915057915,0.583011583011583,0.4073359073359073,0.4073359073359073,0.3378378378378378,474.0,302.0,116.0,130.0,0.2447257383966244,0.6371308016877637,0.3841059602649007,0.2742616033755274,397.0,102.0,102.0,0.2569269521410579,77.0,44.0,14.0,28.0,0.1818181818181818,0.1624472573839662,0.2153846153846154,0.3636363636363636,0.137065637065637,0.2569269521410579,0.1067094114953057,326.0,149.0,175.0,0.4570552147239264,211.0,175.0,209.0,0.3765765765765765,98.0,390.0,0.3634669151910531,527.0,326.0,164.0,8.0,50.0,146.0,0.4709677419354838,0.4478527607361963,0.3111954459203036,0.5030674846625767,0.9495495495495496,33.0,25.5,35.0,0.0675675675675675,28.0,28.0,8.0,11.0,0.2857142857142857,0.2857142857142857,0.3928571428571428,1.0,31.0,9.0,0.2903225806451613,347.0,358.0,389.0,15424.0,1285.3333333333333,0.7720435684647303,192.0,0.3706563706563706,19.0,499.0,230.0,7.0
2026,CAN,Cannons,13,8.0,5.0,0.0,1.0,0.6153846153846154,163.0,151.0,12.0,12.538461538461538,11.615384615384617,0.9230769230769232,606.0,565.0,41.0,1171.0,46.61538461538461,90.07692307692308,200.0,0.33003300330033,0.2689768976897689,0.2672566371681416,0.0017202605216273,26.897689768976896,26.72566371681416,0.1720260521627381,0.2475247524752475,0.9257425742574258,0.5874587458745875,0.3481848184818482,0.3481848184818482,0.2722772277227723,561.0,356.0,150.0,163.0,0.267379679144385,0.6345811051693404,0.4213483146067415,0.2905525846702317,478.0,137.0,137.0,0.2866108786610878,83.0,53.0,13.0,26.0,0.1566265060240964,0.1479500891265597,0.1595092024539877,0.3132530120481928,0.132013201320132,0.2866108786610878,0.0266421333871049,343.0,199.0,143.0,0.5801749271137027,211.0,165.0,220.0,0.3893805309734513,112.0,435.0,0.3714773697694278,518.0,317.0,145.0,6.0,66.0,153.0,0.5134228187919463,0.4826498422712933,0.2799227799227799,0.4574132492113564,0.9168141592920354,48.0,38.5,50.0,0.0825082508250825,29.0,25.0,6.0,8.0,0.24,0.2068965517241379,0.2758620689655172,0.8620689655172413,46.0,17.0,0.3695652173913043,371.0,382.0,388.0,17947.0,1380.5384615384614,0.7932244943444586,220.0,0.363036303630363,23.0,583.0,295.0,11.0
2026,CHA,Chaos,12,5.0,7.0,0.0,0.0,0.4166666666666667,129.0,149.0,-20.0,10.75,12.416666666666666,-1.6666666666666667,509.0,566.0,-57.0,1075.0,42.416666666666664,89.58333333333333,109.0,0.2141453831041257,0.2534381139489194,0.2632508833922261,-0.0098127694433066,25.343811394891944,26.325088339222617,-0.9812769443306668,0.2455795677799607,0.9155206286836935,0.5697445972495089,0.3831041257367387,0.3831041257367387,0.3379174852652259,466.0,290.0,125.0,129.0,0.2682403433476394,0.6223175965665236,0.4310344827586206,0.2768240343347639,409.0,121.0,121.0,0.295843520782396,57.0,34.0,4.0,8.0,0.0701754385964912,0.1223175965665236,0.0620155038759689,0.1403508771929824,0.111984282907662,0.295843520782396,-0.1554926435894136,311.0,109.0,199.0,0.3504823151125402,195.0,172.0,231.0,0.4081272084805654,92.0,317.0,0.2948837209302326,535.0,330.0,140.0,9.0,57.0,166.0,0.5424836601307189,0.503030303030303,0.2616822429906542,0.4242424242424242,0.9452296819787986,33.0,27.5,27.0,0.0530451866404715,22.0,15.0,7.0,8.0,0.4666666666666667,0.3181818181818182,0.3636363636363636,0.6818181818181818,32.0,11.0,0.34375,371.0,382.0,403.0,15812.0,1317.6666666666667,0.7035163167214774,190.0,0.3732809430255402,18.0,491.0,230.0,10.0
2026,OUT,Outlaws,13,7.0,6.0,0.0,1.0,0.5384615384615384,153.0,158.0,-5.0,11.76923076923077,12.153846153846152,-0.3846153846153846,565.0,570.0,-5.0,1135.0,43.46153846153846,87.3076923076923,165.0,0.2920353982300885,0.2707964601769911,0.2771929824561403,-0.0063965222791491,27.079646017699115,27.71929824561403,-0.6396522279149164,0.2460176991150442,0.8973451327433628,0.5610619469026549,0.4088495575221239,0.4088495575221239,0.3469026548672566,507.0,317.0,139.0,153.0,0.2741617357001972,0.6252465483234714,0.4384858044164038,0.301775147928994,431.0,125.0,125.0,0.2900232018561485,76.0,44.0,14.0,28.0,0.1842105263157894,0.1499013806706114,0.1830065359477124,0.3684210526315789,0.1256637168141593,0.2900232018561485,0.0783978507754304,337.0,165.0,168.0,0.4896142433234421,231.0,196.0,222.0,0.3894736842105263,87.0,359.0,0.3162995594713656,526.0,322.0,147.0,11.0,64.0,156.0,0.5148514851485149,0.484472049689441,0.279467680608365,0.4565217391304347,0.9228070175438596,31.0,23.5,33.0,0.0584070796460177,26.0,20.0,9.0,12.0,0.45,0.3461538461538461,0.4615384615384615,0.7692307692307693,33.0,14.0,0.4242424242424242,391.0,401.0,436.0,16527.0,1271.3076923076924,0.7542203666727174,205.0,0.3628318584070796,22.0,543.0,256.0,7.0
2026,RED,Redwoods,13,6.0,7.0,0.0,1.0,0.4615384615384615,164.0,166.0,-2.0,12.615384615384617,12.76923076923077,-0.1538461538461538,598.0,584.0,14.0,1182.0,46.0,90.92307692307692,209.0,0.3494983277591973,0.2742474916387959,0.2842465753424658,-0.0099990837036698,27.4247491638796,28.424657534246577,-0.9999083703669808,0.2692307692307692,0.9481605351170568,0.5936454849498328,0.3963210702341137,0.3963210702341137,0.3026755852842809,567.0,355.0,161.0,164.0,0.2839506172839506,0.6261022927689595,0.4535211267605634,0.2892416225749559,498.0,158.0,158.0,0.3172690763052209,69.0,36.0,3.0,6.0,0.0434782608695652,0.1216931216931216,0.0365853658536585,0.0869565217391304,0.108695652173913,0.3172690763052209,-0.2303125545660904,365.0,209.0,154.0,0.5726027397260274,237.0,181.0,225.0,0.3852739726027397,102.0,447.0,0.3781725888324873,547.0,342.0,154.0,12.0,83.0,171.0,0.5261538461538462,0.5,0.2815356489945155,0.4502923976608187,0.9366438356164384,19.0,14.5,55.0,0.0919732441471571,33.0,32.0,13.0,13.0,0.40625,0.3939393939393939,0.3939393939393939,0.9696969696969696,18.0,5.0,0.2777777777777778,429.0,439.0,391.0,18624.0,1432.6153846153843,0.7469394329896907,202.0,0.3377926421404682,15.0,583.0,308.0,9.0
2026,WAT,Waterdogs,12,9.0,3.0,0.0,0.0,0.75,151.0,137.0,14.0,12.583333333333334,11.416666666666666,1.1666666666666667,504.0,484.0,20.0,988.0,42.0,82.33333333333333,164.0,0.3253968253968254,0.2996031746031746,0.2830578512396694,0.0165453233635051,29.96031746031746,28.305785123966945,1.654532336350517,0.2757936507936508,0.992063492063492,0.621031746031746,0.3789682539682539,0.3789682539682539,0.2797619047619047,500.0,313.0,139.0,151.0,0.278,0.626,0.4440894568690096,0.302,431.0,127.0,127.0,0.2946635730858468,69.0,35.0,12.0,24.0,0.1739130434782608,0.138,0.1589403973509933,0.3478260869565217,0.1329365079365079,0.2946635730858468,0.0531625138706748,309.0,164.0,142.0,0.5307443365695793,191.0,141.0,177.0,0.365702479338843,87.0,373.0,0.3775303643724696,470.0,319.0,126.0,11.0,78.0,171.0,0.5757575757575758,0.5360501567398119,0.2680851063829787,0.3949843260188088,0.9710743801652892,34.0,27.5,52.0,0.1031746031746031,38.0,47.0,13.0,18.0,0.2765957446808511,0.3421052631578947,0.4736842105263157,1.236842105263158,31.0,12.0,0.3870967741935484,346.0,350.0,336.0,16331.0,1360.9166666666667,0.8010532116833017,182.0,0.3611111111111111,16.0,488.0,256.0,8.0
2026,WHP,Whipsnakes,13,5.0,8.0,0.0,1.0,0.3846153846153846,158.0,144.0,14.0,12.153846153846152,11.076923076923077,1.0769230769230769,561.0,583.0,-22.0,1144.0,43.15384615384615,88.0,143.0,0.2549019607843137,0.2816399286987522,0.2469982847341338,0.0346416439646184,28.163992869875223,24.69982847341338,3.464164396461842,0.2745098039215686,0.9590017825311944,0.6167557932263814,0.3654188948306595,0.3654188948306595,0.285204991087344,538.0,346.0,154.0,158.0,0.2862453531598513,0.6431226765799256,0.4450867052023121,0.2936802973977695,500.0,150.0,150.0,0.3,38.0,25.0,4.0,8.0,0.1052631578947368,0.070631970260223,0.050632911392405,0.2105263157894736,0.0659536541889483,0.3,-0.0894736842105263,339.0,143.0,196.0,0.4218289085545723,205.0,160.0,222.0,0.3807890222984562,86.0,357.0,0.3120629370629371,522.0,332.0,135.0,9.0,70.0,174.0,0.5631067961165048,0.5240963855421686,0.2586206896551724,0.4066265060240964,0.8953687821612349,25.0,20.0,46.0,0.0819964349376114,37.0,33.0,16.0,17.0,0.4848484848484848,0.4324324324324324,0.4594594594594595,0.8918918918918919,22.0,7.0,0.3181818181818182,374.0,389.0,389.0,17193.0,1322.5384615384614,0.7012156110044786,217.0,0.3868092691622103,21.0,540.0,257.0,7.0
