season,player_id,team_id,aggregation_level,player_name,positions,games_played,touches,turnovers,league_turnover_per_touch,turnovers_per_touch,turnovers_below_expected,shots,team_shots_in_appearances,shot_share
2023,000216,ALL,SEASON,Marcus Holman,F,4,100,8,0.0456557830659,0.08,-3.43442169341,25,174,0.14367816092
2023,000216,ARC,STINT,Marcus Holman,F,4,100,8,0.0456557830659,0.08,-3.43442169341,25,174,0.14367816092
2023,000221,ALL,SEASON,Ryan Ambler,F,4,85,3,0.0456557830659,0.0352941176471,0.880741560598,16,174,0.0919540229885
2023,000221,ARC,STINT,Ryan Ambler,F,4,85,3,0.0456557830659,0.0352941176471,0.880741560598,16,174,0.0919540229885
2023,000227,ALL,SEASON,Will Manny,F,4,102,6,0.0456557830659,0.0588235294118,-1.34311012728,26,174,0.149425287356
2023,000227,ARC,STINT,Will Manny,F,4,102,6,0.0456557830659,0.0588235294118,-1.34311012728,26,174,0.149425287356
2023,000241,ALL,SEASON,Jack Concannon,G,5,163,2,0.0456557830659,0.0122699386503,5.44189263973,0,237,0
2023,000241,ATL,STINT,Jack Concannon,G,5,163,2,0.0456557830659,0.0122699386503,5.44189263973,0,237,0
2023,000298,ALL,SEASON,Justin Guterding,F,4,84,9,0.0456557830659,0.107142857143,-5.16491422247,25,176,0.142045454545
2023,000298,WHP,STINT,Justin Guterding,F,4,84,9,0.0456557830659,0.107142857143,-5.16491422247,25,176,0.142045454545
2023,000305,ALL,SEASON,Romar Dennis,F,5,114,5,0.0456557830659,0.0438596491228,0.204759269507,46,237,0.194092827004
2023,000305,ATL,STINT,Romar Dennis,F,5,114,5,0.0456557830659,0.0438596491228,0.204759269507,46,237,0.194092827004
2023,000346,ALL,SEASON,Jay Carlson,F,4,45,5,0.0456557830659,0.111111111111,-2.94548976204,17,176,0.0965909090909
2023,000346,WHP,STINT,Jay Carlson,F,4,45,5,0.0456557830659,0.111111111111,-2.94548976204,17,176,0.0965909090909
2023,000361,ALL,SEASON,Tyler Warner,F,4,54,3,0.0456557830659,0.0555555555556,-0.534587714444,13,176,0.0738636363636
2023,000361,WHP,STINT,Tyler Warner,F,4,54,3,0.0456557830659,0.0555555555556,-0.534587714444,13,176,0.0738636363636
2023,000390,ALL,SEASON,Brad Smith,F,4,103,7,0.0456557830659,0.0679611650485,-2.29745434422,34,176,0.193181818182
2023,000390,WHP,STINT,Brad Smith,F,4,103,7,0.0456557830659,0.0679611650485,-2.29745434422,34,176,0.193181818182
2023,000391,ALL,SEASON,Grant Ament,F,4,131,4,0.0456557830659,0.030534351145,1.98090758163,21,174,0.120689655172
2023,000391,ARC,STINT,Grant Ament,F,4,131,4,0.0456557830659,0.030534351145,1.98090758163,21,174,0.120689655172
2023,000395,ALL,SEASON,Bryan Costabile,F,5,115,9,0.0456557830659,0.0782608695652,-3.74958494743,41,237,0.172995780591
2023,000395,ATL,STINT,Bryan Costabile,F,5,115,9,0.0456557830659,0.0782608695652,-3.74958494743,41,237,0.172995780591
2023,000411,ALL,SEASON,Christian Mazzone,F,5,70,2,0.0456557830659,0.0285714285714,1.19590481461,12,237,0.0506329113924
2023,000411,ATL,STINT,Christian Mazzone,F,5,70,2,0.0456557830659,0.0285714285714,1.19590481461,12,237,0.0506329113924
2023,000434,ALL,SEASON,Matt Abbott,F,4,84,2,0.0456557830659,0.0238095238095,1.83508577753,16,176,0.0909090909091
2023,000434,WHP,STINT,Matt Abbott,F,4,84,2,0.0456557830659,0.0238095238095,1.83508577753,16,176,0.0909090909091
2023,000614,ALL,SEASON,Brian Phipps,G,4,109,3,0.0456557830659,0.0275229357798,1.97648035418,3,176,0.0170454545455
2023,000614,WHP,STINT,Brian Phipps,G,4,109,3,0.0456557830659,0.0275229357798,1.97648035418,3,176,0.0170454545455
2023,001001,ALL,SEASON,Dylan Molloy,F,5,73,5,0.0456557830659,0.0684931506849,-1.66712783619,27,231,0.116883116883
2023,001001,CHR,STINT,Dylan Molloy,F,5,73,5,0.0456557830659,0.0684931506849,-1.66712783619,27,231,0.116883116883
2023,001009,ALL,SEASON,Colin Heacock,F,5,141,4,0.0456557830659,0.0283687943262,2.43746541229,28,231,0.121212121212
2023,001009,CHR,STINT,Colin Heacock,F,5,141,4,0.0456557830659,0.0283687943262,2.43746541229,28,231,0.121212121212
2023,001724,ALL,SEASON,Sean Sconone,G,5,136,4,0.0456557830659,0.0294117647059,2.20918649696,1,231,0.004329004329
2023,001724,CHR,STINT,Sean Sconone,G,5,136,4,0.0456557830659,0.0294117647059,2.20918649696,1,231,0.004329004329
2023,001746,ALL,SEASON,Daniel Bucaro,F,5,65,6,0.0456557830659,0.0923076923077,-3.03237410072,19,237,0.0801687763713
2023,001746,ATL,STINT,Daniel Bucaro,F,5,65,6,0.0456557830659,0.0923076923077,-3.03237410072,19,237,0.0801687763713
2023,001773,ALL,SEASON,Nick Washuta,G,4,86,3,0.0456557830659,0.0348837209302,0.926397343664,0,174,0
2023,001773,ARC,STINT,Nick Washuta,G,4,86,3,0.0456557830659,0.0348837209302,0.926397343664,0,174,0
2023,001802,ALL,SEASON,Reed Junkin,G,3,38,1,0.0456557830659,0.0263157894737,0.734919756502,1,140,0.00714285714286
2023,001802,WHP,STINT,Reed Junkin,G,3,38,1,0.0456557830659,0.0263157894737,0.734919756502,1,140,0.00714285714286
2023,001813,ALL,SEASON,Jared Conners,F,4,34,5,0.0456557830659,0.147058823529,-3.44770337576,4,174,0.0229885057471
2023,001813,ARC,STINT,Jared Conners,F,4,34,5,0.0456557830659,0.147058823529,-3.44770337576,4,174,0.0229885057471
2023,001816,ALL,SEASON,Dox Aitken,F,5,71,4,0.0456557830659,0.056338028169,-0.758439402324,27,237,0.113924050633
2023,001816,ATL,STINT,Dox Aitken,F,5,71,4,0.0456557830659,0.056338028169,-0.758439402324,27,237,0.113924050633
2023,001818,ALL,SEASON,Jake Carraway,F,5,49,2,0.0456557830659,0.0408163265306,0.237133370227,19,237,0.0801687763713
2023,001818,ATL,STINT,Jake Carraway,F,5,49,2,0.0456557830659,0.0408163265306,0.237133370227,19,237,0.0801687763713
2023,001825,ALL,SEASON,Peter Dearth,F,5,22,0,0.0456557830659,0,1.00442722745,7,237,0.0295358649789
2023,001825,ATL,STINT,Peter Dearth,F,5,22,0,0.0456557830659,0,1.00442722745,7,237,0.0295358649789
2023,001826,ALL,SEASON,Jeff Trainor,F,4,68,2,0.0456557830659,0.0294117647059,1.10459324848,17,174,0.0977011494253
2023,001826,ARC,STINT,Jeff Trainor,F,4,68,2,0.0456557830659,0.0294117647059,1.10459324848,17,174,0.0977011494253
2023,001828,ALL,SEASON,Justin Anderson,F,5,179,5,0.0456557830659,0.0279329608939,3.17238516879,34,231,0.147186147186
2023,001828,CHR,STINT,Justin Anderson,F,5,179,5,0.0456557830659,0.0279329608939,3.17238516879,34,231,0.147186147186
2023,001836,ALL,SEASON,Jackson Morrill,F,5,96,3,0.0456557830659,0.03125,1.38295517432,19,231,0.0822510822511
2023,001836,CHR,STINT,Jackson Morrill,F,5,96,3,0.0456557830659,0.03125,1.38295517432,19,231,0.0822510822511
2023,001843,ALL,SEASON,Cole Williams,F,5,87,13,0.0456557830659,0.149425287356,-9.02794687327,23,231,0.0995670995671
2023,001843,CHR,STINT,Cole Williams,F,5,87,13,0.0456557830659,0.149425287356,-9.02794687327,23,231,0.0995670995671
2023,002001,ALL,SEASON,Kevin Rogers,F,5,125,5,0.0456557830659,0.04,0.706972883232,32,231,0.138528138528
2023,002001,CHR,STINT,Kevin Rogers,F,5,125,5,0.0456557830659,0.04,0.706972883232,32,231,0.138528138528
2023,002003,ALL,SEASON,Will Perry,F,4,70,2,0.0456557830659,0.0285714285714,1.19590481461,17,176,0.0965909090909
2023,002003,WHP,STINT,Will Perry,F,4,70,2,0.0456557830659,0.0285714285714,1.19590481461,17,176,0.0965909090909
2023,002014,ALL,SEASON,Drake Porter,G,1,19,0,0.0456557830659,0,0.867459878251,0,45,0
2023,002014,ATL,STINT,Drake Porter,G,1,19,0,0.0456557830659,0,0.867459878251,0,45,0
2023,002015,ALL,SEASON,Logan Wisnauskas,F,5,104,3,0.0456557830659,0.0288461538462,1.74820143885,38,231,0.164502164502
2023,002015,CHR,STINT,Logan Wisnauskas,F,5,104,3,0.0456557830659,0.0288461538462,1.74820143885,38,231,0.164502164502
2023,002016,ALL,SEASON,Chris Gray,F,5,108,6,0.0456557830659,0.0555555555556,-1.06917542889,42,237,0.177215189873
2023,002016,ATL,STINT,Chris Gray,F,5,108,6,0.0456557830659,0.0555555555556,-1.06917542889,42,237,0.177215189873
2023,002018,ALL,SEASON,Matt Moore,F,4,71,3,0.0456557830659,0.0422535211268,0.241560597676,25,174,0.14367816092
2023,002018,ARC,STINT,Matt Moore,F,4,71,3,0.0456557830659,0.0422535211268,0.241560597676,25,174,0.14367816092
2023,002019,ALL,SEASON,Koby Smith,F,5,7,0,0.0456557830659,0,0.319590481461,3,237,0.0126582278481
2023,002019,ATL,STINT,Koby Smith,F,5,7,0,0.0456557830659,0,0.319590481461,3,237,0.0126582278481
2023,002021,ALL,SEASON,Roman Puglise,F,4,40,1,0.0456557830659,0.025,0.826231322634,10,176,0.0568181818182
2023,002021,WHP,STINT,Roman Puglise,F,4,40,1,0.0456557830659,0.025,0.826231322634,10,176,0.0568181818182
2023,002029,ALL,SEASON,Wheaton Jackoboice,F,4,74,5,0.0456557830659,0.0675675675676,-1.62147205313,16,176,0.0909090909091
2023,002029,WHP,STINT,Wheaton Jackoboice,F,4,74,5,0.0456557830659,0.0675675675676,-1.62147205313,16,176,0.0909090909091
2023,002034,ALL,SEASON,Keegan Khan,F,4,50,2,0.0456557830659,0.04,0.282789153293,17,176,0.0965909090909
2023,002034,WHP,STINT,Keegan Khan,F,4,50,2,0.0456557830659,0.04,0.282789153293,17,176,0.0965909090909
2023,002039,ALL,SEASON,Owen McElroy,G,2,27,0,0.0456557830659,0,1.23270614278,1,97,0.0103092783505
2023,002039,CHR,STINT,Owen McElroy,G,2,27,0,0.0456557830659,0,1.23270614278,1,97,0.0103092783505
2023,002042,ALL,SEASON,Jon Robbins,F,4,14,2,0.0456557830659,0.142857142857,-1.36081903708,5,174,0.0287356321839
2023,002042,ARC,STINT,Jon Robbins,F,4,14,2,0.0456557830659,0.142857142857,-1.36081903708,5,174,0.0287356321839
2023,002043,ALL,SEASON,Ryan Aughavin,F,4,58,2,0.0456557830659,0.0344827586207,0.64803541782,18,174,0.103448275862
2023,002043,ARC,STINT,Ryan Aughavin,F,4,58,2,0.0456557830659,0.0344827586207,0.64803541782,18,174,0.103448275862
2023,002049,ALL,SEASON,Marc O'Rourke,F,5,63,3,0.0456557830659,0.047619047619,-0.123685666851,21,237,0.0886075949367
2023,002049,ATL,STINT,Marc O'Rourke,F,5,63,3,0.0456557830659,0.047619047619,-0.123685666851,21,237,0.0886075949367
2023,002051,ALL,SEASON,Connor DeSimone,F,4,83,1,0.0456557830659,0.0120481927711,2.78942999447,17,174,0.0977011494253
2023,002051,ARC,STINT,Connor DeSimone,F,4,83,1,0.0456557830659,0.0120481927711,2.78942999447,17,174,0.0977011494253
2023,002059,ALL,SEASON,Brendan Krebs,G,3,53,0,0.0456557830659,0,2.41975650249,0,136,0
2023,002059,ARC,STINT,Brendan Krebs,G,3,53,0,0.0456557830659,0,2.41975650249,0,136,0
2023,002069,ALL,SEASON,Harrison Bardwell,F,5,33,1,0.0456557830659,0.030303030303,0.506640841173,5,231,0.021645021645
2023,002069,CHR,STINT,Harrison Bardwell,F,5,33,1,0.0456557830659,0.030303030303,0.506640841173,5,231,0.021645021645
2023,002070,ALL,SEASON,Gibson Smith IV,F,5,39,1,0.0456557830659,0.025641025641,0.780575539568,10,231,0.04329004329
2023,002070,CHR,STINT,Gibson Smith IV,F,5,39,1,0.0456557830659,0.025641025641,0.780575539568,10,231,0.04329004329
2023,002072,ALL,SEASON,Brennan Kamish,F,4,20,1,0.0456557830659,0.05,-0.0868843386829,7,176,0.0397727272727
2023,002072,WHP,STINT,Brennan Kamish,F,4,20,1,0.0456557830659,0.05,-0.0868843386829,7,176,0.0397727272727
2023,002074,ALL,SEASON,Alexander Smith,F,5,52,2,0.0456557830659,0.0384615384615,0.374100719424,13,231,0.0562770562771
2023,002074,CHR,STINT,Alexander Smith,F,5,52,2,0.0456557830659,0.0384615384615,0.374100719424,13,231,0.0562770562771
