game_id,game_slug,start_date_utc,week,game_type,is_playoff,team_id,team_name,opponent_team_id,is_home,team_score_official,opponent_score_official,result,offensive_possessions,defensive_possessions,total_game_possessions,points_scored,points_allowed,points_per_possession,points_allowed_per_possession,offensive_efficiency,defensive_efficiency,net_efficiency,offensive_efficiency_per_100,defensive_efficiency_per_100,net_efficiency_per_100,shots,shots_on_goal,goals,points,shooting_pct,shots_on_goal_pct,goals_per_shot_on_goal,points_per_shot,goals_per_possession,shots_per_possession,shots_on_goal_per_possession,two_point_attempts,two_point_shots_on_goal,two_point_goals,two_point_points,one_point_attempts,one_point_goals,one_point_points,two_point_attempt_rate,two_point_conversion_pct,one_point_conversion_pct,two_point_points_share,points_per_two_point_attempt,possessions_with_two_point_attempt,two_point_possession_rate,turnovers,turnovers_pbp,turnovers_pbp_minus_official,possession_ending_turnovers,caused_turnovers_official,turnovers_forced,turnovers_per_possession,turnover_rate,possession_ending_turnover_rate,turnovers_forced_per_defensive_possession,faceoffs,faceoff_wins,faceoff_losses,faceoff_win_pct,faceoff_wins_pbp,faceoff_wins_pbp_minus_official,faceoff_start_possessions,faceoff_start_possession_share,man_up_opportunities,man_up_shots,man_up_goals,man_up_shooting_pct,man_up_goals_per_opportunity,man_up_goals_pbp,man_up_points,man_up_points_per_opportunity,man_up_goals_pbp_minus_official,man_down_opportunities,man_down_goals_allowed,man_down_goals_allowed_per_opportunity,ground_balls,ground_balls_pbp,ground_balls_pbp_minus_official,ground_balls_per_possession,shots_allowed,shots_on_goal_allowed,goals_allowed,points_allowed_boxscore,two_point_goals_allowed,two_point_attempts_allowed,saves,saves_pbp,saves_pbp_minus_official,save_pct_official,save_pct_vs_shots_on_goal,opponent_shooting_pct_on_goal,penalties,penalties_pbp,penalty_minutes,shot_clock_expirations,shot_clock_expirations_pbp,shot_clock_expirations_pbp_minus_official,shot_clock_expiration_rate,clears,clear_attempts,ride_attempts,observed_possession_seconds,complete_possession_seconds,truncated_possessions,complete_possessions,measurable_span_possessions,mean_complete_possession_duration,median_complete_possession_duration,mean_measurable_span_seconds,median_measurable_span_seconds,time_of_possession_official_seconds,time_of_possession_official_pct,possession_span_coverage_ratio,ambiguous_offensive_possessions,ambiguous_defensive_possessions,ambiguous_offensive_possession_share,turnover_validation_status,ground_ball_validation_status,shot_clock_validation_status,save_validation_status,penalty_validation_status,has_turnover_validation_issue,has_ground_ball_validation_issue,has_shot_clock_validation_issue,has_save_validation_issue,has_penalty_validation_issue,has_unresolved_validation_issue
333,2025_game_1,2025-05-30 15:00:00-07:00,1,regular_season,False,ATL,Atlas,CHA,True,10,8,W,46,40,86,10.0,8.0,0.21739130434782608,0.2,0.21739130434782608,0.2,0.01739130434782607,21.73913043478261,20.0,1.739130434782607,41,25,10,10.0,0.24390243902439024,0.6097560975609756,0.4,0.24390243902439024,0.21739130434782608,0.8913043478260869,0.5434782608695652,2,0,0,0,39,10,10,0.04878048780487805,0.0,0.2564102564102564,0.0,0.0,2,0.043478260869565216,21,21,0,15.0,4,12,0.45652173913043476,0.45652173913043476,0.32608695652173914,0.3,22,17,4,0.7727272727272727,17,0,17.0,0.3695652173913043,2,2,0,0.0,0.0,0,0.0,0.0,0,3,2,0.6666666666666666,36,36,0,0.4186046511627907,41,26,8,8,0,4,16,16.0,0.0,0.66667,0.6153846153846154,0.3076923076923077,3,3,2.5,6,6,0,0.13043478260869565,35,36,29,1429.0,1402.0,1,45,26,31.155555555555555,28.0,36.65384615384615,32.0,1620,0.5625,0.8820987654320988,14,16,0.30434782608695654,PASS,PASS,PASS,PASS,PASS,False,False,False,False,False,False
333,2025_game_1,2025-05-30 15:00:00-07:00,1,regular_season,False,CHA,Chaos,ATL,False,8,10,L,40,46,86,8.0,10.0,0.2,0.21739130434782608,0.2,0.21739130434782608,-0.01739130434782607,20.0,21.73913043478261,-1.739130434782607,41,26,8,8.0,0.1951219512195122,0.6341463414634146,0.3076923076923077,0.1951219512195122,0.2,1.025,0.65,4,2,0,0,37,8,8,0.0975609756097561,0.0,0.21621621621621623,0.0,0.0,4,0.1,12,12,0,9.0,6,21,0.3,0.3,0.225,0.45652173913043476,22,4,17,0.18181818181818182,4,0,4.0,0.1,3,2,2,1.0,0.6666666666666666,2,2.0,0.6666666666666666,0,2,0,0.0,18,18,0,0.20930232558139536,41,25,10,10,0,2,12,12.0,0.0,0.54545,0.48,0.4,2,2,1.5,3,3,0,0.075,28,29,36,723.0,723.0,2,38,17,19.026315789473685,13.5,26.352941176470587,27.0,1043,0.36215,0.6931927133269415,16,14,0.4,PASS,PASS,PASS,PASS,PASS,False,False,False,False,False,False
334,2025_game_2,2025-05-30 17:30:00-07:00,1,regular_season,False,OUT,Outlaws,RED,True,12,15,L,38,44,82,12.0,15.0,0.3157894736842105,0.3409090909090909,0.3157894736842105,0.3409090909090909,-0.025119617224880375,31.57894736842105,34.09090909090909,-2.5119617224880377,45,24,11,12.0,0.24444444444444444,0.5333333333333333,0.4583333333333333,0.26666666666666666,0.2894736842105263,1.1842105263157894,0.631578947368421,9,2,1,2,36,10,10,0.2,0.1111111111111111,0.2777777777777778,0.16666666666666666,0.2222222222222222,8,0.21052631578947367,15,15,0,11.0,5,21,0.39473684210526316,0.39473684210526316,0.2894736842105263,0.4772727272727273,30,11,18,0.36666666666666664,11,0,11.0,0.2894736842105263,2,2,2,1.0,1.0,2,2.0,1.0,0,3,0,0.0,26,26,0,0.3170731707317073,35,26,15,15,0,8,11,11.0,0.0,0.42308,0.4230769230769231,0.5769230769230769,3,3,2.0,5,5,0,0.13157894736842105,20,20,30,1066.0,1066.0,1,37,22,28.81081081081081,28.0,25.272727272727273,24.0,1314,0.45625,0.8112633181126332,11,11,0.2894736842105263,PASS,PASS,PASS,PASS,PASS,False,False,False,False,False,False
334,2025_game_2,2025-05-30 17:30:00-07:00,1,regular_season,False,RED,Redwoods,OUT,False,15,12,W,44,38,82,15.0,12.0,0.3409090909090909,0.3157894736842105,0.3409090909090909,0.3157894736842105,0.025119617224880375,34.09090909090909,31.57894736842105,2.5119617224880377,35,26,15,15.0,0.42857142857142855,0.7428571428571429,0.5769230769230769,0.42857142857142855,0.3409090909090909,0.7954545454545454,0.5909090909090909,8,5,0,0,27,15,15,0.22857142857142856,0.0,0.5555555555555556,0.0,0.0,7,0.1590909090909091,21,21,0,14.0,4,15,0.4772727272727273,0.4772727272727273,0.3181818181818182,0.39473684210526316,30,18,11,0.6,18,0,18.0,0.4090909090909091,3,3,0,0.0,0.0,0,0.0,0.0,0,2,2,1.0,35,35,0,0.4268292682926829,45,24,11,12,1,9,10,10.0,0.0,0.47619,0.4166666666666667,0.4583333333333333,3,3,3.0,7,7,0,0.1590909090909091,30,30,20,943.0,942.0,2,42,28,22.428571428571427,22.5,25.0,25.5,1374,0.47708,0.6863173216885007,11,11,0.25,PASS,PASS,PASS,PASS,PASS,False,False,False,False,False,False
335,2025_game_3,2025-05-31 10:00:00-07:00,1,regular_season,False,ARC,Archers,WHP,True,8,7,W,40,43,83,8.0,7.0,0.2,0.16279069767441862,0.2,0.16279069767441862,0.037209302325581395,20.0,16.27906976744186,3.7209302325581395,29,16,8,8.0,0.27586206896551724,0.5517241379310345,0.5,0.27586206896551724,0.2,0.725,0.4,2,1,0,0,27,8,8,0.06896551724137931,0.0,0.2962962962962963,0.0,0.0,2,0.05,22,22,0,13.0,6,16,0.55,0.55,0.325,0.37209302325581395,19,4,15,0.21052631578947367,4,0,4.0,0.1,1,2,0,0.0,0.0,0,0.0,0.0,0,2,0,0.0,19,19,0,0.2289156626506024,41,22,7,7,0,1,15,15.0,0.0,0.68182,0.6818181818181818,0.3181818181818182,2,2,1.5,9,9,0,0.225,29,29,35,741.0,741.0,0,40,14,18.525,5.5,25.142857142857142,24.5,1259,0.43715,0.5885623510722796,17,14,0.425,PASS,PASS,PASS,PASS,PASS,False,False,False,False,False,False
335,2025_game_3,2025-05-31 10:00:00-07:00,1,regular_season,False,WHP,Whipsnakes,ARC,False,7,8,L,43,40,83,7.0,8.0,0.16279069767441862,0.2,0.16279069767441862,0.2,-0.037209302325581395,16.27906976744186,20.0,-3.7209302325581395,41,22,7,7.0,0.17073170731707318,0.5365853658536586,0.3181818181818182,0.17073170731707318,0.16279069767441862,0.9534883720930233,0.5116279069767442,1,0,0,0,40,7,7,0.024390243902439025,0.0,0.175,0.0,0.0,1,0.023255813953488372,16,16,0,10.0,5,22,0.37209302325581395,0.37209302325581395,0.23255813953488372,0.55,19,15,4,0.7894736842105263,15,0,15.0,0.3488372093023256,2,1,0,0.0,0.0,0,0.0,0.0,0,1,0,0.0,30,30,0,0.3614457831325301,29,16,8,8,0,2,6,6.0,0.0,0.42857,0.375,0.5,1,1,0.5,5,5,0,0.11627906976744186,33,35,29,1190.0,1190.0,2,41,25,29.024390243902438,30.0,26.12,30.0,1466,0.50903,0.8117326057298773,14,17,0.32558139534883723,PASS,PASS,PASS,PASS,PASS,False,False,False,False,False,False
336,2025_game_4,2025-05-31 16:00:00-07:00,1,regular_season,False,ATL,Atlas,CAN,True,12,16,L,49,45,94,12.0,16.0,0.24489795918367346,0.35555555555555557,0.24489795918367346,0.35555555555555557,-0.1106575963718821,24.489795918367346,35.55555555555556,-11.065759637188211,42,31,12,12.0,0.2857142857142857,0.7380952380952381,0.3870967741935484,0.2857142857142857,0.24489795918367346,0.8571428571428571,0.6326530612244898,5,2,0,0,37,12,12,0.11904761904761904,0.0,0.32432432432432434,0.0,0.0,5,0.10204081632653061,22,22,0,18.0,5,11,0.4489795918367347,0.4489795918367347,0.3673469387755102,0.24444444444444444,29,19,10,0.6551724137931034,19,0,19.0,0.3877551020408163,5,4,1,0.25,0.2,1,1.0,0.2,0,2,0,0.0,32,33,1,0.3404255319148936,47,32,15,16,1,5,14,14.0,0.0,0.48276,0.4375,0.46875,2,2,1.0,4,4,0,0.08163265306122448,31,31,31,1265.0,1265.0,0,49,23,25.816326530612244,25.0,34.95652173913044,33.0,1351,0.4691,0.9363434492968171,21,21,0.42857142857142855,PASS,UNRESOLVED,PASS,PASS,PASS,False,True,False,False,False,True
336,2025_game_4,2025-05-31 16:00:00-07:00,1,regular_season,False,CAN,Cannons,ATL,False,16,12,W,45,49,94,16.0,12.0,0.35555555555555557,0.24489795918367346,0.35555555555555557,0.24489795918367346,0.1106575963718821,35.55555555555556,24.489795918367346,11.065759637188211,47,32,15,16.0,0.3191489361702128,0.6808510638297872,0.46875,0.3404255319148936,0.3333333333333333,1.0444444444444445,0.7111111111111111,5,2,1,2,42,14,14,0.10638297872340426,0.2,0.3333333333333333,0.125,0.4,5,0.1111111111111111,11,11,0,8.0,12,22,0.24444444444444444,0.24444444444444444,0.17777777777777778,0.4489795918367347,29,10,19,0.3448275862068966,10,0,10.0,0.2222222222222222,2,0,0,,0.0,0,0.0,0.0,0,5,1,0.2,28,28,0,0.2978723404255319,42,31,12,12,0,5,16,16.0,0.0,0.57143,0.5161290322580645,0.3870967741935484,5,5,3.5,2,2,0,0.044444444444444446,29,31,31,1078.0,1076.0,2,43,18,25.023255813953487,19.0,24.38888888888889,19.5,1359,0.47188,0.7932303164091243,21,21,0.4666666666666667,PASS,UNRESOLVED,PASS,PASS,PASS,False,True,False,False,False,True
337,2025_game_5,2025-06-06 15:00:00-07:00,2,regular_season,False,CHA,Chaos,OUT,True,12,9,W,48,48,96,12.0,9.0,0.25,0.1875,0.25,0.1875,0.0625,25.0,18.75,6.25,36,22,12,12.0,0.3333333333333333,0.6111111111111112,0.5454545454545454,0.3333333333333333,0.25,0.75,0.4583333333333333,3,1,0,0,33,12,12,0.08333333333333333,0.0,0.36363636363636365,0.0,0.0,3,0.0625,23,22,-1,18.0,4,12,0.4791666666666667,0.4791666666666667,0.375,0.25,24,10,14,0.4166666666666667,10,0,10.0,0.20833333333333334,3,1,1,1.0,0.3333333333333333,1,1.0,0.3333333333333333,0,5,1,0.2,28,28,0,0.2916666666666667,49,36,8,9,1,10,25,25.0,0.0,0.75758,0.6944444444444444,0.2222222222222222,4,4,3.0,4,4,0,0.08333333333333333,34,35,23,846.0,813.0,3,45,20,18.066666666666666,14.0,27.8,28.5,1198,0.41597,0.7061769616026711,17,21,0.3541666666666667,KNOWN_DATA_ISSUE,PASS,PASS,PASS,PASS,True,False,False,False,False,False
337,2025_game_5,2025-06-06 15:00:00-07:00,2,regular_season,False,OUT,Outlaws,CHA,False,9,12,L,48,48,96,9.0,12.0,0.1875,0.25,0.1875,0.25,-0.0625,18.75,25.0,-6.25,49,36,8,9.0,0.16326530612244897,0.7346938775510204,0.2222222222222222,0.1836734693877551,0.16666666666666666,1.0208333333333333,0.75,10,4,1,2,39,7,7,0.20408163265306123,0.1,0.1794871794871795,0.2222222222222222,0.2,10,0.20833333333333334,12,12,0,9.0,8,23,0.25,0.25,0.1875,0.4791666666666667,24,14,10,0.5833333333333334,14,0,14.0,0.2916666666666667,5,2,1,0.5,0.2,1,2.0,0.4,0,3,1,0.3333333333333333,32,32,0,0.3333333333333333,36,22,12,12,0,3,7,7.0,0.0,0.36842,0.3181818181818182,0.5454545454545454,5,5,4.0,3,3,0,0.0625,23,23,35,1256.0,1254.0,1,47,21,26.680851063829788,22.0,19.952380952380953,13.0,1473,0.51146,0.8526816021724372,21,17,0.4375,KNOWN_DATA_ISSUE,PASS,PASS,PASS,PASS,True,False,False,False,False,False
338,2025_game_6,2025-06-06 17:30:00-07:00,2,regular_season,False,WAT,Waterdogs,WHP,False,16,12,W,40,41,81,16.0,12.0,0.4,0.2926829268292683,0.4,0.2926829268292683,0.10731707317073175,40.0,29.26829268292683,10.731707317073175,36,26,16,16.0,0.4444444444444444,0.7222222222222222,0.6153846153846154,0.4444444444444444,0.4,0.9,0.65,3,2,0,0,33,16,16,0.08333333333333333,0.0,0.48484848484848486,0.0,0.0,2,0.05,16,16,0,11.0,6,16,0.4,0.4,0.275,0.3902439024390244,29,10,18,0.3448275862068966,10,0,10.0,0.25,3,2,0,0.0,0.0,0,0.0,0.0,0,1,0,0.0,20,20,0,0.24691358024691357,36,24,9,12,3,7,15,15.0,0.0,0.625,0.625,0.375,1,1,1.0,5,5,0,0.125,33,33,31,694.0,665.0,1,39,23,17.05128205128205,9.0,17.91304347826087,17.0,1263,0.43854,0.5494853523357086,12,12,0.3,PASS,PASS,PASS,PASS,PASS,False,False,False,False,False,False
338,2025_game_6,2025-06-06 17:30:00-07:00,2,regular_season,False,WHP,Whipsnakes,WAT,True,12,16,L,41,40,81,12.0,16.0,0.2926829268292683,0.4,0.2926829268292683,0.4,-0.10731707317073175,29.26829268292683,40.0,-10.731707317073175,36,24,9,12.0,0.25,0.6666666666666666,0.375,0.3333333333333333,0.21951219512195122,0.8780487804878049,0.5853658536585366,7,6,3,6,29,6,6,0.19444444444444445,0.42857142857142855,0.20689655172413793,0.5,0.8571428571428571,7,0.17073170731707318,16,16,0,12.0,7,16,0.3902439024390244,0.3902439024390244,0.2926829268292683,0.4,29,18,10,0.6206896551724138,18,0,18.0,0.43902439024390244,1,1,0,0.0,0.0,0,0.0,0.0,0,3,0,0.0,32,32,0,0.3950617283950617,36,26,16,16,0,3,10,10.0,0.0,0.38462,0.38461538461538464,0.6153846153846154,3,3,1.5,4,4,0,0.0975609756097561,31,31,33,1184.0,1183.0,2,39,24,30.333333333333332,23.0,22.625,20.0,1442,0.50069,0.8210818307905686,12,12,0.2926829268292683,PASS,PASS,PASS,PASS,PASS,False,False,False,False,False,False
339,2025_game_7,2025-06-07 10:00:00-07:00,2,regular_season,False,ARC,Archers,CAN,False,8,9,L,48,49,97,8.0,9.0,0.16666666666666666,0.1836734693877551,0.16666666666666666,0.1836734693877551,-0.017006802721088454,16.666666666666668,18.367346938775512,-1.7006802721088454,31,27,8,8.0,0.25806451612903225,0.8709677419354839,0.2962962962962963,0.25806451612903225,0.16666666666666666,0.6458333333333334,0.5625,6,5,0,0,25,8,8,0.1935483870967742,0.0,0.32,0.0,0.0,5,0.10416666666666667,22,22,0,21.0,4,18,0.4583333333333333,0.4583333333333333,0.4375,0.3673469387755102,20,9,10,0.45,9,0,9.0,0.1875,3,4,2,0.5,0.6666666666666666,2,2.0,0.6666666666666666,0,1,0,0.0,27,27,0,0.27835051546391754,51,25,8,9,1,8,15,15.0,0.0,0.65217,0.6,0.32,1,1,0.5,1,1,0,0.020833333333333332,36,37,30,816.0,809.0,1,47,14,17.21276595744681,12.0,20.214285714285715,21.5,1376,0.47778,0.5930232558139535,24,24,0.5,KNOWN_DATA_ISSUE,PASS,PASS,PASS,PASS,True,False,False,False,False,False
339,2025_game_7,2025-06-07 10:00:00-07:00,2,regular_season,False,CAN,Cannons,ARC,True,9,8,W,49,48,97,9.0,8.0,0.1836734693877551,0.16666666666666666,0.1836734693877551,0.16666666666666666,0.017006802721088454,18.367346938775512,16.666666666666668,1.7006802721088454,51,25,8,9.0,0.1568627450980392,0.49019607843137253,0.32,0.17647058823529413,0.16326530612244897,1.0408163265306123,0.5102040816326531,8,5,1,2,43,7,7,0.1568627450980392,0.125,0.16279069767441862,0.2222222222222222,0.25,8,0.16326530612244897,18,19,1,13.0,13,22,0.3673469387755102,0.3673469387755102,0.2653061224489796,0.4583333333333333,20,10,9,0.5,10,0,10.0,0.20408163265306123,1,0,0,,0.0,0,0.0,0.0,0,3,2,0.6666666666666666,28,28,0,0.28865979381443296,31,27,8,8,0,6,17,17.0,0.0,0.68,0.6296296296296297,0.2962962962962963,3,3,2.0,6,6,0,0.12244897959183673,30,30,37,1240.0,1240.0,1,48,17,25.833333333333332,24.5,27.705882352941178,33.0,1371,0.47604,0.9044493070751276,24,24,0.4897959183673469,KNOWN_DATA_ISSUE,PASS,PASS,PASS,PASS,True,False,False,False,False,False
340,2025_game_8,2025-06-07 16:00:00-07:00,2,regular_season,False,CHA,Chaos,RED,True,10,16,L,42,47,89,10.0,16.0,0.23809523809523808,0.3404255319148936,0.23809523809523808,0.3404255319148936,-0.10233029381965553,23.80952380952381,34.04255319148936,-10.233029381965553,31,18,8,10.0,0.25806451612903225,0.5806451612903226,0.4444444444444444,0.3225806451612903,0.19047619047619047,0.7380952380952381,0.42857142857142855,4,3,2,4,27,6,6,0.12903225806451613,0.5,0.2222222222222222,0.4,1.0,4,0.09523809523809523,24,24,0,20.0,2,13,0.5714285714285714,0.5714285714285714,0.47619047619047616,0.2765957446808511,27,10,17,0.37037037037037035,10,0,10.0,0.23809523809523808,3,4,0,0.0,0.0,0,0.0,0.0,0,2,1,0.5,21,21,0,0.23595505617977527,58,37,15,16,1,9,20,20.0,0.0,0.57143,0.5405405405405406,0.40540540540540543,2,2,1.0,3,4,1,0.07142857142857142,24,27,33,688.0,619.0,1,41,15,15.097560975609756,5.0,13.2,6.0,1107,0.38438,0.6214995483288166,16,12,0.38095238095238093,PASS,UNRESOLVED,UNRESOLVED,PASS,PASS,False,True,True,False,False,True
340,2025_game_8,2025-06-07 16:00:00-07:00,2,regular_season,False,RED,Redwoods,CHA,False,16,10,W,47,42,89,16.0,10.0,0.3404255319148936,0.23809523809523808,0.3404255319148936,0.23809523809523808,0.10233029381965553,34.04255319148936,23.80952380952381,10.233029381965553,58,37,15,16.0,0.25862068965517243,0.6379310344827587,0.40540540540540543,0.27586206896551724,0.3191489361702128,1.2340425531914894,0.7872340425531915,9,3,1,2,49,14,14,0.15517241379310345,0.1111111111111111,0.2857142857142857,0.125,0.2222222222222222,7,0.14893617021276595,13,13,0,7.0,12,24,0.2765957446808511,0.2765957446808511,0.14893617021276595,0.5714285714285714,27,17,10,0.6296296296296297,17,0,17.0,0.3617021276595745,2,2,1,0.5,0.5,1,1.0,0.5,0,3,0,0.0,42,43,1,0.47191011235955055,31,18,8,10,2,4,9,9.0,0.0,0.52941,0.5,0.4444444444444444,3,3,2.0,6,6,0,0.1276595744680851,33,33,27,1498.0,1497.0,2,45,29,33.266666666666666,32.0,33.03448275862069,34.0,1602,0.55625,0.9350811485642946,12,16,0.2553191489361702,PASS,UNRESOLVED,UNRESOLVED,PASS,PASS,False,True,True,False,False,True
341,2025_game_9,2025-06-13 15:00:00-07:00,3,regular_season,False,CAN,Cannons,WAT,False,11,14,L,37,39,76,11.0,14.0,0.2972972972972973,0.358974358974359,0.2972972972972973,0.358974358974359,-0.06167706167706166,29.72972972972973,35.8974358974359,-6.167706167706166,36,20,10,11.0,0.2777777777777778,0.5555555555555556,0.5,0.3055555555555556,0.2702702702702703,0.972972972972973,0.5405405405405406,10,5,1,2,26,9,9,0.2777777777777778,0.1,0.34615384615384615,0.18181818181818182,0.2,8,0.21621621621621623,20,20,0,15.0,5,13,0.5405405405405406,0.5405405405405406,0.40540540540540543,0.3333333333333333,28,13,14,0.4642857142857143,13,0,13.0,0.35135135135135137,0,0,0,,,0,0.0,,0,1,0,0.0,28,28,0,0.3684210526315789,44,29,14,14,0,5,12,12.0,0.0,0.46154,0.41379310344827586,0.4827586206896552,1,1,2.0,5,5,0,0.13513513513513514,24,24,32,898.0,898.0,1,36,18,24.944444444444443,23.0,29.0,26.0,1172,0.40694,0.7662116040955631,12,11,0.32432432432432434,PASS,PASS,PASS,PASS,PASS,False,False,False,False,False,False
341,2025_game_9,2025-06-13 15:00:00-07:00,3,regular_season,False,WAT,Waterdogs,CAN,True,14,11,W,39,37,76,14.0,11.0,0.358974358974359,0.2972972972972973,0.358974358974359,0.2972972972972973,0.06167706167706166,35.8974358974359,29.72972972972973,6.167706167706166,44,29,14,14.0,0.3181818181818182,0.6590909090909091,0.4827586206896552,0.3181818181818182,0.358974358974359,1.1282051282051282,0.7435897435897436,5,3,0,0,39,14,14,0.11363636363636363,0.0,0.358974358974359,0.0,0.0,5,0.1282051282051282,13,13,0,9.0,8,20,0.3333333333333333,0.3333333333333333,0.23076923076923078,0.5405405405405406,28,14,13,0.5,14,0,14.0,0.358974358974359,1,2,0,0.0,0.0,0,0.0,0.0,0,0,0,,29,29,0,0.3815789473684211,36,20,10,11,1,10,9,9.0,0.0,0.47368,0.45,0.5,0,0,0.0,4,4,0,0.10256410256410256,31,32,24,1258.0,1253.0,2,37,24,33.86486486486486,29.0,31.208333333333332,29.5,1525,0.52951,0.8249180327868852,11,12,0.28205128205128205,PASS,PASS,PASS,PASS,PASS,False,False,False,False,False,False
342,2025_game_10,2025-06-13 17:30:00-07:00,3,regular_season,False,ARC,Archers,RED,True,12,11,W,42,42,84,12.0,11.0,0.2857142857142857,0.2619047619047619,0.2857142857142857,0.2619047619047619,0.02380952380952378,28.571428571428573,26.19047619047619,2.380952380952378,42,25,11,12.0,0.2619047619047619,0.5952380952380952,0.44,0.2857142857142857,0.2619047619047619,1.0,0.5952380952380952,5,2,1,2,37,10,10,0.11904761904761904,0.2,0.2702702702702703,0.16666666666666666,0.4,5,0.11904761904761904,23,23,0,19.0,4,19,0.5476190476190477,0.5476190476190477,0.4523809523809524,0.4523809523809524,24,11,13,0.4583333333333333,11,0,11.0,0.2619047619047619,1,0,0,,0.0,0,0.0,0.0,0,2,1,0.5,28,28,0,0.3333333333333333,44,24,10,11,1,3,12,12.0,0.0,0.54545,0.5,0.4166666666666667,3,3,2.0,4,4,0,0.09523809523809523,30,31,33,1040.0,1034.0,2,40,21,25.85,12.5,27.238095238095237,29.0,1373,0.47674,0.7574654042243263,11,10,0.2619047619047619,KNOWN_DATA_ISSUE,PASS,PASS,PASS,PASS,True,False,False,False,False,False
342,2025_game_10,2025-06-13 17:30:00-07:00,3,regular_season,False,RED,Redwoods,ARC,False,11,12,L,42,42,84,11.0,12.0,0.2619047619047619,0.2857142857142857,0.2619047619047619,0.2857142857142857,-0.02380952380952378,26.19047619047619,28.571428571428573,-2.380952380952378,44,24,10,11.0,0.22727272727272727,0.5454545454545454,0.4166666666666667,0.25,0.23809523809523808,1.0476190476190477,0.5714285714285714,3,2,1,2,41,9,9,0.06818181818181818,0.3333333333333333,0.21951219512195122,0.18181818181818182,0.6666666666666666,3,0.07142857142857142,19,18,-1,12.0,10,23,0.4523809523809524,0.4523809523809524,0.2857142857142857,0.5476190476190477,24,13,11,0.5416666666666666,13,0,13.0,0.30952380952380953,2,3,1,0.3333333333333333,0.5,1,2.0,1.0,0,1,0,0.0,23,23,0,0.27380952380952384,42,25,11,12,1,5,13,13.0,0.0,0.54167,0.52,0.44,1,1,1.0,6,6,0,0.14285714285714285,32,33,31,775.0,772.0,2,40,23,19.3,14.5,24.608695652173914,22.0,1289,0.44757,0.6012412723041117,10,11,0.23809523809523808,KNOWN_DATA_ISSUE,PASS,PASS,PASS,PASS,True,False,False,False,False,False
343,2025_game_11,2025-06-14 10:00:00-07:00,3,regular_season,False,ATL,Atlas,WHP,False,12,16,L,44,46,90,12.0,16.0,0.2727272727272727,0.34782608695652173,0.2727272727272727,0.34782608695652173,-0.07509881422924902,27.272727272727273,34.78260869565217,-7.509881422924902,37,24,11,12.0,0.2972972972972973,0.6486486486486487,0.4583333333333333,0.32432432432432434,0.25,0.8409090909090909,0.5454545454545454,5,2,1,2,32,10,10,0.13513513513513514,0.2,0.3125,0.16666666666666666,0.4,5,0.11363636363636363,18,18,0,13.0,7,12,0.4090909090909091,0.4090909090909091,0.29545454545454547,0.2608695652173913,30,14,16,0.4666666666666667,14,0,14.0,0.3181818181818182,0,0,0,,,0,0.0,,0,0,0,,30,30,0,0.3333333333333333,54,35,15,16,1,2,17,17.0,0.0,0.53125,0.4857142857142857,0.42857142857142855,0,0,0.0,5,5,0,0.11363636363636363,31,32,37,929.0,917.0,3,41,15,22.365853658536587,20.0,25.0,26.0,1258,0.43681,0.7384737678855325,19,19,0.4318181818181818,PASS,PASS,PASS,PASS,PASS,False,False,False,False,False,False
343,2025_game_11,2025-06-14 10:00:00-07:00,3,regular_season,False,WHP,Whipsnakes,ATL,True,16,12,W,46,44,90,16.0,12.0,0.34782608695652173,0.2727272727272727,0.34782608695652173,0.2727272727272727,0.07509881422924902,34.78260869565217,27.272727272727273,7.509881422924902,54,35,15,16.0,0.2777777777777778,0.6481481481481481,0.42857142857142855,0.2962962962962963,0.32608695652173914,1.173913043478261,0.7608695652173914,2,1,1,2,52,14,14,0.037037037037037035,0.5,0.2692307692307692,0.125,1.0,2,0.043478260869565216,12,12,0,10.0,4,18,0.2608695652173913,0.2608695652173913,0.21739130434782608,0.4090909090909091,30,16,14,0.5333333333333333,16,0,16.0,0.34782608695652173,0,0,0,,,0,0.0,,0,0,0,,30,30,0,0.3333333333333333,37,24,11,12,1,5,12,12.0,0.0,0.52174,0.5,0.4583333333333333,0,0,0.0,2,2,0,0.043478260869565216,35,37,32,1083.0,1058.0,1,45,20,23.511111111111113,21.0,27.9,23.5,1278,0.44375,0.8474178403755869,19,19,0.41304347826086957,PASS,PASS,PASS,PASS,PASS,False,False,False,False,False,False
344,2025_game_12,2025-06-14 16:00:00-07:00,3,regular_season,False,OUT,Outlaws,WAT,False,9,7,W,40,40,80,9.0,7.0,0.225,0.175,0.225,0.175,0.05000000000000002,22.5,17.5,5.000000000000002,42,24,9,9.0,0.21428571428571427,0.5714285714285714,0.375,0.21428571428571427,0.225,1.05,0.6,4,2,0,0,38,9,9,0.09523809523809523,0.0,0.23684210526315788,0.0,0.0,4,0.1,17,17,0,11.0,9,18,0.425,0.425,0.275,0.45,19,9,10,0.47368421052631576,9,0,9.0,0.225,3,1,0,0.0,0.0,0,0.0,0.0,0,1,0,0.0,29,29,0,0.3625,34,22,7,7,0,5,14,14.0,0.0,0.66667,0.6363636363636364,0.3181818181818182,3,3,2.0,6,6,0,0.15,32,32,33,987.0,980.0,1,39,21,25.128205128205128,22.0,29.38095238095238,29.0,1301,0.45174,0.7586471944657955,14,12,0.35,PASS,PASS,PASS,PASS,PASS,False,False,False,False,False,False
344,2025_game_12,2025-06-14 16:00:00-07:00,3,regular_season,False,WAT,Waterdogs,OUT,True,7,9,L,40,40,80,7.0,9.0,0.175,0.225,0.175,0.225,-0.05000000000000002,17.5,22.5,-5.000000000000002,34,22,7,7.0,0.20588235294117646,0.6470588235294118,0.3181818181818182,0.20588235294117646,0.175,0.85,0.55,5,3,0,0,29,7,7,0.14705882352941177,0.0,0.2413793103448276,0.0,0.0,5,0.125,18,18,0,16.0,2,17,0.45,0.45,0.4,0.425,19,10,9,0.5263157894736842,10,0,10.0,0.25,1,0,0,,0.0,0,0.0,0.0,0,3,0,0.0,30,30,0,0.375,42,24,9,9,0,4,14,14.0,0.0,0.6087,0.5833333333333334,0.375,3,3,3.0,2,2,0,0.05,31,33,32,958.0,957.0,2,38,17,25.18421052631579,18.5,16.647058823529413,11.0,1403,0.48715,0.6828225231646472,12,14,0.3,PASS,PASS,PASS,PASS,PASS,False,False,False,False,False,False
345,2025_game_13,2025-06-21 13:00:00-07:00,4,regular_season,False,ATL,Atlas,WAT,False,17,9,W,47,45,92,17.0,9.0,0.3617021276595745,0.2,0.3617021276595745,0.2,0.16170212765957448,36.170212765957444,20.0,16.170212765957448,40,23,15,17.0,0.375,0.575,0.6521739130434783,0.425,0.3191489361702128,0.851063829787234,0.48936170212765956,3,3,2,4,37,13,13,0.075,0.6666666666666666,0.35135135135135137,0.23529411764705882,1.3333333333333333,3,0.06382978723404255,23,23,0,18.0,7,14,0.48936170212765956,0.48936170212765956,0.3829787234042553,0.3111111111111111,28,14,14,0.5,14,0,14.0,0.2978723404255319,1,1,0,0.0,0.0,0,0.0,0.0,0,4,1,0.25,36,36,0,0.391304347826087,45,32,9,9,0,6,22,22.0,0.0,0.70968,0.6875,0.28125,4,4,3.0,4,4,0,0.0851063829787234,32,34,29,977.0,977.0,0,47,21,20.78723404255319,18.0,23.047619047619047,24.0,1205,0.4184,0.8107883817427386,18,16,0.3829787234042553,UNRESOLVED,PASS,PASS,PASS,PASS,True,False,False,False,False,True
345,2025_game_13,2025-06-21 13:00:00-07:00,4,regular_season,False,WAT,Waterdogs,ATL,True,9,17,L,45,47,92,9.0,17.0,0.2,0.3617021276595745,0.2,0.3617021276595745,-0.16170212765957448,20.0,36.170212765957444,-16.170212765957448,45,32,9,9.0,0.2,0.7111111111111111,0.28125,0.2,0.2,1.0,0.7111111111111111,6,1,0,0,39,9,9,0.13333333333333333,0.0,0.23076923076923078,0.0,0.0,5,0.1111111111111111,14,15,1,13.0,13,23,0.3111111111111111,0.3111111111111111,0.28888888888888886,0.48936170212765956,28,14,14,0.5,14,0,14.0,0.3111111111111111,4,5,1,0.2,0.25,1,1.0,0.25,0,1,0,0.0,33,33,0,0.358695652173913,40,23,15,17,2,3,7,7.0,0.0,0.31818,0.30434782608695654,0.6521739130434783,1,1,0.5,2,2,0,0.044444444444444446,29,29,34,1152.0,1109.0,3,42,21,26.404761904761905,31.5,25.714285714285715,29.0,1406,0.48819,0.8193456614509246,16,18,0.35555555555555557,UNRESOLVED,PASS,PASS,PASS,PASS,True,False,False,False,False,True
346,2025_game_14,2025-06-21 16:00:00-07:00,4,regular_season,False,CAN,Cannons,WHP,False,13,12,W,41,43,84,13.0,12.0,0.3170731707317073,0.27906976744186046,0.3170731707317073,0.27906976744186046,0.03800340328984686,31.70731707317073,27.906976744186046,3.800340328984686,42,24,12,13.0,0.2857142857142857,0.5714285714285714,0.5,0.30952380952380953,0.2926829268292683,1.024390243902439,0.5853658536585366,5,3,1,2,37,11,11,0.11904761904761904,0.2,0.2972972972972973,0.15384615384615385,0.4,5,0.12195121951219512,15,15,0,12.0,10,20,0.36585365853658536,0.36585365853658536,0.2926829268292683,0.46511627906976744,25,11,14,0.44,11,0,11.0,0.2682926829268293,2,2,2,1.0,1.0,2,2.0,1.0,0,4,1,0.25,29,30,1,0.34523809523809523,38,25,11,12,1,1,12,12.0,0.0,0.52174,0.48,0.44,4,4,2.5,3,3,0,0.07317073170731707,26,26,30,1081.0,1081.0,0,41,21,26.365853658536587,26.0,32.904761904761905,29.0,1268,0.44028,0.8525236593059937,16,17,0.3902439024390244,PASS,UNRESOLVED,PASS,PASS,PASS,False,True,False,False,False,True
346,2025_game_14,2025-06-21 16:00:00-07:00,4,regular_season,False,WHP,Whipsnakes,CAN,True,12,13,L,43,41,84,12.0,13.0,0.27906976744186046,0.3170731707317073,0.27906976744186046,0.3170731707317073,-0.03800340328984686,27.906976744186046,31.70731707317073,-3.800340328984686,38,25,11,12.0,0.2894736842105263,0.6578947368421053,0.44,0.3157894736842105,0.2558139534883721,0.8837209302325582,0.5813953488372093,1,1,1,2,37,10,10,0.02631578947368421,1.0,0.2702702702702703,0.16666666666666666,2.0,1,0.023255813953488372,20,20,0,16.0,4,15,0.46511627906976744,0.46511627906976744,0.37209302325581395,0.36585365853658536,25,14,11,0.56,14,0,14.0,0.32558139534883723,4,3,1,0.3333333333333333,0.25,1,2.0,0.5,0,2,2,1.0,32,32,0,0.38095238095238093,42,24,12,13,1,5,10,10.0,0.0,0.45455,0.4166666666666667,0.5,2,2,1.5,5,5,0,0.11627906976744186,29,30,26,1059.0,1059.0,0,43,23,24.627906976744185,23.0,25.08695652173913,23.0,1409,0.48924,0.751596877217885,17,16,0.3953488372093023,PASS,UNRESOLVED,PASS,PASS,PASS,False,True,False,False,False,True
347,2025_game_15,2025-06-22 09:00:00-07:00,4,regular_season,False,ARC,Archers,OUT,False,10,13,L,46,45,91,10.0,13.0,0.21739130434782608,0.28888888888888886,0.21739130434782608,0.28888888888888886,-0.07149758454106278,21.73913043478261,28.88888888888889,-7.149758454106278,38,26,10,10.0,0.2631578947368421,0.6842105263157895,0.38461538461538464,0.2631578947368421,0.21739130434782608,0.8260869565217391,0.5652173913043478,4,2,0,0,34,10,10,0.10526315789473684,0.0,0.29411764705882354,0.0,0.0,4,0.08695652173913043,17,18,1,14.0,5,15,0.3695652173913043,0.3695652173913043,0.30434782608695654,0.3333333333333333,26,12,14,0.46153846153846156,12,0,12.0,0.2608695652173913,1,1,0,0.0,0.0,0,0.0,0.0,0,6,2,0.3333333333333333,40,40,0,0.43956043956043955,50,30,12,13,1,5,15,15.0,0.0,0.55556,0.5,0.4,6,6,3.0,4,4,0,0.08695652173913043,30,31,29,1229.0,1210.0,2,44,17,27.5,21.5,27.11764705882353,28.0,1443,0.50104,0.8516978516978517,21,19,0.45652173913043476,UNRESOLVED,KNOWN_DATA_ISSUE,PASS,PASS,PASS,True,True,False,False,False,True
347,2025_game_15,2025-06-22 09:00:00-07:00,4,regular_season,False,OUT,Outlaws,ARC,True,13,10,W,45,46,91,13.0,10.0,0.28888888888888886,0.21739130434782608,0.28888888888888886,0.21739130434782608,0.07149758454106278,28.88888888888889,21.73913043478261,7.149758454106278,50,30,12,13.0,0.24,0.6,0.4,0.26,0.26666666666666666,1.1111111111111112,0.6666666666666666,5,3,1,2,45,11,11,0.1,0.2,0.24444444444444444,0.15384615384615385,0.4,5,0.1111111111111111,15,16,1,15.0,4,17,0.3333333333333333,0.3333333333333333,0.3333333333333333,0.3695652173913043,26,14,12,0.5384615384615384,14,0,14.0,0.3111111111111111,6,6,2,0.3333333333333333,0.3333333333333333,2,2.0,0.3333333333333333,0,1,0,0.0,23,22,-1,0.25274725274725274,38,26,10,10,0,4,16,16.0,0.0,0.61538,0.6153846153846154,0.38461538461538464,1,1,0.5,1,1,0,0.022222222222222223,29,29,31,1024.0,1024.0,0,45,19,22.755555555555556,19.0,23.157894736842106,19.0,1253,0.43507,0.8172386272944933,19,21,0.4222222222222222,UNRESOLVED,KNOWN_DATA_ISSUE,PASS,PASS,PASS,True,True,False,False,False,True
348,2025_game_16,2025-06-22 11:30:00-07:00,4,regular_season,False,CHA,Chaos,WHP,False,6,20,L,40,48,88,6.0,20.0,0.15,0.4166666666666667,0.15,0.4166666666666667,-0.2666666666666667,15.0,41.666666666666664,-26.66666666666667,42,24,6,6.0,0.14285714285714285,0.5714285714285714,0.25,0.14285714285714285,0.15,1.05,0.6,2,1,0,0,40,6,6,0.047619047619047616,0.0,0.15,0.0,0.0,2,0.05,16,16,0,12.0,7,19,0.4,0.4,0.3,0.3958333333333333,30,15,15,0.5,15,0,15.0,0.375,1,0,0,,0.0,0,0.0,0.0,0,2,1,0.5,26,26,0,0.29545454545454547,37,28,20,20,0,3,8,8.0,0.0,0.28571,0.2857142857142857,0.7142857142857143,2,2,1.0,4,4,0,0.1,23,24,37,1074.0,1074.0,0,40,23,26.85,24.0,26.347826086956523,25.0,1302,0.45224,0.8248847926267281,12,12,0.3,PASS,UNRESOLVED,PASS,PASS,PASS,False,True,False,False,False,True
348,2025_game_16,2025-06-22 11:30:00-07:00,4,regular_season,False,WHP,Whipsnakes,CHA,True,20,6,W,48,40,88,20.0,6.0,0.4166666666666667,0.15,0.4166666666666667,0.15,0.2666666666666667,41.666666666666664,15.0,26.66666666666667,37,28,20,20.0,0.5405405405405406,0.7567567567567568,0.7142857142857143,0.5405405405405406,0.4166666666666667,0.7708333333333334,0.5833333333333334,3,0,0,0,34,20,20,0.08108108108108109,0.0,0.5882352941176471,0.0,0.0,3,0.0625,19,19,0,12.0,5,16,0.3958333333333333,0.3958333333333333,0.25,0.4,30,15,15,0.5,15,0,15.0,0.3125,2,2,1,0.5,0.5,1,1.0,0.5,0,1,0,0.0,31,32,1,0.3522727272727273,42,24,6,6,0,2,17,17.0,0.0,0.73913,0.7083333333333334,0.25,1,1,0.5,7,7,0,0.14583333333333334,37,37,24,912.0,912.0,3,45,26,20.266666666666666,16.0,25.23076923076923,23.5,1356,0.471,0.672566371681416,12,12,0.25,PASS,UNRESOLVED,PASS,PASS,PASS,False,True,False,False,False,True
349,2025_game_17,2025-06-27 18:00:00-07:00,5,regular_season,False,OUT,Outlaws,RED,False,18,12,W,54,48,102,18.0,12.0,0.3333333333333333,0.25,0.3333333333333333,0.25,0.08333333333333331,33.333333333333336,25.0,8.333333333333332,42,32,17,18.0,0.40476190476190477,0.7619047619047619,0.53125,0.42857142857142855,0.3148148148148148,0.7777777777777778,0.5925925925925926,5,3,1,2,37,16,16,0.11904761904761904,0.2,0.43243243243243246,0.1111111111111111,0.4,5,0.09259259259259259,24,25,1,23.0,7,20,0.4444444444444444,0.4444444444444444,0.42592592592592593,0.4166666666666667,31,18,13,0.5806451612903226,18,0,18.0,0.3333333333333333,0,0,0,,,0,0.0,,0,2,0,0.0,38,38,0,0.37254901960784315,43,28,10,12,2,11,15,15.0,0.0,0.6,0.5357142857142857,0.35714285714285715,5,5,3.0,2,2,0,0.037037037037037035,29,31,37,1003.0,971.0,1,53,28,18.32075471698113,12.0,25.178571428571427,28.5,1371,0.47604,0.7315827862873815,15,15,0.2777777777777778,UNRESOLVED,PASS,PASS,PASS,PASS,True,False,False,False,False,True
349,2025_game_17,2025-06-27 18:00:00-07:00,5,regular_season,False,RED,Redwoods,OUT,True,12,18,L,48,54,102,12.0,18.0,0.25,0.3333333333333333,0.25,0.3333333333333333,-0.08333333333333331,25.0,33.333333333333336,-8.333333333333332,43,28,10,12.0,0.23255813953488372,0.6511627906976745,0.35714285714285715,0.27906976744186046,0.20833333333333334,0.8958333333333334,0.5833333333333334,11,6,2,4,32,8,8,0.2558139534883721,0.18181818181818182,0.25,0.3333333333333333,0.36363636363636365,10,0.20833333333333334,20,20,0,17.0,13,24,0.4166666666666667,0.4166666666666667,0.3541666666666667,0.4444444444444444,31,13,18,0.41935483870967744,13,0,13.0,0.2708333333333333,2,2,0,0.0,0.0,0,0.0,0.0,0,0,0,,42,42,0,0.4117647058823529,42,32,17,18,1,5,12,12.0,0.0,0.41379,0.375,0.53125,1,1,1.0,3,3,0,0.0625,35,37,31,1144.0,1134.0,2,46,23,24.652173913043477,20.5,28.652173913043477,24.0,1292,0.44861,0.8854489164086687,15,15,0.3125,UNRESOLVED,PASS,PASS,PASS,PASS,True,False,False,False,False,True
350,2025_game_18,2025-06-27 20:30:00-07:00,5,regular_season,False,ARC,Archers,ATL,False,8,10,L,42,53,95,8.0,10.0,0.19047619047619047,0.18867924528301888,0.19047619047619047,0.18867924528301888,0.001796945193171584,19.047619047619047,18.867924528301888,0.1796945193171584,35,17,8,8.0,0.22857142857142856,0.4857142857142857,0.47058823529411764,0.22857142857142856,0.19047619047619047,0.8333333333333334,0.40476190476190477,4,2,0,0,31,8,8,0.11428571428571428,0.0,0.25806451612903225,0.0,0.0,4,0.09523809523809523,21,21,0,19.0,13,26,0.5,0.5,0.4523809523809524,0.49056603773584906,22,3,19,0.13636363636363635,3,0,3.0,0.07142857142857142,1,0,0,,0.0,0,0.0,0.0,0,1,0,0.0,23,25,2,0.24210526315789474,40,22,10,10,0,4,10,10.0,0.0,0.5,0.45454545454545453,0.45454545454545453,2,2,1.5,2,2,0,0.047619047619047616,30,32,36,769.0,723.0,1,41,16,17.634146341463413,9.0,25.9375,22.0,1189,0.41285,0.6467619848612279,13,15,0.30952380952380953,KNOWN_DATA_ISSUE,KNOWN_DATA_ISSUE,PASS,PASS,PASS,True,True,False,False,False,False
350,2025_game_18,2025-06-27 20:30:00-07:00,5,regular_season,False,ATL,Atlas,ARC,True,10,8,W,53,42,95,10.0,8.0,0.18867924528301888,0.19047619047619047,0.18867924528301888,0.19047619047619047,-0.001796945193171584,18.867924528301888,19.047619047619047,-0.1796945193171584,40,22,10,10.0,0.25,0.55,0.45454545454545453,0.25,0.18867924528301888,0.7547169811320755,0.41509433962264153,4,2,0,0,36,10,10,0.1,0.0,0.2777777777777778,0.0,0.0,4,0.07547169811320754,26,27,1,20.0,9,21,0.49056603773584906,0.49056603773584906,0.37735849056603776,0.5,22,19,3,0.8636363636363636,19,0,19.0,0.3584905660377358,1,1,0,0.0,0.0,0,0.0,0.0,0,1,0,0.0,39,39,0,0.4105263157894737,35,17,8,8,0,4,8,8.0,0.0,0.5,0.47058823529411764,0.47058823529411764,1,1,1.0,7,7,0,0.1320754716981132,35,36,32,1069.0,1030.0,3,50,27,20.6,15.0,21.703703703703702,24.0,1531,0.5316,0.6982364467668191,15,13,0.2830188679245283,KNOWN_DATA_ISSUE,KNOWN_DATA_ISSUE,PASS,PASS,PASS,True,True,False,False,False,False
351,2025_game_19,2025-06-28 15:00:00-07:00,5,regular_season,False,RED,Redwoods,WAT,True,9,12,L,40,47,87,9.0,12.0,0.225,0.2553191489361702,0.225,0.2553191489361702,-0.030319148936170187,22.5,25.53191489361702,-3.0319148936170186,34,20,6,9.0,0.17647058823529413,0.5882352941176471,0.3,0.2647058823529412,0.15,0.85,0.5,12,10,3,6,22,3,3,0.35294117647058826,0.25,0.13636363636363635,0.6666666666666666,0.5,11,0.275,17,19,2,13.0,7,17,0.425,0.425,0.325,0.3617021276595745,22,7,15,0.3181818181818182,7,0,7.0,0.175,2,5,0,0.0,0.0,0,0.0,0.0,0,3,0,0.0,30,30,0,0.3448275862068966,42,26,12,12,0,6,11,11.0,0.0,0.47826,0.4230769230769231,0.46153846153846156,4,4,4.5,6,6,0,0.15,30,30,37,960.0,959.0,2,38,13,25.236842105263158,23.5,35.53846153846154,33.0,1261,0.43785,0.7613005551149881,16,14,0.4,UNRESOLVED,UNRESOLVED,PASS,PASS,PASS,True,True,False,False,False,True
351,2025_game_19,2025-06-28 15:00:00-07:00,5,regular_season,False,WAT,Waterdogs,RED,False,12,9,W,47,40,87,12.0,9.0,0.2553191489361702,0.225,0.2553191489361702,0.225,0.030319148936170187,25.53191489361702,22.5,3.0319148936170186,42,26,12,12.0,0.2857142857142857,0.6190476190476191,0.46153846153846156,0.2857142857142857,0.2553191489361702,0.8936170212765957,0.5531914893617021,6,3,0,0,36,12,12,0.14285714285714285,0.0,0.3333333333333333,0.0,0.0,6,0.1276595744680851,17,17,0,15.0,2,17,0.3617021276595745,0.3617021276595745,0.3191489361702128,0.425,22,15,7,0.6818181818181818,15,0,15.0,0.3191489361702128,3,2,0,0.0,0.0,0,0.0,0.0,0,2,0,0.0,37,39,2,0.42528735632183906,34,20,6,9,3,12,12,12.0,0.0,0.66667,0.6,0.3,3,3,2.5,3,3,0,0.06382978723404255,37,37,30,1082.0,1067.0,1,46,28,23.195652173913043,19.0,23.928571428571427,21.5,1418,0.49236,0.763046544428773,14,16,0.2978723404255319,UNRESOLVED,UNRESOLVED,PASS,PASS,PASS,True,True,False,False,False,True
352,2025_game_20,2025-06-28 17:30:00-07:00,5,regular_season,False,CAN,Cannons,CHA,False,12,14,L,48,49,97,12.0,14.0,0.25,0.2857142857142857,0.25,0.2857142857142857,-0.0357142857142857,25.0,28.571428571428573,-3.57142857142857,47,34,11,12.0,0.23404255319148937,0.723404255319149,0.3235294117647059,0.2553191489361702,0.22916666666666666,0.9791666666666666,0.7083333333333334,7,3,1,2,40,10,10,0.14893617021276595,0.14285714285714285,0.25,0.16666666666666666,0.2857142857142857,7,0.14583333333333334,13,13,0,12.0,9,23,0.2708333333333333,0.2708333333333333,0.25,0.46938775510204084,27,12,15,0.4444444444444444,12,0,12.0,0.25,2,2,1,0.5,0.5,1,1.0,0.5,0,2,1,0.5,34,34,0,0.35051546391752575,38,26,12,14,2,9,14,14.0,0.0,0.53846,0.5384615384615384,0.46153846153846156,2,2,1.0,1,1,0,0.020833333333333332,27,27,31,1222.0,1210.0,2,46,18,26.304347826086957,26.0,24.944444444444443,24.5,1415,0.49132,0.8636042402826856,23,20,0.4791666666666667,PASS,PASS,UNRESOLVED,PASS,PASS,False,False,True,False,False,True
352,2025_game_20,2025-06-28 17:30:00-07:00,5,regular_season,False,CHA,Chaos,CAN,True,14,12,W,49,48,97,14.0,12.0,0.2857142857142857,0.25,0.2857142857142857,0.25,0.0357142857142857,28.571428571428573,25.0,3.57142857142857,38,26,12,14.0,0.3157894736842105,0.6842105263157895,0.46153846153846156,0.3684210526315789,0.24489795918367346,0.7755102040816326,0.5306122448979592,9,7,2,4,29,10,10,0.23684210526315788,0.2222222222222222,0.3448275862068966,0.2857142857142857,0.4444444444444444,8,0.16326530612244897,23,23,0,18.0,3,13,0.46938775510204084,0.46938775510204084,0.3673469387755102,0.2708333333333333,27,15,12,0.5555555555555556,15,0,15.0,0.30612244897959184,2,4,1,0.25,0.5,1,1.0,0.5,0,2,1,0.5,29,29,0,0.29896907216494845,47,34,11,12,1,7,21,21.0,0.0,0.65625,0.6176470588235294,0.3235294117647059,2,2,1.0,4,5,1,0.08163265306122448,31,31,27,938.0,932.0,2,47,18,19.829787234042552,17.0,25.166666666666668,25.5,1299,0.45104,0.7220939183987682,20,23,0.40816326530612246,PASS,PASS,UNRESOLVED,PASS,PASS,False,False,True,False,False,True
355,2025_game_23,2025-07-11 16:00:00-07:00,7,regular_season,False,ATL,Atlas,CAN,False,17,11,W,44,38,82,17.0,11.0,0.38636363636363635,0.2894736842105263,0.38636363636363635,0.2894736842105263,0.09688995215311003,38.63636363636363,28.94736842105263,9.688995215311003,55,29,16,17.0,0.2909090909090909,0.5272727272727272,0.5517241379310345,0.3090909090909091,0.36363636363636365,1.25,0.6590909090909091,5,2,1,2,50,15,15,0.09090909090909091,0.2,0.3,0.11764705882352941,0.4,5,0.11363636363636363,16,17,1,11.0,7,14,0.36363636363636365,0.36363636363636365,0.25,0.3684210526315789,30,17,13,0.5666666666666667,17,0,17.0,0.38636363636363635,5,6,2,0.3333333333333333,0.4,2,2.0,0.4,0,1,1,1.0,38,38,0,0.4634146341463415,38,23,10,11,1,5,11,11.0,0.0,0.52381,0.4782608695652174,0.43478260869565216,2,2,1.0,6,6,0,0.13636363636363635,31,31,26,1120.0,1074.0,2,42,27,25.571428571428573,23.0,32.0,31.0,1498,0.52014,0.7476635514018691,12,10,0.2727272727272727,UNRESOLVED,PASS,PASS,PASS,PASS,True,False,False,False,False,True
355,2025_game_23,2025-07-11 16:00:00-07:00,7,regular_season,False,CAN,Cannons,ATL,True,11,17,L,38,44,82,11.0,17.0,0.2894736842105263,0.38636363636363635,0.2894736842105263,0.38636363636363635,-0.09688995215311003,28.94736842105263,38.63636363636363,-9.688995215311003,38,23,10,11.0,0.2631578947368421,0.6052631578947368,0.43478260869565216,0.2894736842105263,0.2631578947368421,1.0,0.6052631578947368,5,4,1,2,33,9,9,0.13157894736842105,0.2,0.2727272727272727,0.18181818181818182,0.4,5,0.13157894736842105,14,14,0,10.0,7,16,0.3684210526315789,0.3684210526315789,0.2631578947368421,0.36363636363636365,30,13,17,0.43333333333333335,13,0,13.0,0.34210526315789475,1,2,1,0.5,1.0,1,2.0,2.0,0,5,2,0.4,19,19,0,0.23170731707317074,55,29,16,17,1,5,12,12.0,0.0,0.42857,0.41379310344827586,0.5517241379310345,5,5,4.5,3,3,0,0.07894736842105263,25,26,31,983.0,979.0,1,37,22,26.45945945945946,29.0,29.545454545454547,30.5,1147,0.39826,0.8570183086312119,10,12,0.2631578947368421,UNRESOLVED,PASS,PASS,PASS,PASS,True,False,False,False,False,True
356,2025_game_24,2025-07-11 18:30:00-07:00,7,regular_season,False,ARC,Archers,WAT,False,11,16,L,39,51,90,11.0,16.0,0.28205128205128205,0.3137254901960784,0.28205128205128205,0.3137254901960784,-0.03167420814479638,28.205128205128204,31.372549019607842,-3.167420814479638,32,17,11,11.0,0.34375,0.53125,0.6470588235294118,0.34375,0.28205128205128205,0.8205128205128205,0.4358974358974359,1,0,0,0,31,11,11,0.03125,0.0,0.3548387096774194,0.0,0.0,1,0.02564102564102564,18,18,0,15.0,7,22,0.46153846153846156,0.46153846153846156,0.38461538461538464,0.43137254901960786,29,6,23,0.20689655172413793,6,0,6.0,0.15384615384615385,2,2,1,0.5,0.5,1,1.0,0.5,0,3,2,0.6666666666666666,25,25,0,0.2777777777777778,42,32,14,16,2,4,16,16.0,0.0,0.53333,0.5,0.4375,3,3,2.0,3,3,0,0.07692307692307693,27,27,27,728.0,722.0,1,38,17,19.0,9.0,27.176470588235293,35.0,1233,0.42812,0.5904298459042985,12,14,0.3076923076923077,KNOWN_DATA_ISSUE,UNRESOLVED,PASS,PASS,PASS,True,True,False,False,False,True
356,2025_game_24,2025-07-11 18:30:00-07:00,7,regular_season,False,WAT,Waterdogs,ARC,True,16,11,W,51,39,90,16.0,11.0,0.3137254901960784,0.28205128205128205,0.3137254901960784,0.28205128205128205,0.03167420814479638,31.372549019607842,28.205128205128204,3.167420814479638,42,32,14,16.0,0.3333333333333333,0.7619047619047619,0.4375,0.38095238095238093,0.27450980392156865,0.8235294117647058,0.6274509803921569,4,3,2,4,38,12,12,0.09523809523809523,0.5,0.3157894736842105,0.25,1.0,4,0.0784313725490196,22,21,-1,16.0,9,18,0.43137254901960786,0.43137254901960786,0.3137254901960784,0.46153846153846156,29,23,6,0.7931034482758621,23,0,23.0,0.45098039215686275,3,2,2,1.0,0.6666666666666666,2,2.0,0.6666666666666666,0,2,1,0.5,38,39,1,0.4222222222222222,32,17,11,11,0,1,4,4.0,0.0,0.26667,0.23529411764705882,0.6470588235294118,2,2,1.5,5,5,0,0.09803921568627451,27,27,27,1260.0,1190.0,2,49,24,24.285714285714285,23.0,27.75,25.5,1446,0.50208,0.8713692946058091,14,12,0.27450980392156865,KNOWN_DATA_ISSUE,UNRESOLVED,PASS,PASS,PASS,True,True,False,False,False,True
357,2025_game_25,2025-07-12 16:00:00-07:00,7,regular_season,False,CHA,Chaos,RED,False,12,10,W,43,41,84,12.0,10.0,0.27906976744186046,0.24390243902439024,0.27906976744186046,0.24390243902439024,0.03516732841747022,27.906976744186046,24.390243902439025,3.5167328417470225,39,24,12,12.0,0.3076923076923077,0.6153846153846154,0.5,0.3076923076923077,0.27906976744186046,0.9069767441860465,0.5581395348837209,4,2,0,0,35,12,12,0.10256410256410256,0.0,0.34285714285714286,0.0,0.0,4,0.09302325581395349,18,18,0,16.0,6,15,0.4186046511627907,0.4186046511627907,0.37209302325581395,0.36585365853658536,24,11,13,0.4583333333333333,11,0,11.0,0.2558139534883721,5,2,1,0.5,0.2,1,1.0,0.2,0,5,1,0.2,26,28,2,0.30952380952380953,41,26,8,10,2,7,18,18.0,0.0,0.69231,0.6923076923076923,0.3076923076923077,6,6,3.5,2,2,0,0.046511627906976744,26,26,29,1055.0,1055.0,2,41,23,25.73170731707317,26.0,31.652173913043477,33.0,1399,0.48576,0.7541100786275912,12,11,0.27906976744186046,PASS,UNRESOLVED,PASS,PASS,PASS,False,True,False,False,False,True
357,2025_game_25,2025-07-12 16:00:00-07:00,7,regular_season,False,RED,Redwoods,CHA,True,10,12,L,41,43,84,10.0,12.0,0.24390243902439024,0.27906976744186046,0.24390243902439024,0.27906976744186046,-0.03516732841747022,24.390243902439025,27.906976744186046,-3.5167328417470225,41,26,8,10.0,0.1951219512195122,0.6341463414634146,0.3076923076923077,0.24390243902439024,0.1951219512195122,1.0,0.6341463414634146,7,3,2,4,34,6,6,0.17073170731707318,0.2857142857142857,0.17647058823529413,0.4,0.5714285714285714,7,0.17073170731707318,15,15,0,11.0,6,18,0.36585365853658536,0.36585365853658536,0.2682926829268293,0.4186046511627907,24,13,11,0.5416666666666666,13,0,13.0,0.3170731707317073,5,5,1,0.2,0.2,1,1.0,0.2,0,5,1,0.2,28,28,0,0.3333333333333333,39,24,12,12,0,4,12,12.0,0.0,0.5,0.5,0.5,5,5,4.0,4,4,0,0.0975609756097561,29,29,26,1174.0,1173.0,2,39,22,30.076923076923077,28.0,31.863636363636363,29.5,1321,0.45868,0.8887206661619985,11,12,0.2682926829268293,PASS,UNRESOLVED,PASS,PASS,PASS,False,True,False,False,False,True
358,2025_game_26,2025-07-12 18:30:00-07:00,7,regular_season,False,OUT,Outlaws,WHP,False,13,6,W,51,54,105,13.0,6.0,0.2549019607843137,0.1111111111111111,0.2549019607843137,0.1111111111111111,0.1437908496732026,25.49019607843137,11.11111111111111,14.37908496732026,40,28,12,13.0,0.3,0.7,0.42857142857142855,0.325,0.23529411764705882,0.7843137254901961,0.5490196078431373,5,2,1,2,35,11,11,0.125,0.2,0.3142857142857143,0.15384615384615385,0.4,5,0.09803921568627451,20,20,0,18.0,10,25,0.39215686274509803,0.39215686274509803,0.35294117647058826,0.46296296296296297,22,6,16,0.2727272727272727,6,0,6.0,0.11764705882352941,2,1,1,1.0,0.5,1,1.0,0.5,0,2,1,0.5,31,31,0,0.29523809523809524,35,23,6,6,0,4,15,15.0,0.0,0.71429,0.6521739130434783,0.2608695652173913,1,1,1.0,2,2,0,0.0392156862745098,36,36,38,890.0,880.0,2,49,18,17.959183673469386,6.0,24.77777777777778,29.0,1123,0.38993,0.792520035618878,22,19,0.43137254901960786,PASS,PASS,PASS,PASS,PASS,False,False,False,False,False,False
358,2025_game_26,2025-07-12 18:30:00-07:00,7,regular_season,False,WHP,Whipsnakes,OUT,True,6,13,L,54,51,105,6.0,13.0,0.1111111111111111,0.2549019607843137,0.1111111111111111,0.2549019607843137,-0.1437908496732026,11.11111111111111,25.49019607843137,-14.37908496732026,35,23,6,6.0,0.17142857142857143,0.6571428571428571,0.2608695652173913,0.17142857142857143,0.1111111111111111,0.6481481481481481,0.42592592592592593,4,1,0,0,31,6,6,0.11428571428571428,0.0,0.1935483870967742,0.0,0.0,3,0.05555555555555555,25,25,0,18.0,7,20,0.46296296296296297,0.46296296296296297,0.3333333333333333,0.39215686274509803,22,16,6,0.7272727272727273,16,0,16.0,0.2962962962962963,2,1,1,1.0,0.5,1,1.0,0.5,0,2,1,0.5,37,37,0,0.3523809523809524,40,28,12,13,1,5,16,16.0,0.0,0.57143,0.5714285714285714,0.42857142857142855,2,2,1.5,7,7,0,0.12962962962962962,38,38,36,1271.0,1271.0,1,53,25,23.9811320754717,19.0,26.32,25.0,1573,0.54618,0.8080101716465353,19,22,0.35185185185185186,PASS,PASS,PASS,PASS,PASS,False,False,False,False,False,False
359,2025_game_27,2025-07-18 15:30:00-07:00,8,regular_season,False,ATL,Atlas,RED,False,16,12,W,45,47,92,16.0,12.0,0.35555555555555557,0.2553191489361702,0.35555555555555557,0.2553191489361702,0.10023640661938538,35.55555555555556,25.53191489361702,10.023640661938538,48,32,15,16.0,0.3125,0.6666666666666666,0.46875,0.3333333333333333,0.3333333333333333,1.0666666666666667,0.7111111111111111,7,4,1,2,41,14,14,0.14583333333333334,0.14285714285714285,0.34146341463414637,0.125,0.2857142857142857,6,0.13333333333333333,10,10,0,9.0,11,15,0.2222222222222222,0.2222222222222222,0.2,0.3191489361702128,31,11,20,0.3548387096774194,11,0,11.0,0.24444444444444444,5,7,4,0.5714285714285714,0.8,4,4.0,0.8,0,2,0,0.0,35,36,1,0.3804347826086957,48,30,12,12,0,3,15,15.0,0.0,0.55556,0.5,0.4,2,2,1.0,1,1,0,0.022222222222222223,34,34,26,993.0,935.0,3,42,22,22.261904761904763,13.5,20.227272727272727,16.5,1186,0.41181,0.8372681281618887,17,19,0.37777777777777777,PASS,UNRESOLVED,PASS,PASS,PASS,False,True,False,False,False,True
359,2025_game_27,2025-07-18 15:30:00-07:00,8,regular_season,False,RED,Redwoods,ATL,True,12,16,L,47,45,92,12.0,16.0,0.2553191489361702,0.35555555555555557,0.2553191489361702,0.35555555555555557,-0.10023640661938538,25.53191489361702,35.55555555555556,-10.023640661938538,48,30,12,12.0,0.25,0.625,0.4,0.25,0.2553191489361702,1.0212765957446808,0.6382978723404256,3,1,0,0,45,12,12,0.0625,0.0,0.26666666666666666,0.0,0.0,3,0.06382978723404255,15,15,0,13.0,2,10,0.3191489361702128,0.3191489361702128,0.2765957446808511,0.2222222222222222,31,20,11,0.6451612903225806,20,0,20.0,0.425531914893617,2,1,0,0.0,0.0,0,0.0,0.0,0,5,4,0.8,35,35,0,0.3804347826086957,48,32,15,16,1,7,15,15.0,0.0,0.5,0.46875,0.46875,5,5,4.5,2,2,0,0.0425531914893617,24,26,34,1281.0,1281.0,0,47,24,27.25531914893617,23.0,35.125,41.0,1397,0.48507,0.9169649248389405,19,17,0.40425531914893614,PASS,UNRESOLVED,PASS,PASS,PASS,False,True,False,False,False,True
360,2025_game_28,2025-07-18 18:00:00-07:00,8,regular_season,False,ARC,Archers,CHA,False,12,11,W,42,44,86,12.0,11.0,0.2857142857142857,0.25,0.2857142857142857,0.25,0.0357142857142857,28.571428571428573,25.0,3.57142857142857,42,28,10,12.0,0.23809523809523808,0.6666666666666666,0.35714285714285715,0.2857142857142857,0.23809523809523808,1.0,0.6666666666666666,7,4,2,4,35,8,8,0.16666666666666666,0.2857142857142857,0.22857142857142856,0.3333333333333333,0.5714285714285714,6,0.14285714285714285,14,14,0,12.0,3,17,0.3333333333333333,0.3333333333333333,0.2857142857142857,0.38636363636363635,25,9,15,0.36,9,0,9.0,0.21428571428571427,2,1,0,0.0,0.0,1,1.0,0.5,1,1,0,0.0,25,25,0,0.29069767441860467,49,31,11,11,0,7,17,17.0,0.0,0.60714,0.5483870967741935,0.3548387096774194,1,1,0.5,3,3,0,0.07142857142857142,30,32,30,876.0,870.0,2,40,15,21.75,16.0,28.466666666666665,22.0,1318,0.45764,0.6646433990895296,14,14,0.3333333333333333,KNOWN_DATA_ISSUE,PASS,PASS,PASS,KNOWN_DATA_ISSUE,True,False,False,False,True,False
360,2025_game_28,2025-07-18 18:00:00-07:00,8,regular_season,False,CHA,Chaos,ARC,True,11,12,L,44,42,86,11.0,12.0,0.25,0.2857142857142857,0.25,0.2857142857142857,-0.0357142857142857,25.0,28.571428571428573,-3.57142857142857,49,31,11,11.0,0.22448979591836735,0.6326530612244898,0.3548387096774194,0.22448979591836735,0.25,1.1136363636363635,0.7045454545454546,7,5,0,0,42,11,11,0.14285714285714285,0.0,0.2619047619047619,0.0,0.0,6,0.13636363636363635,17,18,1,13.0,6,14,0.38636363636363635,0.38636363636363635,0.29545454545454547,0.3333333333333333,25,15,9,0.6,15,0,15.0,0.3409090909090909,1,1,0,0.0,0.0,0,0.0,0.0,0,2,0,0.0,35,35,0,0.4069767441860465,42,28,10,12,2,7,15,15.0,0.0,0.6,0.5357142857142857,0.35714285714285715,4,3,3.0,5,5,0,0.11363636363636363,30,30,32,1239.0,1239.0,1,43,24,28.813953488372093,26.0,25.416666666666668,27.0,1348,0.46806,0.9191394658753709,14,14,0.3181818181818182,KNOWN_DATA_ISSUE,PASS,PASS,PASS,KNOWN_DATA_ISSUE,True,False,False,False,True,False
361,2025_game_29,2025-07-19 12:00:00-07:00,8,regular_season,False,CAN,Cannons,OUT,False,17,18,L,42,49,91,17.0,18.0,0.40476190476190477,0.3673469387755102,0.40476190476190477,0.3673469387755102,0.037414965986394544,40.476190476190474,36.734693877551024,3.741496598639454,38,28,14,17.0,0.3684210526315789,0.7368421052631579,0.5,0.4473684210526316,0.3333333333333333,0.9047619047619048,0.6666666666666666,7,4,3,6,31,11,11,0.18421052631578946,0.42857142857142855,0.3548387096774194,0.35294117647058826,0.8571428571428571,7,0.16666666666666666,15,15,0,13.0,7,20,0.35714285714285715,0.35714285714285715,0.30952380952380953,0.40816326530612246,35,12,23,0.34285714285714286,12,0,12.0,0.2857142857142857,5,4,2,0.5,0.4,2,3.0,0.6,0,4,1,0.25,26,27,1,0.2857142857142857,44,31,17,18,1,4,9,9.0,0.0,0.34615,0.2903225806451613,0.5483870967741935,4,4,4.0,2,2,0,0.047619047619047616,28,28,33,871.0,853.0,2,40,20,21.325,14.5,29.3,24.0,1512,0.525,0.576058201058201,14,15,0.3333333333333333,UNRESOLVED,UNRESOLVED,PASS,PASS,PASS,True,True,False,False,False,True
361,2025_game_29,2025-07-19 12:00:00-07:00,8,regular_season,False,OUT,Outlaws,CAN,True,18,17,W,49,42,91,18.0,17.0,0.3673469387755102,0.40476190476190477,0.3673469387755102,0.40476190476190477,-0.037414965986394544,36.734693877551024,40.476190476190474,-3.741496598639454,44,31,17,18.0,0.38636363636363635,0.7045454545454546,0.5483870967741935,0.4090909090909091,0.3469387755102041,0.8979591836734694,0.6326530612244898,4,1,1,2,40,16,16,0.09090909090909091,0.25,0.4,0.1111111111111111,0.5,4,0.08163265306122448,20,21,1,11.0,8,15,0.40816326530612246,0.40816326530612246,0.22448979591836735,0.35714285714285715,35,23,12,0.6571428571428571,23,0,23.0,0.46938775510204084,4,4,1,0.25,0.25,1,1.0,0.25,0,5,2,0.4,43,44,1,0.4725274725274725,38,28,14,17,3,7,13,13.0,0.0,0.48148,0.4642857142857143,0.5,4,4,4.0,9,9,0,0.1836734693877551,30,33,28,1120.0,1113.0,2,47,28,23.680851063829788,22.0,22.714285714285715,22.0,1134,0.39375,0.9876543209876543,15,14,0.30612244897959184,UNRESOLVED,UNRESOLVED,PASS,PASS,PASS,True,True,False,False,False,True
362,2025_game_30,2025-07-19 17:00:00-07:00,8,regular_season,False,WAT,Waterdogs,WHP,True,7,10,L,39,41,80,7.0,10.0,0.1794871794871795,0.24390243902439024,0.1794871794871795,0.24390243902439024,-0.06441525953721075,17.94871794871795,24.390243902439025,-6.441525953721075,41,22,7,7.0,0.17073170731707318,0.5365853658536586,0.3181818181818182,0.17073170731707318,0.1794871794871795,1.0512820512820513,0.5641025641025641,6,4,0,0,35,7,7,0.14634146341463414,0.0,0.2,0.0,0.0,6,0.15384615384615385,14,15,1,12.0,6,19,0.358974358974359,0.358974358974359,0.3076923076923077,0.4634146341463415,20,8,12,0.4,8,0,8.0,0.20512820512820512,1,0,0,,0.0,0,0.0,0.0,0,3,3,1.0,28,28,0,0.35,38,25,9,10,1,5,16,16.0,0.0,0.64,0.64,0.36,3,3,2.5,3,3,0,0.07692307692307693,28,28,31,1256.0,1214.0,3,36,14,33.72222222222222,29.5,29.571428571428573,28.5,1378,0.47847,0.9114658925979681,17,16,0.4358974358974359,UNRESOLVED,PASS,UNRESOLVED,PASS,PASS,True,False,True,False,False,True
362,2025_game_30,2025-07-19 17:00:00-07:00,8,regular_season,False,WHP,Whipsnakes,WAT,False,10,7,W,41,39,80,10.0,7.0,0.24390243902439024,0.1794871794871795,0.24390243902439024,0.1794871794871795,0.06441525953721075,24.390243902439025,17.94871794871795,6.441525953721075,38,25,9,10.0,0.23684210526315788,0.6578947368421053,0.36,0.2631578947368421,0.21951219512195122,0.926829268292683,0.6097560975609756,5,4,1,2,33,8,8,0.13157894736842105,0.2,0.24242424242424243,0.2,0.4,5,0.12195121951219512,19,19,0,11.0,6,14,0.4634146341463415,0.4634146341463415,0.2682926829268293,0.358974358974359,20,12,8,0.6,12,0,12.0,0.2926829268292683,3,3,3,1.0,1.0,3,4.0,1.3333333333333333,0,1,0,0.0,22,22,0,0.275,41,22,7,7,0,6,12,12.0,0.0,0.63158,0.5454545454545454,0.3181818181818182,1,1,1.0,7,8,1,0.17073170731707318,31,31,28,879.0,867.0,1,40,19,21.675,12.5,27.473684210526315,24.0,1291,0.44826,0.6808675445391169,16,17,0.3902439024390244,UNRESOLVED,PASS,UNRESOLVED,PASS,PASS,True,False,True,False,False,True
363,2025_game_31,2025-07-25 17:00:00-07:00,9,regular_season,False,ARC,Archers,RED,True,8,9,L,40,44,84,8.0,9.0,0.2,0.20454545454545456,0.2,0.20454545454545456,-0.004545454545454547,20.0,20.454545454545453,-0.4545454545454547,38,23,7,8.0,0.18421052631578946,0.6052631578947368,0.30434782608695654,0.21052631578947367,0.175,0.95,0.575,7,5,1,2,31,6,6,0.18421052631578946,0.14285714285714285,0.1935483870967742,0.25,0.2857142857142857,7,0.175,18,18,0,17.0,7,13,0.45,0.45,0.425,0.29545454545454547,19,6,13,0.3157894736842105,6,0,6.0,0.15,3,4,2,0.5,0.6666666666666666,2,2.0,0.6666666666666666,0,3,1,0.3333333333333333,23,23,0,0.27380952380952384,51,26,8,9,1,8,17,17.0,0.0,0.68,0.6538461538461539,0.3076923076923077,3,3,1.5,1,1,0,0.025,28,29,32,942.0,910.0,2,38,12,23.94736842105263,21.0,17.333333333333332,18.5,1086,0.37708,0.8674033149171271,21,21,0.525,UNRESOLVED,UNRESOLVED,PASS,PASS,PASS,True,True,False,False,False,True
363,2025_game_31,2025-07-25 17:00:00-07:00,9,regular_season,False,RED,Redwoods,ARC,False,9,8,W,44,40,84,9.0,8.0,0.20454545454545456,0.2,0.20454545454545456,0.2,0.004545454545454547,20.454545454545453,20.0,0.4545454545454547,51,26,8,9.0,0.1568627450980392,0.5098039215686274,0.3076923076923077,0.17647058823529413,0.18181818181818182,1.1590909090909092,0.5909090909090909,8,4,1,2,43,7,7,0.1568627450980392,0.125,0.16279069767441862,0.2222222222222222,0.25,8,0.18181818181818182,13,14,1,11.0,5,18,0.29545454545454547,0.29545454545454547,0.25,0.45,19,13,6,0.6842105263157895,13,0,13.0,0.29545454545454547,3,2,1,0.5,0.3333333333333333,1,2.0,0.6666666666666666,0,3,2,0.6666666666666666,28,29,1,0.3333333333333333,38,23,7,8,1,7,14,14.0,0.0,0.66667,0.6086956521739131,0.30434782608695654,3,3,2.5,3,3,0,0.06818181818181818,32,32,29,1176.0,1176.0,1,43,20,27.348837209302324,25.0,23.15,21.0,1584,0.55,0.7424242424242424,21,21,0.4772727272727273,UNRESOLVED,UNRESOLVED,PASS,PASS,PASS,True,True,False,False,False,True
364,2025_game_32,2025-07-25 19:30:00-07:00,9,regular_season,False,ATL,Atlas,WHP,True,11,8,W,43,47,90,11.0,8.0,0.2558139534883721,0.1702127659574468,0.2558139534883721,0.1702127659574468,0.0856011875309253,25.58139534883721,17.02127659574468,8.56011875309253,36,23,11,11.0,0.3055555555555556,0.6388888888888888,0.4782608695652174,0.3055555555555556,0.2558139534883721,0.8372093023255814,0.5348837209302325,2,1,0,0,34,11,11,0.05555555555555555,0.0,0.3235294117647059,0.0,0.0,2,0.046511627906976744,18,18,0,13.0,10,15,0.4186046511627907,0.4186046511627907,0.3023255813953488,0.3191489361702128,23,7,15,0.30434782608695654,7,0,7.0,0.16279069767441862,1,2,1,0.5,1.0,1,1.0,1.0,0,2,0,0.0,31,31,0,0.34444444444444444,51,32,8,8,0,8,20,20.0,0.0,0.71429,0.625,0.25,2,2,1.0,5,5,0,0.11627906976744186,30,30,29,887.0,887.0,0,43,17,20.627906976744185,17.0,31.0,28.0,1209,0.41979,0.7336641852770885,18,18,0.4186046511627907,PASS,PASS,PASS,PASS,PASS,False,False,False,False,False,False
364,2025_game_32,2025-07-25 19:30:00-07:00,9,regular_season,False,WHP,Whipsnakes,ATL,False,8,11,L,47,43,90,8.0,11.0,0.1702127659574468,0.2558139534883721,0.1702127659574468,0.2558139534883721,-0.0856011875309253,17.02127659574468,25.58139534883721,-8.56011875309253,51,32,8,8.0,0.1568627450980392,0.6274509803921569,0.25,0.1568627450980392,0.1702127659574468,1.0851063829787233,0.6808510638297872,8,4,0,0,43,8,8,0.1568627450980392,0.0,0.18604651162790697,0.0,0.0,8,0.1702127659574468,15,15,0,13.0,9,18,0.3191489361702128,0.3191489361702128,0.2765957446808511,0.4186046511627907,23,15,7,0.6521739130434783,15,0,15.0,0.3191489361702128,2,2,0,0.0,0.0,0,0.0,0.0,0,1,1,1.0,28,28,0,0.3111111111111111,36,23,11,11,0,2,12,12.0,0.0,0.52174,0.5217391304347826,0.4782608695652174,2,2,2.0,2,2,0,0.0425531914893617,28,29,30,1318.0,1314.0,2,45,19,29.2,28.0,32.0,31.0,1400,0.48611,0.9414285714285714,18,18,0.3829787234042553,PASS,PASS,PASS,PASS,PASS,False,False,False,False,False,False
365,2025_game_33,2025-07-26 15:30:00-07:00,9,regular_season,False,CHA,Chaos,WAT,True,15,14,W,50,48,98,15.0,14.0,0.3,0.2916666666666667,0.3,0.2916666666666667,0.008333333333333304,30.0,29.166666666666668,0.8333333333333304,49,30,14,15.0,0.2857142857142857,0.6122448979591837,0.4666666666666667,0.30612244897959184,0.28,0.98,0.6,9,6,1,2,40,13,13,0.1836734693877551,0.1111111111111111,0.325,0.13333333333333333,0.2222222222222222,9,0.18,16,16,0,12.0,8,19,0.32,0.32,0.24,0.3958333333333333,30,15,15,0.5,15,0,15.0,0.3,1,1,1,1.0,1.0,1,1.0,1.0,0,1,1,1.0,24,25,1,0.24489795918367346,45,28,12,14,2,5,16,16.0,0.0,0.57143,0.5714285714285714,0.42857142857142855,2,2,2.0,4,4,0,0.08,34,34,38,985.0,985.0,3,47,28,20.95744680851064,12.0,23.25,19.5,1263,0.41807,0.779889152810768,18,20,0.36,UNRESOLVED,UNRESOLVED,UNRESOLVED,PASS,PASS,True,True,True,False,False,True
365,2025_game_33,2025-07-26 15:30:00-07:00,9,regular_season,False,WAT,Waterdogs,CHA,False,14,15,L,48,50,98,14.0,15.0,0.2916666666666667,0.3,0.2916666666666667,0.3,-0.008333333333333304,29.166666666666668,30.0,-0.8333333333333304,45,28,12,14.0,0.26666666666666666,0.6222222222222222,0.42857142857142855,0.3111111111111111,0.25,0.9375,0.5833333333333334,5,3,2,4,40,10,10,0.1111111111111111,0.4,0.25,0.2857142857142857,0.8,5,0.10416666666666667,19,21,2,11.0,8,16,0.3958333333333333,0.3958333333333333,0.22916666666666666,0.32,30,15,15,0.5,15,0,15.0,0.3125,1,1,1,1.0,1.0,1,1.0,1.0,0,1,1,1.0,33,34,1,0.336734693877551,49,30,14,15,1,9,15,15.0,0.0,0.51724,0.5,0.4666666666666667,2,2,2.0,8,9,1,0.16666666666666666,37,38,34,1124.0,1124.0,0,48,23,23.416666666666668,23.5,27.73913043478261,32.0,1519,0.50281,0.7399605003291639,20,18,0.4166666666666667,UNRESOLVED,UNRESOLVED,UNRESOLVED,PASS,PASS,True,True,True,False,False,True
366,2025_game_34,2025-07-26 18:00:00-07:00,9,regular_season,False,ARC,Archers,OUT,True,10,15,L,43,49,92,10.0,15.0,0.23255813953488372,0.30612244897959184,0.23255813953488372,0.30612244897959184,-0.07356430944470813,23.25581395348837,30.612244897959183,-7.356430944470812,29,20,9,10.0,0.3103448275862069,0.6896551724137931,0.45,0.3448275862068966,0.20930232558139536,0.6744186046511628,0.46511627906976744,6,4,1,2,23,8,8,0.20689655172413793,0.16666666666666666,0.34782608695652173,0.2,0.3333333333333333,6,0.13953488372093023,23,22,-1,20.0,10,22,0.5348837209302325,0.5348837209302325,0.46511627906976744,0.4489795918367347,23,9,13,0.391304347826087,9,0,9.0,0.20930232558139536,2,3,1,0.3333333333333333,0.5,1,1.0,0.5,0,5,1,0.2,29,28,-1,0.31521739130434784,44,26,11,15,4,10,14,14.0,0.0,0.56,0.5384615384615384,0.4230769230769231,7,7,6.0,2,2,0,0.046511627906976744,32,32,30,856.0,856.0,0,43,22,19.906976744186046,10.0,20.272727272727273,17.0,1207,0.4191,0.7091963545981773,9,12,0.20930232558139536,KNOWN_DATA_ISSUE,KNOWN_DATA_ISSUE,PASS,PASS,PASS,True,True,False,False,False,False
366,2025_game_34,2025-07-26 18:00:00-07:00,9,regular_season,False,OUT,Outlaws,ARC,False,15,10,W,49,43,92,15.0,10.0,0.30612244897959184,0.23255813953488372,0.30612244897959184,0.23255813953488372,0.07356430944470813,30.612244897959183,23.25581395348837,7.356430944470812,44,26,11,15.0,0.25,0.5909090909090909,0.4230769230769231,0.3409090909090909,0.22448979591836735,0.8979591836734694,0.5306122448979592,10,7,4,8,34,7,7,0.22727272727272727,0.4,0.20588235294117646,0.5333333333333333,0.8,9,0.1836734693877551,22,24,2,20.0,9,23,0.4489795918367347,0.4489795918367347,0.40816326530612246,0.5348837209302325,23,13,9,0.5652173913043478,13,0,13.0,0.2653061224489796,5,6,1,0.16666666666666666,0.2,1,1.0,0.2,0,2,1,0.5,43,43,0,0.4673913043478261,29,20,9,10,1,6,8,8.0,0.0,0.47059,0.4,0.45,2,2,1.5,3,3,0,0.061224489795918366,28,30,32,1112.0,1112.0,2,47,26,23.659574468085108,17.0,25.46153846153846,18.5,1512,0.525,0.7354497354497355,12,9,0.24489795918367346,KNOWN_DATA_ISSUE,KNOWN_DATA_ISSUE,PASS,PASS,PASS,True,True,False,False,False,False
367,2025_game_35,2025-08-01 17:00:00-07:00,10,regular_season,False,CHA,Chaos,OUT,False,12,11,W,43,41,84,12.0,11.0,0.27906976744186046,0.2682926829268293,0.27906976744186046,0.2682926829268293,0.010777084515031177,27.906976744186046,26.829268292682926,1.0777084515031177,41,27,10,12.0,0.24390243902439024,0.6585365853658537,0.37037037037037035,0.2926829268292683,0.23255813953488372,0.9534883720930233,0.627906976744186,6,4,2,4,35,8,8,0.14634146341463414,0.3333333333333333,0.22857142857142856,0.3333333333333333,0.6666666666666666,6,0.13953488372093023,20,20,0,14.0,10,19,0.46511627906976744,0.46511627906976744,0.32558139534883723,0.4634146341463415,24,14,10,0.5833333333333334,14,0,14.0,0.32558139534883723,3,3,1,0.3333333333333333,0.3333333333333333,1,1.0,0.3333333333333333,0,2,1,0.5,28,28,0,0.3333333333333333,36,19,10,11,1,6,9,9.0,0.0,0.47368,0.47368421052631576,0.5263157894736842,2,2,2.0,6,6,0,0.13953488372093023,34,35,33,1090.0,1090.0,1,42,25,25.952380952380953,18.0,26.96,21.0,1357,0.47118,0.8032424465733236,13,13,0.3023255813953488,PASS,PASS,PASS,PASS,PASS,False,False,False,False,False,False
367,2025_game_35,2025-08-01 17:00:00-07:00,10,regular_season,False,OUT,Outlaws,CHA,True,11,12,L,41,43,84,11.0,12.0,0.2682926829268293,0.27906976744186046,0.2682926829268293,0.27906976744186046,-0.010777084515031177,26.829268292682926,27.906976744186046,-1.0777084515031177,36,19,10,11.0,0.2777777777777778,0.5277777777777778,0.5263157894736842,0.3055555555555556,0.24390243902439024,0.8780487804878049,0.4634146341463415,6,2,1,2,30,9,9,0.16666666666666666,0.16666666666666666,0.3,0.18181818181818182,0.3333333333333333,5,0.12195121951219512,19,19,0,16.0,6,20,0.4634146341463415,0.4634146341463415,0.3902439024390244,0.46511627906976744,24,10,14,0.4166666666666667,10,0,10.0,0.24390243902439024,2,1,1,1.0,0.5,1,1.0,0.5,0,3,1,0.3333333333333333,24,24,0,0.2857142857142857,41,27,10,12,2,6,13,13.0,0.0,0.56522,0.48148148148148145,0.37037037037037035,4,4,2.5,3,3,0,0.07317073170731707,33,33,35,839.0,815.0,3,38,18,21.44736842105263,14.5,25.61111111111111,22.0,1380,0.47917,0.6079710144927536,13,13,0.3170731707317073,PASS,PASS,PASS,PASS,PASS,False,False,False,False,False,False
368,2025_game_36,2025-08-01 19:30:00-07:00,10,regular_season,False,CAN,Cannons,WAT,True,13,10,W,42,41,83,13.0,10.0,0.30952380952380953,0.24390243902439024,0.30952380952380953,0.24390243902439024,0.0656213704994193,30.952380952380953,24.390243902439025,6.56213704994193,43,24,11,13.0,0.2558139534883721,0.5581395348837209,0.4583333333333333,0.3023255813953488,0.2619047619047619,1.0238095238095237,0.5714285714285714,7,4,2,4,36,9,9,0.16279069767441862,0.2857142857142857,0.25,0.3076923076923077,0.5714285714285714,7,0.16666666666666666,17,18,1,14.0,8,15,0.40476190476190477,0.40476190476190477,0.3333333333333333,0.36585365853658536,25,12,13,0.48,12,0,12.0,0.2857142857142857,0,0,0,,,0,0.0,,0,5,2,0.4,22,22,0,0.26506024096385544,53,33,10,10,0,9,20,20.0,0.0,0.66667,0.6060606060606061,0.30303030303030304,6,6,5.0,4,4,0,0.09523809523809523,30,30,34,986.0,941.0,2,40,17,23.525,24.5,28.41176470588235,34.0,1315,0.4566,0.749809885931559,19,19,0.4523809523809524,KNOWN_DATA_ISSUE,UNRESOLVED,PASS,PASS,PASS,True,True,False,False,False,True
368,2025_game_36,2025-08-01 19:30:00-07:00,10,regular_season,False,WAT,Waterdogs,CAN,False,10,13,L,41,42,83,10.0,13.0,0.24390243902439024,0.30952380952380953,0.24390243902439024,0.30952380952380953,-0.0656213704994193,24.390243902439025,30.952380952380953,-6.56213704994193,53,33,10,10.0,0.18867924528301888,0.6226415094339622,0.30303030303030304,0.18867924528301888,0.24390243902439024,1.2926829268292683,0.8048780487804879,9,2,0,0,44,10,10,0.16981132075471697,0.0,0.22727272727272727,0.0,0.0,9,0.21951219512195122,15,15,0,13.0,7,17,0.36585365853658536,0.36585365853658536,0.3170731707317073,0.40476190476190477,25,13,12,0.52,13,0,13.0,0.3170731707317073,5,8,2,0.25,0.4,2,2.0,0.4,0,0,0,,35,36,1,0.42168674698795183,43,24,11,13,2,7,10,10.0,0.0,0.47619,0.4166666666666667,0.4583333333333333,1,1,1.0,2,2,0,0.04878048780487805,32,34,30,1268.0,1253.0,2,39,16,32.12820512820513,32.0,24.75,27.0,1385,0.4809,0.9155234657039711,19,19,0.4634146341463415,KNOWN_DATA_ISSUE,UNRESOLVED,PASS,PASS,PASS,True,True,False,False,False,True
369,2025_game_37,2025-08-02 17:00:00-07:00,10,regular_season,False,RED,Redwoods,WHP,True,14,13,W,51,45,96,14.0,13.0,0.27450980392156865,0.28888888888888886,0.27450980392156865,0.28888888888888886,-0.01437908496732021,27.45098039215686,28.88888888888889,-1.437908496732021,50,34,14,14.0,0.28,0.68,0.4117647058823529,0.28,0.27450980392156865,0.9803921568627451,0.6666666666666666,9,6,0,0,41,14,14,0.18,0.0,0.34146341463414637,0.0,0.0,9,0.17647058823529413,15,15,0,13.0,6,14,0.29411764705882354,0.29411764705882354,0.2549019607843137,0.3111111111111111,30,21,9,0.7,21,0,21.0,0.4117647058823529,3,1,0,0.0,0.0,0,0.0,0.0,0,1,1,1.0,41,41,0,0.4270833333333333,42,26,12,13,1,5,13,13.0,0.0,0.52,0.5,0.46153846153846156,1,1,0.5,2,2,0,0.0392156862745098,38,39,35,1261.0,1247.0,1,50,27,24.94,27.0,22.444444444444443,24.0,1519,0.52743,0.8301514154048716,21,21,0.4117647058823529,PASS,UNRESOLVED,PASS,UNRESOLVED,PASS,False,True,False,True,False,True
369,2025_game_37,2025-08-02 17:00:00-07:00,10,regular_season,False,WHP,Whipsnakes,RED,False,13,14,L,45,51,96,13.0,14.0,0.28888888888888886,0.27450980392156865,0.28888888888888886,0.27450980392156865,0.01437908496732021,28.88888888888889,27.45098039215686,1.437908496732021,42,26,12,13.0,0.2857142857142857,0.6190476190476191,0.46153846153846156,0.30952380952380953,0.26666666666666666,0.9333333333333333,0.5777777777777777,5,2,1,2,37,11,11,0.11904761904761904,0.2,0.2972972972972973,0.15384615384615385,0.4,5,0.1111111111111111,14,14,0,12.0,6,15,0.3111111111111111,0.3111111111111111,0.26666666666666666,0.29411764705882354,30,9,21,0.3,9,0,9.0,0.2,1,1,1,1.0,1.0,1,1.0,1.0,0,3,0,0.0,29,30,1,0.3020833333333333,50,34,14,14,0,9,16,17.0,1.0,0.53333,0.47058823529411764,0.4117647058823529,3,3,1.5,2,2,0,0.044444444444444446,35,35,39,990.0,990.0,3,42,16,23.571428571428573,23.0,29.5625,29.5,1087,0.37743,0.9107635694572217,21,21,0.4666666666666667,PASS,UNRESOLVED,PASS,UNRESOLVED,PASS,False,True,False,True,False,True
370,2025_game_38,2025-08-02 10:00:00-07:00,10,regular_season,False,ATL,Atlas,OUT,False,12,13,L,52,52,104,12.0,13.0,0.23076923076923078,0.25,0.23076923076923078,0.25,-0.019230769230769218,23.076923076923077,25.0,-1.9230769230769218,40,31,12,12.0,0.3,0.775,0.3870967741935484,0.3,0.23076923076923078,0.7692307692307693,0.5961538461538461,4,2,0,0,36,12,12,0.1,0.0,0.3333333333333333,0.0,0.0,4,0.07692307692307693,19,19,0,15.0,8,17,0.36538461538461536,0.36538461538461536,0.28846153846153844,0.3269230769230769,28,13,15,0.4642857142857143,13,0,13.0,0.25,2,1,1,1.0,0.5,1,1.0,0.5,0,5,0,0.0,38,38,0,0.36538461538461536,63,32,12,13,1,12,18,18.0,0.0,0.6,0.5625,0.375,6,6,4.0,4,4,0,0.07692307692307693,37,37,37,979.0,975.0,1,51,19,19.11764705882353,14.0,20.894736842105264,17.0,1439,0.43832,0.6803335649756775,24,24,0.46153846153846156,PASS,PASS,PASS,PASS,PASS,False,False,False,False,False,False
370,2025_game_38,2025-08-02 10:00:00-07:00,10,regular_season,False,OUT,Outlaws,ATL,True,13,12,W,52,52,104,13.0,12.0,0.25,0.23076923076923078,0.25,0.23076923076923078,0.019230769230769218,25.0,23.076923076923077,1.9230769230769218,63,32,12,13.0,0.19047619047619047,0.5079365079365079,0.375,0.20634920634920634,0.23076923076923078,1.2115384615384615,0.6153846153846154,12,3,1,2,51,11,11,0.19047619047619047,0.08333333333333333,0.21568627450980393,0.15384615384615385,0.16666666666666666,11,0.21153846153846154,17,17,0,14.0,4,19,0.3269230769230769,0.3269230769230769,0.2692307692307692,0.36538461538461536,28,15,13,0.5357142857142857,15,0,15.0,0.28846153846153844,5,6,0,0.0,0.0,0,0.0,0.0,0,2,1,0.5,32,32,0,0.3076923076923077,40,31,12,12,0,4,15,15.0,0.0,0.55556,0.4838709677419355,0.3870967741935484,2,2,1.5,4,4,0,0.07692307692307693,35,37,37,1516.0,1509.0,2,50,21,30.18,33.5,30.333333333333332,33.0,1621,0.49376,0.9352251696483652,24,24,0.46153846153846156,PASS,PASS,PASS,PASS,PASS,False,False,False,False,False,False
371,2025_game_39,2025-08-08 15:30:00-07:00,11,regular_season,False,CAN,Cannons,RED,True,17,18,L,48,50,98,17.0,18.0,0.3541666666666667,0.36,0.3541666666666667,0.36,-0.0058333333333333015,35.416666666666664,36.0,-0.5833333333333302,39,27,16,17.0,0.41025641025641024,0.6923076923076923,0.5925925925925926,0.4358974358974359,0.3333333333333333,0.8125,0.5625,7,5,1,2,32,15,15,0.1794871794871795,0.14285714285714285,0.46875,0.11764705882352941,0.2857142857142857,6,0.125,20,21,1,18.0,7,18,0.4166666666666667,0.4166666666666667,0.375,0.36,38,16,22,0.42105263157894735,16,0,16.0,0.3333333333333333,2,1,1,1.0,0.5,1,1.0,0.5,0,3,2,0.6666666666666666,29,29,0,0.29591836734693877,41,29,18,18,0,4,10,10.0,0.0,0.35714,0.3448275862068966,0.6206896551724138,3,3,2.5,3,3,0,0.0625,25,26,34,878.0,869.0,2,46,27,18.891304347826086,13.0,19.74074074074074,15.0,1187,0.41215,0.7396798652064027,14,14,0.2916666666666667,UNRESOLVED,UNRESOLVED,PASS,PASS,PASS,True,True,False,False,False,True
371,2025_game_39,2025-08-08 15:30:00-07:00,11,regular_season,False,RED,Redwoods,CAN,False,18,17,W,50,48,98,18.0,17.0,0.36,0.3541666666666667,0.36,0.3541666666666667,0.0058333333333333015,36.0,35.416666666666664,0.5833333333333302,41,29,18,18.0,0.43902439024390244,0.7073170731707317,0.6206896551724138,0.43902439024390244,0.36,0.82,0.58,4,0,0,0,37,18,18,0.0975609756097561,0.0,0.4864864864864865,0.0,0.0,3,0.06,18,18,0,10.0,11,20,0.36,0.36,0.2,0.4166666666666667,38,22,16,0.5789473684210527,22,0,22.0,0.44,3,3,2,0.6666666666666666,0.6666666666666666,2,2.0,0.6666666666666666,0,2,1,0.5,36,37,1,0.3673469387755102,39,27,16,17,1,7,10,10.0,0.0,0.38462,0.37037037037037035,0.5925925925925926,2,2,1.0,9,9,0,0.18,34,34,26,1115.0,1115.0,1,49,28,22.755102040816325,18.0,26.785714285714285,24.5,1463,0.50799,0.7621326042378674,14,14,0.28,UNRESOLVED,UNRESOLVED,PASS,PASS,PASS,True,True,False,False,False,True
372,2025_game_40,2025-08-08 18:00:00-07:00,11,regular_season,False,ARC,Archers,CHA,True,11,10,W,43,53,96,11.0,10.0,0.2558139534883721,0.18867924528301888,0.2558139534883721,0.18867924528301888,0.06713470820535322,25.58139534883721,18.867924528301888,6.713470820535322,37,20,10,11.0,0.2702702702702703,0.5405405405405406,0.5,0.2972972972972973,0.23255813953488372,0.8604651162790697,0.46511627906976744,9,4,1,2,28,9,9,0.24324324324324326,0.1111111111111111,0.32142857142857145,0.18181818181818182,0.2222222222222222,8,0.18604651162790697,14,15,1,14.0,7,24,0.32558139534883723,0.32558139534883723,0.32558139534883723,0.4528301886792453,24,4,20,0.16666666666666666,4,0,4.0,0.09302325581395349,1,0,0,,0.0,0,0.0,0.0,0,1,0,0.0,27,30,3,0.28125,47,27,10,10,0,5,15,15.0,0.0,0.6,0.5555555555555556,0.37037037037037035,1,1,1.0,1,1,0,0.023255813953488372,35,35,39,976.0,948.0,3,40,16,23.7,18.0,26.6875,22.5,1263,0.43854,0.7727632620744259,18,24,0.4186046511627907,KNOWN_DATA_ISSUE,UNRESOLVED,PASS,UNRESOLVED,PASS,True,True,False,True,False,True
372,2025_game_40,2025-08-08 18:00:00-07:00,11,regular_season,False,CHA,Chaos,ARC,False,10,11,L,53,43,96,10.0,11.0,0.18867924528301888,0.2558139534883721,0.18867924528301888,0.2558139534883721,-0.06713470820535322,18.867924528301888,25.58139534883721,-6.713470820535322,47,27,10,10.0,0.2127659574468085,0.574468085106383,0.37037037037037035,0.2127659574468085,0.18867924528301888,0.8867924528301887,0.5094339622641509,5,2,0,0,42,10,10,0.10638297872340426,0.0,0.23809523809523808,0.0,0.0,5,0.09433962264150944,24,25,1,19.0,5,14,0.4528301886792453,0.4528301886792453,0.3584905660377358,0.32558139534883723,24,20,4,0.8333333333333334,20,0,20.0,0.37735849056603776,1,0,0,,0.0,0,0.0,0.0,0,1,0,0.0,43,43,0,0.4479166666666667,37,20,10,11,1,9,10,9.0,-1.0,0.5,0.5,0.5,2,2,1.5,6,6,0,0.11320754716981132,39,39,35,1244.0,1242.0,1,52,23,23.884615384615383,23.5,31.608695652173914,31.0,1470,0.51042,0.8462585034013606,24,18,0.4528301886792453,KNOWN_DATA_ISSUE,UNRESOLVED,PASS,UNRESOLVED,PASS,True,True,False,True,False,True
373,2025_game_41,2025-08-09 10:00:00-07:00,11,regular_season,False,ATL,Atlas,WAT,True,20,19,W,53,45,98,20.0,19.0,0.37735849056603776,0.4222222222222222,0.37735849056603776,0.4222222222222222,-0.04486373165618446,37.735849056603776,42.22222222222222,-4.486373165618446,49,29,18,20.0,0.3673469387755102,0.5918367346938775,0.6206896551724138,0.40816326530612246,0.33962264150943394,0.9245283018867925,0.5471698113207547,7,3,2,4,42,16,16,0.14285714285714285,0.2857142857142857,0.38095238095238093,0.2,0.5714285714285714,7,0.1320754716981132,22,22,0,19.0,8,19,0.41509433962264153,0.41509433962264153,0.3584905660377358,0.4222222222222222,38,27,10,0.7105263157894737,27,0,27.0,0.5094339622641509,3,5,1,0.2,0.3333333333333333,1,1.0,0.3333333333333333,0,4,1,0.25,40,39,-1,0.40816326530612246,41,28,17,19,2,6,11,11.0,0.0,0.39286,0.39285714285714285,0.6071428571428571,4,4,3.0,3,3,0,0.05660377358490566,35,35,34,1052.0,1052.0,1,52,35,20.23076923076923,16.0,21.914285714285715,20.0,1326,0.46042,0.7933634992458521,12,12,0.22641509433962265,UNRESOLVED,KNOWN_DATA_ISSUE,PASS,PASS,PASS,True,True,False,False,False,True
373,2025_game_41,2025-08-09 10:00:00-07:00,11,regular_season,False,WAT,Waterdogs,ATL,False,19,20,L,45,53,98,19.0,20.0,0.4222222222222222,0.37735849056603776,0.4222222222222222,0.37735849056603776,0.04486373165618446,42.22222222222222,37.735849056603776,4.486373165618446,41,28,17,19.0,0.4146341463414634,0.6829268292682927,0.6071428571428571,0.4634146341463415,0.37777777777777777,0.9111111111111111,0.6222222222222222,6,3,2,4,35,15,15,0.14634146341463414,0.3333333333333333,0.42857142857142855,0.21052631578947367,0.6666666666666666,6,0.13333333333333333,19,20,1,17.0,11,22,0.4222222222222222,0.4222222222222222,0.37777777777777777,0.41509433962264153,38,10,27,0.2631578947368421,10,0,10.0,0.2222222222222222,4,3,1,0.3333333333333333,0.25,1,1.0,0.25,0,3,1,0.3333333333333333,32,32,0,0.32653061224489793,49,29,18,20,2,7,10,10.0,0.0,0.35714,0.3448275862068966,0.6206896551724138,4,4,3.0,3,3,0,0.06666666666666667,34,34,35,850.0,850.0,0,45,26,18.88888888888889,19.0,23.884615384615383,21.0,1268,0.44028,0.6703470031545742,12,12,0.26666666666666666,UNRESOLVED,KNOWN_DATA_ISSUE,PASS,PASS,PASS,True,True,False,False,False,True
374,2025_game_42,2025-08-09 16:00:00-07:00,11,regular_season,False,CAN,Cannons,WHP,True,8,15,L,35,43,78,8.0,15.0,0.22857142857142856,0.3488372093023256,0.22857142857142856,0.3488372093023256,-0.12026578073089703,22.857142857142858,34.883720930232556,-12.026578073089702,34,21,8,8.0,0.23529411764705882,0.6176470588235294,0.38095238095238093,0.23529411764705882,0.22857142857142856,0.9714285714285714,0.6,10,6,0,0,24,8,8,0.29411764705882354,0.0,0.3333333333333333,0.0,0.0,9,0.2571428571428571,13,14,1,10.0,3,14,0.37142857142857144,0.37142857142857144,0.2857142857142857,0.32558139534883723,27,11,16,0.4074074074074074,11,0,11.0,0.3142857142857143,4,4,1,0.25,0.25,1,1.0,0.25,0,1,0,0.0,20,20,0,0.2564102564102564,39,27,15,15,0,1,11,11.0,0.0,0.42308,0.4074074074074074,0.5555555555555556,1,1,0.5,4,4,0,0.11428571428571428,24,25,32,880.0,845.0,1,34,15,24.852941176470587,16.0,25.733333333333334,24.0,1235,0.42882,0.7125506072874493,15,18,0.42857142857142855,UNRESOLVED,UNRESOLVED,PASS,PASS,PASS,True,True,False,False,False,True
374,2025_game_42,2025-08-09 16:00:00-07:00,11,regular_season,False,WHP,Whipsnakes,CAN,False,15,8,W,43,35,78,15.0,8.0,0.3488372093023256,0.22857142857142856,0.3488372093023256,0.22857142857142856,0.12026578073089703,34.883720930232556,22.857142857142858,12.026578073089702,39,27,15,15.0,0.38461538461538464,0.6923076923076923,0.5555555555555556,0.38461538461538464,0.3488372093023256,0.9069767441860465,0.627906976744186,1,1,0,0,38,15,15,0.02564102564102564,0.0,0.39473684210526316,0.0,0.0,1,0.023255813953488372,14,15,1,7.0,2,13,0.32558139534883723,0.32558139534883723,0.16279069767441862,0.37142857142857144,27,16,11,0.5925925925925926,16,0,16.0,0.37209302325581395,1,0,0,,0.0,0,0.0,0.0,0,4,1,0.25,32,33,1,0.41025641025641024,34,21,8,8,0,10,12,12.0,0.0,0.6,0.5714285714285714,0.38095238095238093,4,4,2.0,9,9,0,0.20930232558139536,32,32,25,1099.0,1007.0,2,41,18,24.5609756097561,23.0,28.88888888888889,28.5,1478,0.51319,0.7435723951285521,18,15,0.4186046511627907,UNRESOLVED,UNRESOLVED,PASS,PASS,PASS,True,True,False,False,False,True
375,2025_quarterfinal_1,2025-08-23 15:00:00-07:00,12,playoffs,True,WAT,Waterdogs,WHP,False,14,12,W,43,42,85,14.0,12.0,0.32558139534883723,0.2857142857142857,0.32558139534883723,0.2857142857142857,0.039867109634551534,32.55813953488372,28.571428571428573,3.9867109634551534,41,29,14,14.0,0.34146341463414637,0.7073170731707317,0.4827586206896552,0.34146341463414637,0.32558139534883723,0.9534883720930233,0.6744186046511628,2,1,0,0,39,14,14,0.04878048780487805,0.0,0.358974358974359,0.0,0.0,2,0.046511627906976744,19,19,0,15.0,11,21,0.4418604651162791,0.4418604651162791,0.3488372093023256,0.5,29,13,16,0.4482758620689655,13,0,13.0,0.3023255813953488,1,1,1,1.0,1.0,1,1.0,1.0,0,1,1,1.0,38,38,0,0.4470588235294118,39,25,11,12,1,4,11,11.0,0.0,0.5,0.44,0.44,1,1,2.0,4,4,0,0.09302325581395349,27,28,27,967.0,960.0,2,41,23,23.414634146341463,19.0,25.956521739130434,23.0,1257,0.43646,0.7692919649960223,12,12,0.27906976744186046,PASS,PASS,PASS,PASS,PASS,False,False,False,False,False,False
375,2025_quarterfinal_1,2025-08-23 15:00:00-07:00,12,playoffs,True,WHP,Whipsnakes,WAT,True,12,14,L,42,43,85,12.0,14.0,0.2857142857142857,0.32558139534883723,0.2857142857142857,0.32558139534883723,-0.039867109634551534,28.571428571428573,32.55813953488372,-3.9867109634551534,39,25,11,12.0,0.28205128205128205,0.6410256410256411,0.44,0.3076923076923077,0.2619047619047619,0.9285714285714286,0.5952380952380952,4,3,1,2,35,10,10,0.10256410256410256,0.25,0.2857142857142857,0.16666666666666666,0.5,4,0.09523809523809523,21,21,0,17.0,11,19,0.5,0.5,0.40476190476190477,0.4418604651162791,29,16,13,0.5517241379310345,16,0,16.0,0.38095238095238093,1,3,1,0.3333333333333333,1.0,1,1.0,1.0,0,1,1,1.0,34,34,0,0.4,41,29,14,14,0,2,13,13.0,0.0,0.48148,0.4482758620689655,0.4827586206896552,1,1,0.5,3,3,0,0.07142857142857142,26,27,28,1014.0,1014.0,1,41,22,24.73170731707317,12.0,23.363636363636363,17.5,1286,0.44653,0.7884914463452566,12,12,0.2857142857142857,PASS,PASS,PASS,PASS,PASS,False,False,False,False,False,False
376,2025_quarterfinal_2,2025-08-23 17:30:00-07:00,12,playoffs,True,CHA,Chaos,RED,False,12,14,L,47,44,91,12.0,14.0,0.2553191489361702,0.3181818181818182,0.2553191489361702,0.3181818181818182,-0.06286266924564798,25.53191489361702,31.818181818181817,-6.286266924564798,43,31,12,12.0,0.27906976744186046,0.7209302325581395,0.3870967741935484,0.27906976744186046,0.2553191489361702,0.9148936170212766,0.6595744680851063,3,1,0,0,40,12,12,0.06976744186046512,0.0,0.3,0.0,0.0,3,0.06382978723404255,12,13,1,10.0,4,18,0.2553191489361702,0.2553191489361702,0.2127659574468085,0.4090909090909091,29,15,14,0.5172413793103449,15,0,15.0,0.3191489361702128,5,5,2,0.4,0.4,2,2.0,0.4,0,4,0,0.0,31,32,1,0.34065934065934067,43,23,13,14,1,4,10,10.0,0.0,0.43478,0.43478260869565216,0.5652173913043478,3,3,3.0,3,3,0,0.06382978723404255,31,32,31,1074.0,1074.0,1,46,21,23.347826086956523,19.0,21.476190476190474,21.0,1349,0.4684,0.7961452928094885,20,18,0.425531914893617,KNOWN_DATA_ISSUE,UNRESOLVED,PASS,PASS,PASS,True,True,False,False,False,True
376,2025_quarterfinal_2,2025-08-23 17:30:00-07:00,12,playoffs,True,RED,Redwoods,CHA,True,14,12,W,44,47,91,14.0,12.0,0.3181818181818182,0.2553191489361702,0.3181818181818182,0.2553191489361702,0.06286266924564798,31.818181818181817,25.53191489361702,6.286266924564798,43,23,13,14.0,0.3023255813953488,0.5348837209302325,0.5652173913043478,0.32558139534883723,0.29545454545454547,0.9772727272727273,0.5227272727272727,4,2,1,2,39,12,12,0.09302325581395349,0.25,0.3076923076923077,0.14285714285714285,0.5,4,0.09090909090909091,18,18,0,10.0,5,12,0.4090909090909091,0.4090909090909091,0.22727272727272727,0.2553191489361702,29,14,15,0.4827586206896552,14,0,14.0,0.3181818181818182,4,2,0,0.0,0.0,0,0.0,0.0,0,5,2,0.4,25,25,0,0.27472527472527475,43,31,12,12,0,3,18,18.0,0.0,0.6,0.5806451612903226,0.3870967741935484,5,5,3.0,8,8,0,0.18181818181818182,31,31,32,974.0,955.0,2,42,21,22.738095238095237,17.0,31.238095238095237,30.0,1273,0.44201,0.7651217596229379,18,20,0.4090909090909091,KNOWN_DATA_ISSUE,UNRESOLVED,PASS,PASS,PASS,True,True,False,False,False,True
379,2025_semifinal_1,2025-09-01 12:00:00-07:00,13,playoffs,True,OUT,Outlaws,RED,True,12,7,W,39,35,74,12.0,7.0,0.3076923076923077,0.2,0.3076923076923077,0.2,0.1076923076923077,30.76923076923077,20.0,10.76923076923077,43,28,11,12.0,0.2558139534883721,0.6511627906976745,0.39285714285714285,0.27906976744186046,0.28205128205128205,1.1025641025641026,0.717948717948718,13,9,1,2,30,10,10,0.3023255813953488,0.07692307692307693,0.3333333333333333,0.16666666666666666,0.15384615384615385,12,0.3076923076923077,12,12,0,9.0,5,18,0.3076923076923077,0.3076923076923077,0.23076923076923078,0.5142857142857142,20,11,9,0.55,11,0,11.0,0.28205128205128205,4,3,1,0.3333333333333333,0.25,1,1.0,0.25,0,1,1,1.0,21,21,0,0.28378378378378377,34,18,6,7,1,6,11,11.0,0.0,0.64706,0.6111111111111112,0.3333333333333333,1,1,0.5,4,4,0,0.10256410256410256,27,27,29,996.0,995.0,2,37,23,26.89189189189189,23.0,30.434782608695652,23.0,1296,0.45016,0.7685185185185185,13,12,0.3333333333333333,PASS,PASS,PASS,PASS,PASS,False,False,False,False,False,False
379,2025_semifinal_1,2025-09-01 12:00:00-07:00,13,playoffs,True,RED,Redwoods,OUT,False,7,12,L,35,39,74,7.0,12.0,0.2,0.3076923076923077,0.2,0.3076923076923077,-0.1076923076923077,20.0,30.76923076923077,-10.76923076923077,34,18,6,7.0,0.17647058823529413,0.5294117647058824,0.3333333333333333,0.20588235294117646,0.17142857142857143,0.9714285714285714,0.5142857142857142,6,5,1,2,28,5,5,0.17647058823529413,0.16666666666666666,0.17857142857142858,0.2857142857142857,0.3333333333333333,6,0.17142857142857143,18,18,0,9.0,4,12,0.5142857142857142,0.5142857142857142,0.2571428571428571,0.3076923076923077,20,9,11,0.45,9,0,9.0,0.2571428571428571,1,1,1,1.0,1.0,1,1.0,1.0,0,4,1,0.25,26,26,0,0.35135135135135137,43,28,11,12,1,13,16,16.0,0.0,0.59259,0.5714285714285714,0.39285714285714285,3,3,2.0,9,9,0,0.2571428571428571,28,29,27,1035.0,979.0,1,34,18,28.794117647058822,25.0,34.0,34.0,1440,0.50017,0.71875,12,13,0.34285714285714286,PASS,PASS,PASS,PASS,PASS,False,False,False,False,False,False
380,2025_semifinal_2,2025-09-01 09:00:00-07:00,13,playoffs,True,ATL,Atlas,WAT,True,13,11,W,42,37,79,13.0,11.0,0.30952380952380953,0.2972972972972973,0.30952380952380953,0.2972972972972973,0.01222651222651222,30.952380952380953,29.72972972972973,1.222651222651222,40,27,13,13.0,0.325,0.675,0.48148148148148145,0.325,0.30952380952380953,0.9523809523809523,0.6428571428571429,7,4,0,0,33,13,13,0.175,0.0,0.3939393939393939,0.0,0.0,6,0.14285714285714285,19,19,0,9.0,3,9,0.4523809523809524,0.4523809523809524,0.21428571428571427,0.24324324324324326,25,15,10,0.6,15,0,15.0,0.35714285714285715,5,5,2,0.4,0.4,2,2.0,0.4,0,4,1,0.25,31,31,0,0.3924050632911392,41,29,8,11,3,8,18,18.0,0.0,0.69231,0.6206896551724138,0.27586206896551724,4,4,2.5,10,10,0,0.23809523809523808,29,29,29,923.0,917.0,2,40,22,22.925,20.0,32.18181818181818,28.0,1285,0.44618,0.7182879377431907,15,15,0.35714285714285715,PASS,PASS,PASS,PASS,PASS,False,False,False,False,False,False
380,2025_semifinal_2,2025-09-01 09:00:00-07:00,13,playoffs,True,WAT,Waterdogs,ATL,False,11,13,L,37,42,79,11.0,13.0,0.2972972972972973,0.30952380952380953,0.2972972972972973,0.30952380952380953,-0.01222651222651222,29.72972972972973,30.952380952380953,-1.222651222651222,41,29,8,11.0,0.1951219512195122,0.7073170731707317,0.27586206896551724,0.2682926829268293,0.21621621621621623,1.1081081081081081,0.7837837837837838,8,8,3,6,33,5,5,0.1951219512195122,0.375,0.15151515151515152,0.5454545454545454,0.75,8,0.21621621621621623,9,9,0,7.0,5,19,0.24324324324324326,0.24324324324324326,0.1891891891891892,0.4523809523809524,25,10,15,0.4,10,0,10.0,0.2702702702702703,4,5,1,0.2,0.25,1,1.0,0.25,0,5,2,0.4,27,27,0,0.34177215189873417,40,27,13,13,0,7,8,8.0,0.0,0.38095,0.2962962962962963,0.48148148148148145,5,5,3.0,2,2,0,0.05405405405405406,29,29,29,1047.0,1032.0,2,35,16,29.485714285714284,24.0,22.25,13.5,1312,0.45556,0.7980182926829268,15,15,0.40540540540540543,PASS,PASS,PASS,PASS,PASS,False,False,False,False,False,False
381,2025_championship_game,2025-09-14 09:30:00-07:00,14,playoffs,True,ATL,Atlas,OUT,False,14,13,W,52,43,95,14.0,13.0,0.2692307692307692,0.3023255813953488,0.2692307692307692,0.3023255813953488,-0.0330948121645796,26.923076923076923,30.232558139534884,-3.30948121645796,46,28,14,14.0,0.30434782608695654,0.6086956521739131,0.5,0.30434782608695654,0.2692307692307692,0.8846153846153846,0.5384615384615384,3,0,0,0,43,14,14,0.06521739130434782,0.0,0.32558139534883723,0.0,0.0,3,0.057692307692307696,14,16,2,11.0,4,15,0.2692307692307692,0.2692307692307692,0.21153846153846154,0.3488372093023256,31,22,9,0.7096774193548387,22,0,22.0,0.4230769230769231,0,0,0,,,0,0.0,,0,2,0,0.0,37,37,0,0.3894736842105263,47,30,13,13,0,4,15,15.0,0.0,0.53571,0.5,0.43333333333333335,2,2,1.0,5,5,0,0.09615384615384616,33,33,32,1175.0,1175.0,2,50,30,23.5,14.0,23.3,15.0,1340,0.46528,0.8768656716417911,16,17,0.3076923076923077,UNRESOLVED,UNRESOLVED,PASS,PASS,PASS,True,True,False,False,False,True
381,2025_championship_game,2025-09-14 09:30:00-07:00,14,playoffs,True,OUT,Outlaws,ATL,True,13,14,L,43,52,95,13.0,14.0,0.3023255813953488,0.2692307692307692,0.3023255813953488,0.2692307692307692,0.0330948121645796,30.232558139534884,26.923076923076923,3.30948121645796,47,30,13,13.0,0.2765957446808511,0.6382978723404256,0.43333333333333335,0.2765957446808511,0.3023255813953488,1.0930232558139534,0.6976744186046512,4,3,0,0,43,13,13,0.0851063829787234,0.0,0.3023255813953488,0.0,0.0,4,0.09302325581395349,15,15,0,12.0,4,14,0.3488372093023256,0.3488372093023256,0.27906976744186046,0.2692307692307692,31,9,22,0.2903225806451613,9,0,9.0,0.20930232558139536,2,1,0,0.0,0.0,0,0.0,0.0,0,0,0,,25,26,1,0.2631578947368421,46,28,14,14,0,3,11,11.0,0.0,0.44,0.39285714285714285,0.5,0,0,0.0,3,3,0,0.06976744186046512,30,32,33,911.0,911.0,1,42,22,21.69047619047619,14.5,23.272727272727273,18.0,1264,0.43889,0.7207278481012658,17,16,0.3953488372093023,UNRESOLVED,UNRESOLVED,PASS,PASS,PASS,True,True,False,False,False,True
