season,player_id,team_id,aggregation_level,player_name,positions,games_played,shots,a2,g2,p2,team_a2_in_appearances,two_point_attempt_rate,two_point_conversion_pct,two_point_shooting_value,team_two_point_attempt_share
2024,000201,ALL,SEASON,Adam Ghitelman,G,3,0,0,0,0.280991735537,38,,,,0
2024,000201,CAN,STINT,Adam Ghitelman,G,3,0,0,0,0.280991735537,38,,,,0
2024,000216,ALL,SEASON,Marcus Holman,F,5,41,15,7,0.280991735537,57,0.365853658537,0.466666666667,5.57024793388,0.263157894737
2024,000216,CAN,STINT,Marcus Holman,F,5,41,15,7,0.280991735537,57,0.365853658537,0.466666666667,5.57024793388,0.263157894737
2024,000221,ALL,SEASON,Ryan Ambler,F,4,21,7,2,0.280991735537,51,0.333333333333,0.285714285714,0.0661157024793,0.137254901961
2024,000221,ARC,STINT,Ryan Ambler,F,4,21,7,2,0.280991735537,51,0.333333333333,0.285714285714,0.0661157024793,0.137254901961
2024,000240,ALL,SEASON,Kieran McArdle,F,5,39,9,6,0.280991735537,74,0.230769230769,0.666666666667,6.94214876033,0.121621621622
2024,000240,WAT,STINT,Kieran McArdle,F,5,39,9,6,0.280991735537,74,0.230769230769,0.666666666667,6.94214876033,0.121621621622
2024,000305,ALL,SEASON,Romar Dennis,F,4,34,26,4,0.280991735537,60,0.764705882353,0.153846153846,-6.61157024793,0.433333333333
2024,000305,RED,STINT,Romar Dennis,F,4,34,26,4,0.280991735537,60,0.764705882353,0.153846153846,-6.61157024793,0.433333333333
2024,000315,ALL,SEASON,Garrett Epple,F,2,4,1,1,0.280991735537,24,0.25,1,1.43801652893,0.0416666666667
2024,000315,RED,STINT,Garrett Epple,F,2,4,1,1,0.280991735537,24,0.25,1,1.43801652893,0.0416666666667
2024,000318,ALL,SEASON,Jack Kelly,G,4,1,1,0,0.280991735537,60,1,0,-0.561983471074,0.0166666666667
2024,000318,RED,STINT,Jack Kelly,G,4,1,1,0,0.280991735537,60,1,0,-0.561983471074,0.0166666666667
2024,000327,ALL,SEASON,Matt Kavanagh,F,5,28,2,0,0.280991735537,57,0.0714285714286,0,-1.12396694215,0.0350877192982
2024,000327,CAN,STINT,Matt Kavanagh,F,5,28,2,0,0.280991735537,57,0.0714285714286,0,-1.12396694215,0.0350877192982
2024,000333,ALL,SEASON,Sergio Perkovic,F,4,23,12,2,0.280991735537,60,0.521739130435,0.166666666667,-2.74380165289,0.2
2024,000333,RED,STINT,Sergio Perkovic,F,4,23,12,2,0.280991735537,60,0.521739130435,0.166666666667,-2.74380165289,0.2
2024,000351,ALL,SEASON,Jules Heningburg,F,4,17,3,0,0.280991735537,60,0.176470588235,0,-1.68595041322,0.05
2024,000351,RED,STINT,Jules Heningburg,F,4,17,3,0,0.280991735537,60,0.176470588235,0,-1.68595041322,0.05
2024,000358,ALL,SEASON,Ryan Drenner,F,5,28,2,0,0.280991735537,57,0.0714285714286,0,-1.12396694215,0.0350877192982
2024,000358,CAN,STINT,Ryan Drenner,F,5,28,2,0,0.280991735537,57,0.0714285714286,0,-1.12396694215,0.0350877192982
2024,000363,ALL,SEASON,Ryan Conrad,F,5,35,11,3,0.280991735537,74,0.314285714286,0.272727272727,-0.181818181818,0.148648648649
2024,000363,WAT,STINT,Ryan Conrad,F,5,35,11,3,0.280991735537,74,0.314285714286,0.272727272727,-0.181818181818,0.148648648649
2024,000370,ALL,SEASON,Tim Troutner,G,4,0,0,0,0.280991735537,60,,,,0
2024,000370,RED,STINT,Tim Troutner,G,4,0,0,0,0.280991735537,60,,,,0
2024,000397,ALL,SEASON,Reece Eddy,F,4,3,0,0,0.280991735537,51,0,,,0
2024,000397,ARC,STINT,Reece Eddy,F,4,3,0,0,0.280991735537,51,0,,,0
2024,000408,ALL,SEASON,Matt DeLuca,G,5,1,1,0,0.280991735537,74,1,0,-0.561983471074,0.0135135135135
2024,000408,WAT,STINT,Matt DeLuca,G,5,1,1,0,0.280991735537,74,1,0,-0.561983471074,0.0135135135135
2024,000414,ALL,SEASON,Rob Pannell,F,4,19,2,1,0.280991735537,60,0.105263157895,0.5,0.876033057851,0.0333333333333
2024,000414,RED,STINT,Rob Pannell,F,4,19,2,1,0.280991735537,60,0.105263157895,0.5,0.876033057851,0.0333333333333
2024,000700,ALL,SEASON,Tommy Palasek,F,1,8,1,0,0.280991735537,13,0.125,0,-0.561983471074,0.0769230769231
2024,000700,ARC,STINT,Tommy Palasek,F,1,8,1,0,0.280991735537,13,0.125,0,-0.561983471074,0.0769230769231
2024,001686,ALL,SEASON,Nate Solomon,F,4,22,3,1,0.280991735537,51,0.136363636364,0.333333333333,0.314049586777,0.0588235294118
2024,001686,ARC,STINT,Nate Solomon,F,4,22,3,1,0.280991735537,51,0.136363636364,0.333333333333,0.314049586777,0.0588235294118
2024,001729,ALL,SEASON,Chris Aslanian,F,5,17,9,0,0.280991735537,57,0.529411764706,0,-5.05785123967,0.157894736842
2024,001729,CAN,STINT,Chris Aslanian,F,5,17,9,0,0.280991735537,57,0.529411764706,0,-5.05785123967,0.157894736842
2024,001733,ALL,SEASON,Charlie Hayes,F,5,2,0,0,0.280991735537,74,0,,,0
2024,001733,WAT,STINT,Charlie Hayes,F,5,2,0,0,0.280991735537,74,0,,,0
2024,001760,ALL,SEASON,Pat Aslanian,F,5,8,3,0,0.280991735537,57,0.375,0,-1.68595041322,0.0526315789474
2024,001760,CAN,STINT,Pat Aslanian,F,5,8,3,0,0.280991735537,57,0.375,0,-1.68595041322,0.0526315789474
2024,001773,ALL,SEASON,Nick Washuta,G,4,1,1,0,0.280991735537,51,1,0,-0.561983471074,0.0196078431373
2024,001773,ARC,STINT,Nick Washuta,G,4,1,1,0,0.280991735537,51,1,0,-0.561983471074,0.0196078431373
2024,001795,ALL,SEASON,Christian Scarpello,F,5,7,1,0,0.280991735537,74,0.142857142857,0,-0.561983471074,0.0135135135135
2024,001795,WAT,STINT,Christian Scarpello,F,5,7,1,0,0.280991735537,74,0.142857142857,0,-0.561983471074,0.0135135135135
2024,001810,ALL,SEASON,Michael Sowers,F,5,31,9,2,0.280991735537,74,0.290322580645,0.222222222222,-1.05785123967,0.121621621622
2024,001810,WAT,STINT,Michael Sowers,F,5,31,9,2,0.280991735537,74,0.290322580645,0.222222222222,-1.05785123967,0.121621621622
2024,001818,ALL,SEASON,Jake Carraway,F,5,32,25,7,0.280991735537,74,0.78125,0.28,-0.0495867768595,0.337837837838
2024,001818,WAT,STINT,Jake Carraway,F,5,32,25,7,0.280991735537,74,0.78125,0.28,-0.0495867768595,0.337837837838
2024,001824,ALL,SEASON,Ryan Tierney,F,4,12,2,1,0.280991735537,60,0.166666666667,0.5,0.876033057851,0.0333333333333
2024,001824,RED,STINT,Ryan Tierney,F,4,12,2,1,0.280991735537,60,0.166666666667,0.5,0.876033057851,0.0333333333333
2024,001843,ALL,SEASON,Cole Williams,F,2,10,2,0,0.280991735537,27,0.2,0,-1.12396694215,0.0740740740741
2024,001843,ARC,STINT,Cole Williams,F,2,10,2,0,0.280991735537,27,0.2,0,-1.12396694215,0.0740740740741
2024,002001,ALL,SEASON,Kevin Rogers,F,4,18,4,1,0.280991735537,60,0.222222222222,0.25,-0.247933884298,0.0666666666667
2024,002001,RED,STINT,Kevin Rogers,F,4,18,4,1,0.280991735537,60,0.222222222222,0.25,-0.247933884298,0.0666666666667
2024,002018,ALL,SEASON,Matt Moore,F,3,21,13,2,0.280991735537,38,0.619047619048,0.153846153846,-3.30578512397,0.342105263158
2024,002018,ARC,STINT,Matt Moore,F,3,21,13,2,0.280991735537,38,0.619047619048,0.153846153846,-3.30578512397,0.342105263158
2024,002024,ALL,SEASON,Asher Nolting,F,5,34,4,2,0.280991735537,57,0.117647058824,0.5,1.7520661157,0.0701754385965
2024,002024,CAN,STINT,Asher Nolting,F,5,34,4,2,0.280991735537,57,0.117647058824,0.5,1.7520661157,0.0701754385965
2024,002025,ALL,SEASON,Bubba Fairman,F,5,9,1,1,0.280991735537,57,0.111111111111,1,1.43801652893,0.0175438596491
2024,002025,CAN,STINT,Bubba Fairman,F,5,9,1,1,0.280991735537,57,0.111111111111,1,1.43801652893,0.0175438596491
2024,002033,ALL,SEASON,Nakeie Montgomery,F,4,19,3,0,0.280991735537,60,0.157894736842,0,-1.68595041322,0.05
2024,002033,RED,STINT,Nakeie Montgomery,F,4,19,3,0,0.280991735537,60,0.157894736842,0,-1.68595041322,0.05
2024,002036,ALL,SEASON,Jake Higgins,F,5,4,0,0,0.280991735537,74,0,,,0
2024,002036,WAT,STINT,Jake Higgins,F,5,4,0,0,0.280991735537,74,0,,,0
2024,002038,ALL,SEASON,Colin Kirst,G,5,0,0,0,0.280991735537,57,,,,0
2024,002038,CAN,STINT,Colin Kirst,G,5,0,0,0,0.280991735537,57,,,,0
2024,002042,ALL,SEASON,Jon Robbins,F,4,0,0,0,0.280991735537,51,,,,0
2024,002042,ARC,STINT,Jon Robbins,F,4,0,0,0,0.280991735537,51,,,,0
2024,002043,ALL,SEASON,Ryan Aughavin,F,2,11,6,1,0.280991735537,27,0.545454545455,0.166666666667,-1.37190082645,0.222222222222
2024,002043,ARC,STINT,Ryan Aughavin,F,2,11,6,1,0.280991735537,27,0.545454545455,0.166666666667,-1.37190082645,0.222222222222
2024,003005,ALL,SEASON,Connor Maher,F,4,9,5,2,0.280991735537,51,0.555555555556,0.4,1.19008264463,0.0980392156863
2024,003005,ARC,STINT,Connor Maher,F,4,9,5,2,0.280991735537,51,0.555555555556,0.4,1.19008264463,0.0980392156863
2024,003006,ALL,SEASON,Piper Bond,F,4,13,0,0,0.280991735537,51,0,,,0
2024,003006,ARC,STINT,Piper Bond,F,4,13,0,0,0.280991735537,51,0,,,0
2024,003012,ALL,SEASON,Kyle Long,F,2,3,0,0,0.280991735537,36,0,,,0
2024,003012,RED,STINT,Kyle Long,F,2,3,0,0,0.280991735537,36,0,,,0
2024,003013,ALL,SEASON,Matt Campbell,F,5,39,16,7,0.280991735537,57,0.410256410256,0.4375,5.00826446281,0.280701754386
2024,003013,CAN,STINT,Matt Campbell,F,5,39,16,7,0.280991735537,57,0.410256410256,0.4375,5.00826446281,0.280701754386
2024,003024,ALL,SEASON,Brian Tevlin,F,4,10,3,2,0.280991735537,60,0.3,0.666666666667,2.31404958678,0.05
2024,003024,RED,STINT,Brian Tevlin,F,4,10,3,2,0.280991735537,60,0.3,0.666666666667,2.31404958678,0.05
2024,003041,ALL,SEASON,Ethan Rall,F,5,3,0,0,0.280991735537,57,0,,,0
2024,003041,CAN,STINT,Ethan Rall,F,5,3,0,0,0.280991735537,57,0,,,0
2024,003043,ALL,SEASON,Josh Stout,F,5,14,5,0,0.280991735537,57,0.357142857143,0,-2.80991735537,0.0877192982456
2024,003043,CAN,STINT,Josh Stout,F,5,14,5,0,0.280991735537,57,0.357142857143,0,-2.80991735537,0.0877192982456
2024,003052,ALL,SEASON,Kyle Borda,F,5,13,8,3,0.280991735537,74,0.615384615385,0.375,1.5041322314,0.108108108108
2024,003052,WAT,STINT,Kyle Borda,F,5,13,8,3,0.280991735537,74,0.615384615385,0.375,1.5041322314,0.108108108108
2024,003054,ALL,SEASON,Jeff Conner,F,5,15,3,2,0.280991735537,74,0.2,0.666666666667,2.31404958678,0.0405405405405
2024,003054,WAT,STINT,Jeff Conner,F,5,15,3,2,0.280991735537,74,0.2,0.666666666667,2.31404958678,0.0405405405405
2024,003055,ALL,SEASON,Jack Traynor,F,5,23,7,3,0.280991735537,74,0.304347826087,0.428571428571,2.06611570248,0.0945945945946
2024,003055,WAT,STINT,Jack Traynor,F,5,23,7,3,0.280991735537,74,0.304347826087,0.428571428571,2.06611570248,0.0945945945946
2024,003062,ALL,SEASON,Jason Rose,G,1,0,0,0,0.280991735537,14,,,,0
2024,003062,WAT,STINT,Jason Rose,G,1,0,0,0,0.280991735537,14,,,,0
2024,003069,ALL,SEASON,Ricky Miezan,F,2,9,3,1,0.280991735537,24,0.333333333333,0.333333333333,0.314049586777,0.125
2024,003069,RED,STINT,Ricky Miezan,F,2,9,3,1,0.280991735537,24,0.333333333333,0.333333333333,0.314049586777,0.125
2024,003070,ALL,SEASON,Ronan Jacoby,F,4,29,6,3,0.280991735537,51,0.206896551724,0.5,2.62809917355,0.117647058824
2024,003070,ARC,STINT,Ronan Jacoby,F,4,29,6,3,0.280991735537,51,0.206896551724,0.5,2.62809917355,0.117647058824
2024,003071,ALL,SEASON,Patrick Burkinshaw,G,2,0,0,0,0.280991735537,27,,,,0
2024,003071,ARC,STINT,Patrick Burkinshaw,G,2,0,0,0,0.280991735537,27,,,,0
2024,003072,ALL,SEASON,Kevin Winkoff,F,2,13,7,1,0.280991735537,24,0.538461538462,0.142857142857,-1.93388429752,0.291666666667
2024,003072,ARC,STINT,Kevin Winkoff,F,2,13,7,1,0.280991735537,24,0.538461538462,0.142857142857,-1.93388429752,0.291666666667
