season,game_id,team_id,opponent_team_id,possessions,points,defensive_possessions,points_allowed,shot_producing_possessions,multi_shot_possessions,ambiguous_possessions,measurable_possessions,measurable_seconds,defensive_measurable_possessions,defensive_measurable_seconds,official_points,score_residual,shots,a2,g2,shooting_points,official_turnovers,official_assists,official_goals,shot_clock_events
2024,234,CAN,RED,,,,,,,,,,,,25,,50,18,6,25,8,9,19,3
2024,234,RED,CAN,,,,,,,,,,,,26,,43,11,5,26,12,8,21,1
2024,235,ARC,WAT,,,,,,,,,,,,18,,42,13,3,18,8,2,15,1
2024,235,WAT,ARC,,,,,,,,,,,,21,,45,16,3,21,8,11,18,0
2024,236,RED,WAT,,,,,,,,,,,,14,,42,13,1,14,9,9,13,0
2024,236,WAT,RED,,,,,,,,,,,,20,,41,19,5,20,10,8,15,2
2024,237,ARC,CAN,,,,,,,,,,,,19,,41,14,3,19,14,6,16,0
2024,237,CAN,ARC,,,,,,,,,,,,26,,47,16,5,26,8,15,21,2
2024,238,ARC,RED,,,,,,,,,,,,16,,35,11,3,16,10,5,13,2
2024,238,RED,ARC,,,,,,,,,,,,18,,44,18,4,18,10,8,14,1
2024,239,CAN,WAT,,,,,,,,,,,,12,,36,4,0,12,10,5,12,2
2024,239,WAT,CAN,,,,,,,,,,,,22,,37,14,7,22,14,10,15,4
2024,240,CAN,RED,,,,,,,,,,,,23,,41,11,5,23,8,8,18,3
2024,240,RED,CAN,,,,,,,,,,,,15,,40,18,3,15,13,7,12,0
2024,241,ARC,WAT,,,,,,,,,,,,21,,43,13,3,21,8,6,18,0
2024,241,WAT,ARC,,,,,,,,,,,,27,,41,13,7,27,10,6,20,2
2024,242,CAN,WAT,,,,,,,,,,,,23,,47,8,1,23,7,5,22,0
2024,242,WAT,CAN,,,,,,,,,,,,22,,38,12,4,22,13,11,18,3
